country,country_code,year,life_expectancy_years,continent,yoy_change_years,change_last_10yr_years,rank_latest_year_x,rank_latest_year_y
Aruba,ABW,1960,64.049,America,,1.24,92,92
Aruba,ABW,1961,64.215,America,0.17,1.24,92,92
Aruba,ABW,1962,64.602,America,0.39,1.24,92,92
Aruba,ABW,1963,64.944,America,0.34,1.24,92,92
Aruba,ABW,1964,65.303,America,0.36,1.24,92,92
Aruba,ABW,1965,65.615,America,0.31,1.24,92,92
Aruba,ABW,1966,66.126,America,0.51,1.24,92,92
Aruba,ABW,1967,66.385,America,0.26,1.24,92,92
Aruba,ABW,1968,66.744,America,0.36,1.24,92,92
Aruba,ABW,1969,67.098,America,0.35,1.24,92,92
Aruba,ABW,1970,67.44,America,0.34,1.24,92,92
Aruba,ABW,1971,67.783,America,0.34,1.24,92,92
Aruba,ABW,1972,68.335,America,0.55,1.24,92,92
Aruba,ABW,1973,68.862,America,0.53,1.24,92,92
Aruba,ABW,1974,69.278,America,0.42,1.24,92,92
Aruba,ABW,1975,69.564,America,0.29,1.24,92,92
Aruba,ABW,1976,69.808,America,0.24,1.24,92,92
Aruba,ABW,1977,70.054,America,0.25,1.24,92,92
Aruba,ABW,1978,70.271,America,0.22,1.24,92,92
Aruba,ABW,1979,70.507,America,0.24,1.24,92,92
Aruba,ABW,1980,70.771,America,0.26,1.24,92,92
Aruba,ABW,1981,71.344,America,0.57,1.24,92,92
Aruba,ABW,1982,71.485,America,0.14,1.24,92,92
Aruba,ABW,1983,71.606,America,0.12,1.24,92,92
Aruba,ABW,1984,71.711,America,0.11,1.24,92,92
Aruba,ABW,1985,71.792,America,0.08,1.24,92,92
Aruba,ABW,1986,71.831,America,0.04,1.24,92,92
Aruba,ABW,1987,72.448,America,0.62,1.24,92,92
Aruba,ABW,1988,72.519,America,0.07,1.24,92,92
Aruba,ABW,1989,72.531,America,0.01,1.24,92,92
Aruba,ABW,1990,72.546,America,0.02,1.24,92,92
Aruba,ABW,1991,72.592,America,0.05,1.24,92,92
Aruba,ABW,1992,72.717,America,0.12,1.24,92,92
Aruba,ABW,1993,72.777,America,0.06,1.24,92,92
Aruba,ABW,1994,72.796,America,0.02,1.24,92,92
Aruba,ABW,1995,72.832,America,0.04,1.24,92,92
Aruba,ABW,1996,72.856,America,0.02,1.24,92,92
Aruba,ABW,1997,72.904,America,0.05,1.24,92,92
Aruba,ABW,1998,72.94,America,0.04,1.24,92,92
Aruba,ABW,1999,72.857,America,-0.08,1.24,92,92
Aruba,ABW,2000,72.939,America,0.08,1.24,92,92
Aruba,ABW,2001,73.044,America,0.11,1.24,92,92
Aruba,ABW,2002,73.135,America,0.09,1.24,92,92
Aruba,ABW,2003,73.236,America,0.1,1.24,92,92
Aruba,ABW,2004,73.223,America,-0.01,1.24,92,92
Aruba,ABW,2005,73.415,America,0.19,1.24,92,92
Aruba,ABW,2006,73.498,America,0.08,1.24,92,92
Aruba,ABW,2007,73.642,America,0.14,1.24,92,92
Aruba,ABW,2008,73.783,America,0.14,1.24,92,92
Aruba,ABW,2009,73.974,America,0.19,1.24,92,92
Aruba,ABW,2010,74.297,America,0.32,1.24,92,92
Aruba,ABW,2011,74.578,America,0.28,1.24,92,92
Aruba,ABW,2012,74.841,America,0.26,1.24,92,92
Aruba,ABW,2013,75.072,America,0.23,1.24,92,92
Aruba,ABW,2014,75.261,America,0.19,1.24,92,92
Aruba,ABW,2015,75.405,America,0.14,1.24,92,92
Aruba,ABW,2016,75.54,America,0.14,1.24,92,92
Aruba,ABW,2017,75.62,America,0.08,1.24,92,92
Aruba,ABW,2018,75.88,America,0.26,1.24,92,92
Aruba,ABW,2019,76.019,America,0.14,1.24,92,92
Aruba,ABW,2020,75.406,America,-0.61,1.24,92,92
Aruba,ABW,2021,73.655,America,-1.75,1.24,92,92
Aruba,ABW,2022,76.226,America,2.57,1.24,92,92
Aruba,ABW,2023,76.353,America,0.13,1.24,92,92
Aruba,ABW,2024,76.5,America,0.15,1.24,92,92
Afghanistan,AFG,1960,32.799,Asia,,4.03,184,184
Afghanistan,AFG,1961,33.291,Asia,0.49,4.03,184,184
Afghanistan,AFG,1962,33.757,Asia,0.47,4.03,184,184
Afghanistan,AFG,1963,34.201,Asia,0.44,4.03,184,184
Afghanistan,AFG,1964,34.673,Asia,0.47,4.03,184,184
Afghanistan,AFG,1965,35.124,Asia,0.45,4.03,184,184
Afghanistan,AFG,1966,35.583,Asia,0.46,4.03,184,184
Afghanistan,AFG,1967,36.042,Asia,0.46,4.03,184,184
Afghanistan,AFG,1968,36.51,Asia,0.47,4.03,184,184
Afghanistan,AFG,1969,36.979,Asia,0.47,4.03,184,184
Afghanistan,AFG,1970,37.46,Asia,0.48,4.03,184,184
Afghanistan,AFG,1971,37.932,Asia,0.47,4.03,184,184
Afghanistan,AFG,1972,38.423,Asia,0.49,4.03,184,184
Afghanistan,AFG,1973,38.951,Asia,0.53,4.03,184,184
Afghanistan,AFG,1974,39.469,Asia,0.52,4.03,184,184
Afghanistan,AFG,1975,39.994,Asia,0.52,4.03,184,184
Afghanistan,AFG,1976,40.518,Asia,0.52,4.03,184,184
Afghanistan,AFG,1977,41.082,Asia,0.56,4.03,184,184
Afghanistan,AFG,1978,40.086,Asia,-1.0,4.03,184,184
Afghanistan,AFG,1979,38.844,Asia,-1.24,4.03,184,184
Afghanistan,AFG,1980,39.258,Asia,0.41,4.03,184,184
Afghanistan,AFG,1981,39.406,Asia,0.15,4.03,184,184
Afghanistan,AFG,1982,36.058,Asia,-3.35,4.03,184,184
Afghanistan,AFG,1983,36.517,Asia,0.46,4.03,184,184
Afghanistan,AFG,1984,31.473,Asia,-5.04,4.03,184,184
Afghanistan,AFG,1985,32.132,Asia,0.66,4.03,184,184
Afghanistan,AFG,1986,38.4,Asia,6.27,4.03,184,184
Afghanistan,AFG,1987,38.831,Asia,0.43,4.03,184,184
Afghanistan,AFG,1988,43.238,Asia,4.41,4.03,184,184
Afghanistan,AFG,1989,44.496,Asia,1.26,4.03,184,184
Afghanistan,AFG,1990,45.118,Asia,0.62,4.03,184,184
Afghanistan,AFG,1991,45.521,Asia,0.4,4.03,184,184
Afghanistan,AFG,1992,46.569,Asia,1.05,4.03,184,184
Afghanistan,AFG,1993,51.021,Asia,4.45,4.03,184,184
Afghanistan,AFG,1994,50.969,Asia,-0.05,4.03,184,184
Afghanistan,AFG,1995,52.103,Asia,1.13,4.03,184,184
Afghanistan,AFG,1996,52.83,Asia,0.73,4.03,184,184
Afghanistan,AFG,1997,53.212,Asia,0.38,4.03,184,184
Afghanistan,AFG,1998,52.487,Asia,-0.73,4.03,184,184
Afghanistan,AFG,1999,54.532,Asia,2.04,4.03,184,184
Afghanistan,AFG,2000,55.005,Asia,0.47,4.03,184,184
Afghanistan,AFG,2001,55.511,Asia,0.51,4.03,184,184
Afghanistan,AFG,2002,56.225,Asia,0.71,4.03,184,184
Afghanistan,AFG,2003,57.171,Asia,0.95,4.03,184,184
Afghanistan,AFG,2004,57.81,Asia,0.64,4.03,184,184
Afghanistan,AFG,2005,58.247,Asia,0.44,4.03,184,184
Afghanistan,AFG,2006,58.553,Asia,0.31,4.03,184,184
Afghanistan,AFG,2007,58.956,Asia,0.4,4.03,184,184
Afghanistan,AFG,2008,59.708,Asia,0.75,4.03,184,184
Afghanistan,AFG,2009,60.248,Asia,0.54,4.03,184,184
Afghanistan,AFG,2010,60.702,Asia,0.45,4.03,184,184
Afghanistan,AFG,2011,61.25,Asia,0.55,4.03,184,184
Afghanistan,AFG,2012,61.735,Asia,0.48,4.03,184,184
Afghanistan,AFG,2013,62.188,Asia,0.45,4.03,184,184
Afghanistan,AFG,2014,62.26,Asia,0.07,4.03,184,184
Afghanistan,AFG,2015,62.27,Asia,0.01,4.03,184,184
Afghanistan,AFG,2016,62.646,Asia,0.38,4.03,184,184
Afghanistan,AFG,2017,62.406,Asia,-0.24,4.03,184,184
Afghanistan,AFG,2018,62.443,Asia,0.04,4.03,184,184
Afghanistan,AFG,2019,62.941,Asia,0.5,4.03,184,184
Afghanistan,AFG,2020,61.454,Asia,-1.49,4.03,184,184
Afghanistan,AFG,2021,60.417,Asia,-1.04,4.03,184,184
Afghanistan,AFG,2022,65.617,Asia,5.2,4.03,184,184
Afghanistan,AFG,2023,66.035,Asia,0.42,4.03,184,184
Afghanistan,AFG,2024,66.289,Asia,0.25,4.03,184,184
Angola,AGO,1960,37.933,Africa,,4.41,191,191
Angola,AGO,1961,36.902,Africa,-1.03,4.41,191,191
Angola,AGO,1962,37.168,Africa,0.27,4.41,191,191
Angola,AGO,1963,37.419,Africa,0.25,4.41,191,191
Angola,AGO,1964,37.704,Africa,0.29,4.41,191,191
Angola,AGO,1965,37.968,Africa,0.26,4.41,191,191
Angola,AGO,1966,38.258,Africa,0.29,4.41,191,191
Angola,AGO,1967,38.616,Africa,0.36,4.41,191,191
Angola,AGO,1968,38.968,Africa,0.35,4.41,191,191
Angola,AGO,1969,39.329,Africa,0.36,4.41,191,191
Angola,AGO,1970,39.688,Africa,0.36,4.41,191,191
Angola,AGO,1971,40.076,Africa,0.39,4.41,191,191
Angola,AGO,1972,40.469,Africa,0.39,4.41,191,191
Angola,AGO,1973,40.871,Africa,0.4,4.41,191,191
Angola,AGO,1974,41.26,Africa,0.39,4.41,191,191
Angola,AGO,1975,40.817,Africa,-0.44,4.41,191,191
Angola,AGO,1976,40.812,Africa,-0.01,4.41,191,191
Angola,AGO,1977,41.215,Africa,0.4,4.41,191,191
Angola,AGO,1978,41.573,Africa,0.36,4.41,191,191
Angola,AGO,1979,41.913,Africa,0.34,4.41,191,191
Angola,AGO,1980,42.242,Africa,0.33,4.41,191,191
Angola,AGO,1981,42.556,Africa,0.31,4.41,191,191
Angola,AGO,1982,42.857,Africa,0.3,4.41,191,191
Angola,AGO,1983,41.972,Africa,-0.88,4.41,191,191
Angola,AGO,1984,42.245,Africa,0.27,4.41,191,191
Angola,AGO,1985,42.495,Africa,0.25,4.41,191,191
Angola,AGO,1986,42.739,Africa,0.24,4.41,191,191
Angola,AGO,1987,40.786,Africa,-1.95,4.41,191,191
Angola,AGO,1988,41.471,Africa,0.68,4.41,191,191
Angola,AGO,1989,41.698,Africa,0.23,4.41,191,191
Angola,AGO,1990,41.854,Africa,0.16,4.41,191,191
Angola,AGO,1991,43.812,Africa,1.96,4.41,191,191
Angola,AGO,1992,42.267,Africa,-1.54,4.41,191,191
Angola,AGO,1993,42.19,Africa,-0.08,4.41,191,191
Angola,AGO,1994,43.567,Africa,1.38,4.41,191,191
Angola,AGO,1995,46.139,Africa,2.57,4.41,191,191
Angola,AGO,1996,46.418,Africa,0.28,4.41,191,191
Angola,AGO,1997,46.688,Africa,0.27,4.41,191,191
Angola,AGO,1998,45.452,Africa,-1.24,4.41,191,191
Angola,AGO,1999,45.808,Africa,0.36,4.41,191,191
Angola,AGO,2000,46.501,Africa,0.69,4.41,191,191
Angola,AGO,2001,47.032,Africa,0.53,4.41,191,191
Angola,AGO,2002,47.874,Africa,0.84,4.41,191,191
Angola,AGO,2003,50.218,Africa,2.34,4.41,191,191
Angola,AGO,2004,51.123,Africa,0.9,4.41,191,191
Angola,AGO,2005,52.13,Africa,1.01,4.41,191,191
Angola,AGO,2006,52.965,Africa,0.84,4.41,191,191
Angola,AGO,2007,54.2,Africa,1.23,4.41,191,191
Angola,AGO,2008,55.281,Africa,1.08,4.41,191,191
Angola,AGO,2009,56.225,Africa,0.94,4.41,191,191
Angola,AGO,2010,57.242,Africa,1.02,4.41,191,191
Angola,AGO,2011,58.093,Africa,0.85,4.41,191,191
Angola,AGO,2012,58.916,Africa,0.82,4.41,191,191
Angola,AGO,2013,59.705,Africa,0.79,4.41,191,191
Angola,AGO,2014,60.396,Africa,0.69,4.41,191,191
Angola,AGO,2015,61.042,Africa,0.65,4.41,191,191
Angola,AGO,2016,61.619,Africa,0.58,4.41,191,191
Angola,AGO,2017,62.122,Africa,0.5,4.41,191,191
Angola,AGO,2018,62.622,Africa,0.5,4.41,191,191
Angola,AGO,2019,63.051,Africa,0.43,4.41,191,191
Angola,AGO,2020,63.116,Africa,0.06,4.41,191,191
Angola,AGO,2021,62.958,Africa,-0.16,4.41,191,191
Angola,AGO,2022,64.246,Africa,1.29,4.41,191,191
Angola,AGO,2023,64.617,Africa,0.37,4.41,191,191
Angola,AGO,2024,64.805,Africa,0.19,4.41,191,191
Albania,ALB,1960,56.413,Europe,,1.75,54,54
Albania,ALB,1961,57.488,Europe,1.08,1.75,54,54
Albania,ALB,1962,58.494,Europe,1.01,1.75,54,54
Albania,ALB,1963,59.479,Europe,0.98,1.75,54,54
Albania,ALB,1964,60.404,Europe,0.93,1.75,54,54
Albania,ALB,1965,61.273,Europe,0.87,1.75,54,54
Albania,ALB,1966,62.149,Europe,0.88,1.75,54,54
Albania,ALB,1967,62.976,Europe,0.83,1.75,54,54
Albania,ALB,1968,63.788,Europe,0.81,1.75,54,54
Albania,ALB,1969,64.538,Europe,0.75,1.75,54,54
Albania,ALB,1970,65.234,Europe,0.7,1.75,54,54
Albania,ALB,1971,65.896,Europe,0.66,1.75,54,54
Albania,ALB,1972,66.526,Europe,0.63,1.75,54,54
Albania,ALB,1973,67.107,Europe,0.58,1.75,54,54
Albania,ALB,1974,67.633,Europe,0.53,1.75,54,54
Albania,ALB,1975,68.12,Europe,0.49,1.75,54,54
Albania,ALB,1976,68.57,Europe,0.45,1.75,54,54
Albania,ALB,1977,68.992,Europe,0.42,1.75,54,54
Albania,ALB,1978,69.367,Europe,0.38,1.75,54,54
Albania,ALB,1979,69.617,Europe,0.25,1.75,54,54
Albania,ALB,1980,69.903,Europe,0.29,1.75,54,54
Albania,ALB,1981,70.145,Europe,0.24,1.75,54,54
Albania,ALB,1982,70.425,Europe,0.28,1.75,54,54
Albania,ALB,1983,70.705,Europe,0.28,1.75,54,54
Albania,ALB,1984,70.984,Europe,0.28,1.75,54,54
Albania,ALB,1985,71.282,Europe,0.3,1.75,54,54
Albania,ALB,1986,71.665,Europe,0.38,1.75,54,54
Albania,ALB,1987,71.981,Europe,0.32,1.75,54,54
Albania,ALB,1988,72.217,Europe,0.24,1.75,54,54
Albania,ALB,1989,72.457,Europe,0.24,1.75,54,54
Albania,ALB,1990,72.71,Europe,0.25,1.75,54,54
Albania,ALB,1991,73.001,Europe,0.29,1.75,54,54
Albania,ALB,1992,73.303,Europe,0.3,1.75,54,54
Albania,ALB,1993,73.638,Europe,0.34,1.75,54,54
Albania,ALB,1994,73.837,Europe,0.2,1.75,54,54
Albania,ALB,1995,74.022,Europe,0.19,1.75,54,54
Albania,ALB,1996,74.113,Europe,0.09,1.75,54,54
Albania,ALB,1997,73.383,Europe,-0.73,1.75,54,54
Albania,ALB,1998,74.357,Europe,0.97,1.75,54,54
Albania,ALB,1999,74.568,Europe,0.21,1.75,54,54
Albania,ALB,2000,74.826,Europe,0.26,1.75,54,54
Albania,ALB,2001,75.083,Europe,0.26,1.75,54,54
Albania,ALB,2002,75.299,Europe,0.22,1.75,54,54
Albania,ALB,2003,75.557,Europe,0.26,1.75,54,54
Albania,ALB,2004,75.951,Europe,0.39,1.75,54,54
Albania,ALB,2005,76.427,Europe,0.48,1.75,54,54
Albania,ALB,2006,76.994,Europe,0.57,1.75,54,54
Albania,ALB,2007,77.691,Europe,0.7,1.75,54,54
Albania,ALB,2008,78.248,Europe,0.56,1.75,54,54
Albania,ALB,2009,78.509,Europe,0.26,1.75,54,54
Albania,ALB,2010,78.414,Europe,-0.09,1.75,54,54
Albania,ALB,2011,78.303,Europe,-0.11,1.75,54,54
Albania,ALB,2012,78.084,Europe,-0.22,1.75,54,54
Albania,ALB,2013,77.995,Europe,-0.09,1.75,54,54
Albania,ALB,2014,78.029,Europe,0.03,1.75,54,54
Albania,ALB,2015,78.358,Europe,0.33,1.75,54,54
Albania,ALB,2016,78.643,Europe,0.28,1.75,54,54
Albania,ALB,2017,78.9,Europe,0.26,1.75,54,54
Albania,ALB,2018,79.238,Europe,0.34,1.75,54,54
Albania,ALB,2019,79.467,Europe,0.23,1.75,54,54
Albania,ALB,2020,77.824,Europe,-1.64,1.75,54,54
Albania,ALB,2021,76.844,Europe,-0.98,1.75,54,54
Albania,ALB,2022,78.769,Europe,1.93,1.75,54,54
Albania,ALB,2023,79.602,Europe,0.83,1.75,54,54
Albania,ALB,2024,79.776,Europe,0.17,1.75,54,54
Andorra,AND,1960,72.094,Europe,,-0.3,8,8
Andorra,AND,1961,72.573,Europe,0.48,-0.3,8,8
Andorra,AND,1962,72.993,Europe,0.42,-0.3,8,8
Andorra,AND,1963,73.298,Europe,0.31,-0.3,8,8
Andorra,AND,1964,73.624,Europe,0.33,-0.3,8,8
Andorra,AND,1965,73.856,Europe,0.23,-0.3,8,8
Andorra,AND,1966,74.02,Europe,0.16,-0.3,8,8
Andorra,AND,1967,74.119,Europe,0.1,-0.3,8,8
Andorra,AND,1968,74.22,Europe,0.1,-0.3,8,8
Andorra,AND,1969,74.296,Europe,0.08,-0.3,8,8
Andorra,AND,1970,74.452,Europe,0.16,-0.3,8,8
Andorra,AND,1971,74.615,Europe,0.16,-0.3,8,8
Andorra,AND,1972,74.864,Europe,0.25,-0.3,8,8
Andorra,AND,1973,75.096,Europe,0.23,-0.3,8,8
Andorra,AND,1974,75.34,Europe,0.24,-0.3,8,8
Andorra,AND,1975,75.567,Europe,0.23,-0.3,8,8
Andorra,AND,1976,75.869,Europe,0.3,-0.3,8,8
Andorra,AND,1977,76.154,Europe,0.28,-0.3,8,8
Andorra,AND,1978,76.488,Europe,0.33,-0.3,8,8
Andorra,AND,1979,76.819,Europe,0.33,-0.3,8,8
Andorra,AND,1980,77.137,Europe,0.32,-0.3,8,8
Andorra,AND,1981,77.391,Europe,0.25,-0.3,8,8
Andorra,AND,1982,77.617,Europe,0.23,-0.3,8,8
Andorra,AND,1983,77.787,Europe,0.17,-0.3,8,8
Andorra,AND,1984,77.916,Europe,0.13,-0.3,8,8
Andorra,AND,1985,78.006,Europe,0.09,-0.3,8,8
Andorra,AND,1986,78.107,Europe,0.1,-0.3,8,8
Andorra,AND,1987,78.189,Europe,0.08,-0.3,8,8
Andorra,AND,1988,78.364,Europe,0.18,-0.3,8,8
Andorra,AND,1989,78.557,Europe,0.19,-0.3,8,8
Andorra,AND,1990,78.961,Europe,0.4,-0.3,8,8
Andorra,AND,1991,79.346,Europe,0.39,-0.3,8,8
Andorra,AND,1992,79.794,Europe,0.45,-0.3,8,8
Andorra,AND,1993,80.186,Europe,0.39,-0.3,8,8
Andorra,AND,1994,80.587,Europe,0.4,-0.3,8,8
Andorra,AND,1995,80.804,Europe,0.22,-0.3,8,8
Andorra,AND,1996,81.009,Europe,0.2,-0.3,8,8
Andorra,AND,1997,81.145,Europe,0.14,-0.3,8,8
Andorra,AND,1998,81.28,Europe,0.14,-0.3,8,8
Andorra,AND,1999,81.55,Europe,0.27,-0.3,8,8
Andorra,AND,2000,81.863,Europe,0.31,-0.3,8,8
Andorra,AND,2001,82.162,Europe,0.3,-0.3,8,8
Andorra,AND,2002,82.448,Europe,0.29,-0.3,8,8
Andorra,AND,2003,82.718,Europe,0.27,-0.3,8,8
Andorra,AND,2004,82.815,Europe,0.1,-0.3,8,8
Andorra,AND,2005,83.086,Europe,0.27,-0.3,8,8
Andorra,AND,2006,83.374,Europe,0.29,-0.3,8,8
Andorra,AND,2007,83.632,Europe,0.26,-0.3,8,8
Andorra,AND,2008,83.855,Europe,0.22,-0.3,8,8
Andorra,AND,2009,84.1,Europe,0.24,-0.3,8,8
Andorra,AND,2010,84.197,Europe,0.1,-0.3,8,8
Andorra,AND,2011,84.296,Europe,0.1,-0.3,8,8
Andorra,AND,2012,84.334,Europe,0.04,-0.3,8,8
Andorra,AND,2013,84.406,Europe,0.07,-0.3,8,8
Andorra,AND,2014,84.485,Europe,0.08,-0.3,8,8
Andorra,AND,2015,84.532,Europe,0.05,-0.3,8,8
Andorra,AND,2016,84.489,Europe,-0.04,-0.3,8,8
Andorra,AND,2017,84.359,Europe,-0.13,-0.3,8,8
Andorra,AND,2018,84.242,Europe,-0.12,-0.3,8,8
Andorra,AND,2019,84.098,Europe,-0.14,-0.3,8,8
Andorra,AND,2020,79.418,Europe,-4.68,-0.3,8,8
Andorra,AND,2021,82.331,Europe,2.91,-0.3,8,8
Andorra,AND,2022,84.016,Europe,1.69,-0.3,8,8
Andorra,AND,2023,84.041,Europe,0.02,-0.3,8,8
Andorra,AND,2024,84.188,Europe,0.15,-0.3,8,8
United Arab Emirates,ARE,1960,50.651,Asia,,1.08,21,21
United Arab Emirates,ARE,1961,51.596,Asia,0.94,1.08,21,21
United Arab Emirates,ARE,1962,52.546,Asia,0.95,1.08,21,21
United Arab Emirates,ARE,1963,53.509,Asia,0.96,1.08,21,21
United Arab Emirates,ARE,1964,54.495,Asia,0.99,1.08,21,21
United Arab Emirates,ARE,1965,55.512,Asia,1.02,1.08,21,21
United Arab Emirates,ARE,1966,56.572,Asia,1.06,1.08,21,21
United Arab Emirates,ARE,1967,57.648,Asia,1.08,1.08,21,21
United Arab Emirates,ARE,1968,58.727,Asia,1.08,1.08,21,21
United Arab Emirates,ARE,1969,59.764,Asia,1.04,1.08,21,21
United Arab Emirates,ARE,1970,60.78,Asia,1.02,1.08,21,21
United Arab Emirates,ARE,1971,61.753,Asia,0.97,1.08,21,21
United Arab Emirates,ARE,1972,62.675,Asia,0.92,1.08,21,21
United Arab Emirates,ARE,1973,63.542,Asia,0.87,1.08,21,21
United Arab Emirates,ARE,1974,64.351,Asia,0.81,1.08,21,21
United Arab Emirates,ARE,1975,65.105,Asia,0.75,1.08,21,21
United Arab Emirates,ARE,1976,65.806,Asia,0.7,1.08,21,21
United Arab Emirates,ARE,1977,66.471,Asia,0.67,1.08,21,21
United Arab Emirates,ARE,1978,67.083,Asia,0.61,1.08,21,21
United Arab Emirates,ARE,1979,67.645,Asia,0.56,1.08,21,21
United Arab Emirates,ARE,1980,68.157,Asia,0.51,1.08,21,21
United Arab Emirates,ARE,1981,68.622,Asia,0.47,1.08,21,21
United Arab Emirates,ARE,1982,69.056,Asia,0.43,1.08,21,21
United Arab Emirates,ARE,1983,69.448,Asia,0.39,1.08,21,21
United Arab Emirates,ARE,1984,69.802,Asia,0.35,1.08,21,21
United Arab Emirates,ARE,1985,70.123,Asia,0.32,1.08,21,21
United Arab Emirates,ARE,1986,70.41,Asia,0.29,1.08,21,21
United Arab Emirates,ARE,1987,70.623,Asia,0.21,1.08,21,21
United Arab Emirates,ARE,1988,70.808,Asia,0.19,1.08,21,21
United Arab Emirates,ARE,1989,70.96,Asia,0.15,1.08,21,21
United Arab Emirates,ARE,1990,71.074,Asia,0.11,1.08,21,21
United Arab Emirates,ARE,1991,71.144,Asia,0.07,1.08,21,21
United Arab Emirates,ARE,1992,71.166,Asia,0.02,1.08,21,21
United Arab Emirates,ARE,1993,71.159,Asia,-0.01,1.08,21,21
United Arab Emirates,ARE,1994,71.204,Asia,0.04,1.08,21,21
United Arab Emirates,ARE,1995,71.392,Asia,0.19,1.08,21,21
United Arab Emirates,ARE,1996,71.82,Asia,0.43,1.08,21,21
United Arab Emirates,ARE,1997,72.559,Asia,0.74,1.08,21,21
United Arab Emirates,ARE,1998,73.66,Asia,1.1,1.08,21,21
United Arab Emirates,ARE,1999,74.982,Asia,1.32,1.08,21,21
United Arab Emirates,ARE,2000,76.347,Asia,1.36,1.08,21,21
United Arab Emirates,ARE,2001,77.621,Asia,1.27,1.08,21,21
United Arab Emirates,ARE,2002,78.721,Asia,1.1,1.08,21,21
United Arab Emirates,ARE,2003,79.6,Asia,0.88,1.08,21,21
United Arab Emirates,ARE,2004,80.272,Asia,0.67,1.08,21,21
United Arab Emirates,ARE,2005,80.779,Asia,0.51,1.08,21,21
United Arab Emirates,ARE,2006,81.155,Asia,0.38,1.08,21,21
United Arab Emirates,ARE,2007,81.438,Asia,0.28,1.08,21,21
United Arab Emirates,ARE,2008,81.591,Asia,0.15,1.08,21,21
United Arab Emirates,ARE,2009,81.679,Asia,0.09,1.08,21,21
United Arab Emirates,ARE,2010,81.886,Asia,0.21,1.08,21,21
United Arab Emirates,ARE,2011,81.898,Asia,0.01,1.08,21,21
United Arab Emirates,ARE,2012,81.913,Asia,0.02,1.08,21,21
United Arab Emirates,ARE,2013,81.95,Asia,0.04,1.08,21,21
United Arab Emirates,ARE,2014,81.99,Asia,0.04,1.08,21,21
United Arab Emirates,ARE,2015,82.076,Asia,0.09,1.08,21,21
United Arab Emirates,ARE,2016,82.195,Asia,0.12,1.08,21,21
United Arab Emirates,ARE,2017,82.388,Asia,0.19,1.08,21,21
United Arab Emirates,ARE,2018,82.449,Asia,0.06,1.08,21,21
United Arab Emirates,ARE,2019,82.596,Asia,0.15,1.08,21,21
United Arab Emirates,ARE,2020,81.936,Asia,-0.66,1.08,21,21
United Arab Emirates,ARE,2021,79.083,Asia,-2.85,1.08,21,21
United Arab Emirates,ARE,2022,80.487,Asia,1.4,1.08,21,21
United Arab Emirates,ARE,2023,82.909,Asia,2.42,1.08,21,21
United Arab Emirates,ARE,2024,83.069,Asia,0.16,1.08,21,21
Argentina,ARG,1960,64.242,America,,1.28,80,80
Argentina,ARG,1961,64.631,America,0.39,1.28,80,80
Argentina,ARG,1962,64.618,America,-0.01,1.28,80,80
Argentina,ARG,1963,64.855,America,0.24,1.28,80,80
Argentina,ARG,1964,64.816,America,-0.04,1.28,80,80
Argentina,ARG,1965,65.053,America,0.24,1.28,80,80
Argentina,ARG,1966,65.398,America,0.34,1.28,80,80
Argentina,ARG,1967,65.467,America,0.07,1.28,80,80
Argentina,ARG,1968,65.234,America,-0.23,1.28,80,80
Argentina,ARG,1969,65.085,America,-0.15,1.28,80,80
Argentina,ARG,1970,65.647,America,0.56,1.28,80,80
Argentina,ARG,1971,65.619,America,-0.03,1.28,80,80
Argentina,ARG,1972,65.953,America,0.33,1.28,80,80
Argentina,ARG,1973,66.186,America,0.23,1.28,80,80
Argentina,ARG,1974,66.405,America,0.22,1.28,80,80
Argentina,ARG,1975,66.965,America,0.56,1.28,80,80
Argentina,ARG,1976,67.03,America,0.06,1.28,80,80
Argentina,ARG,1977,67.595,America,0.56,1.28,80,80
Argentina,ARG,1978,67.999,America,0.4,1.28,80,80
Argentina,ARG,1979,68.434,America,0.44,1.28,80,80
Argentina,ARG,1980,68.576,America,0.14,1.28,80,80
Argentina,ARG,1981,68.858,America,0.28,1.28,80,80
Argentina,ARG,1982,68.973,America,0.11,1.28,80,80
Argentina,ARG,1983,69.29,America,0.32,1.28,80,80
Argentina,ARG,1984,69.353,America,0.06,1.28,80,80
Argentina,ARG,1985,69.879,America,0.53,1.28,80,80
Argentina,ARG,1986,70.281,America,0.4,1.28,80,80
Argentina,ARG,1987,70.699,America,0.42,1.28,80,80
Argentina,ARG,1988,71.097,America,0.4,1.28,80,80
Argentina,ARG,1989,71.502,America,0.41,1.28,80,80
Argentina,ARG,1990,71.615,America,0.11,1.28,80,80
Argentina,ARG,1991,72.02,America,0.41,1.28,80,80
Argentina,ARG,1992,72.096,America,0.08,1.28,80,80
Argentina,ARG,1993,72.303,America,0.21,1.28,80,80
Argentina,ARG,1994,72.732,America,0.43,1.28,80,80
Argentina,ARG,1995,72.864,America,0.13,1.28,80,80
Argentina,ARG,1996,73.056,America,0.19,1.28,80,80
Argentina,ARG,1997,73.407,America,0.35,1.28,80,80
Argentina,ARG,1998,73.412,America,0.01,1.28,80,80
Argentina,ARG,1999,73.683,America,0.27,1.28,80,80
Argentina,ARG,2000,73.91,America,0.23,1.28,80,80
Argentina,ARG,2001,74.154,America,0.24,1.28,80,80
Argentina,ARG,2002,74.312,America,0.16,1.28,80,80
Argentina,ARG,2003,74.307,America,-0.0,1.28,80,80
Argentina,ARG,2004,74.871,America,0.56,1.28,80,80
Argentina,ARG,2005,75.231,America,0.36,1.28,80,80
Argentina,ARG,2006,75.279,America,0.05,1.28,80,80
Argentina,ARG,2007,74.783,America,-0.5,1.28,80,80
Argentina,ARG,2008,75.428,America,0.64,1.28,80,80
Argentina,ARG,2009,75.577,America,0.15,1.28,80,80
Argentina,ARG,2010,75.68,America,0.1,1.28,80,80
Argentina,ARG,2011,76.1,America,0.42,1.28,80,80
Argentina,ARG,2012,75.802,America,-0.3,1.28,80,80
Argentina,ARG,2013,75.829,America,0.03,1.28,80,80
Argentina,ARG,2014,76.268,America,0.44,1.28,80,80
Argentina,ARG,2015,76.6,America,0.33,1.28,80,80
Argentina,ARG,2016,76.105,America,-0.49,1.28,80,80
Argentina,ARG,2017,76.543,America,0.44,1.28,80,80
Argentina,ARG,2018,76.77,America,0.23,1.28,80,80
Argentina,ARG,2019,76.847,America,0.08,1.28,80,80
Argentina,ARG,2020,75.878,America,-0.97,1.28,80,80
Argentina,ARG,2021,73.948,America,-1.93,1.28,80,80
Argentina,ARG,2022,75.806,America,1.86,1.28,80,80
Argentina,ARG,2023,77.395,America,1.59,1.28,80,80
Argentina,ARG,2024,77.543,America,0.15,1.28,80,80
Armenia,ARM,1960,59.063,Asia,,3.45,64,64
Armenia,ARM,1961,59.49409756097561,Asia,0.43,3.45,64,64
Armenia,ARM,1962,59.91668292682928,Asia,0.42,3.45,64,64
Armenia,ARM,1963,60.328268292682935,Asia,0.41,3.45,64,64
Armenia,ARM,1964,60.72382926829269,Asia,0.4,3.45,64,64
Armenia,ARM,1965,61.099341463414646,Asia,0.38,3.45,64,64
Armenia,ARM,1966,61.45382926829269,Asia,0.35,3.45,64,64
Armenia,ARM,1967,61.78475609756098,Asia,0.33,3.45,64,64
Armenia,ARM,1968,62.09363414634148,Asia,0.31,3.45,64,64
Armenia,ARM,1969,62.37995121951221,Asia,0.29,3.45,64,64
Armenia,ARM,1970,62.64470731707318,Asia,0.26,3.45,64,64
Armenia,ARM,1971,62.88890243902439,Asia,0.24,3.45,64,64
Armenia,ARM,1972,63.11448780487806,Asia,0.23,3.45,64,64
Armenia,ARM,1973,63.33092682926829,Asia,0.22,3.45,64,64
Armenia,ARM,1974,63.54675609756098,Asia,0.22,3.45,64,64
Armenia,ARM,1975,63.767878048780496,Asia,0.22,3.45,64,64
Armenia,ARM,1976,64.00148780487805,Asia,0.23,3.45,64,64
Armenia,ARM,1977,64.2539512195122,Asia,0.25,3.45,64,64
Armenia,ARM,1978,64.52619512195123,Asia,0.27,3.45,64,64
Armenia,ARM,1979,64.82082926829268,Asia,0.29,3.45,64,64
Armenia,ARM,1980,65.13856097560976,Asia,0.32,3.45,64,64
Armenia,ARM,1981,65.48248780487806,Asia,0.34,3.45,64,64
Armenia,ARM,1982,65.8509268292683,Asia,0.37,3.45,64,64
Armenia,ARM,1983,66.22924390243902,Asia,0.38,3.45,64,64
Armenia,ARM,1984,66.59136585365854,Asia,0.36,3.45,64,64
Armenia,ARM,1985,66.91526829268294,Asia,0.32,3.45,64,64
Armenia,ARM,1986,67.17800000000001,Asia,0.26,3.45,64,64
Armenia,ARM,1987,67.3590731707317,Asia,0.18,3.45,64,64
Armenia,ARM,1988,52.60012195121952,Asia,-14.76,3.45,64,64
Armenia,ARM,1989,67.51856097560976,Asia,14.92,3.45,64,64
Armenia,ARM,1990,67.54936585365854,Asia,0.03,3.45,64,64
Armenia,ARM,1991,67.62704878048781,Asia,0.08,3.45,64,64
Armenia,ARM,1992,67.71853658536587,Asia,0.09,3.45,64,64
Armenia,ARM,1993,67.97319512195124,Asia,0.25,3.45,64,64
Armenia,ARM,1994,68.27180487804878,Asia,0.3,3.45,64,64
Armenia,ARM,1995,68.62848780487805,Asia,0.36,3.45,64,64
Armenia,ARM,1996,69.00612195121953,Asia,0.38,3.45,64,64
Armenia,ARM,1997,69.39382926829268,Asia,0.39,3.45,64,64
Armenia,ARM,1998,69.79934146341465,Asia,0.41,3.45,64,64
Armenia,ARM,1999,70.1989512195122,Asia,0.4,3.45,64,64
Armenia,ARM,2000,72.88048780487806,Asia,2.68,3.45,64,64
Armenia,ARM,2001,72.97560975609757,Asia,0.1,3.45,64,64
Armenia,ARM,2002,72.8268292682927,Asia,-0.15,3.45,64,64
Armenia,ARM,2003,72.8268292682927,Asia,0.0,3.45,64,64
Armenia,ARM,2004,73.02682926829269,Asia,0.2,3.45,64,64
Armenia,ARM,2005,73.07560975609758,Asia,0.05,3.45,64,64
Armenia,ARM,2006,72.82439024390246,Asia,-0.25,3.45,64,64
Armenia,ARM,2007,72.87317073170732,Asia,0.05,3.45,64,64
Armenia,ARM,2008,73.07317073170734,Asia,0.2,3.45,64,64
Armenia,ARM,2009,73.07317073170734,Asia,0.0,3.45,64,64
Armenia,ARM,2010,73.17317073170732,Asia,0.1,3.45,64,64
Armenia,ARM,2011,73.8170731707317,Asia,0.64,3.45,64,64
Armenia,ARM,2012,74.11951219512196,Asia,0.3,3.45,64,64
Armenia,ARM,2013,74.62195121951221,Asia,0.5,3.45,64,64
Armenia,ARM,2014,74.87317073170733,Asia,0.25,3.45,64,64
Armenia,ARM,2015,74.87073170731709,Asia,-0.0,3.45,64,64
Armenia,ARM,2016,74.86829268292684,Asia,-0.0,3.45,64,64
Armenia,ARM,2017,75.21707317073171,Asia,0.35,3.45,64,64
Armenia,ARM,2018,75.61951219512196,Asia,0.4,3.45,64,64
Armenia,ARM,2019,76.2219512195122,Asia,0.6,3.45,64,64
Armenia,ARM,2020,73.37560975609757,Asia,-2.85,3.45,64,64
Armenia,ARM,2021,72.27804878048782,Asia,-1.1,3.45,64,64
Armenia,ARM,2022,74.7658536585366,Asia,2.49,3.45,64,64
Armenia,ARM,2023,77.4658536585366,Asia,2.7,3.45,64,64
Armenia,ARM,2024,78.31951219512196,Asia,0.85,3.45,64,64
American Samoa,ASM,1960,65.053,Oceania,,0.31,126,126
American Samoa,ASM,1961,65.648,Oceania,0.59,0.31,126,126
American Samoa,ASM,1962,66.008,Oceania,0.36,0.31,126,126
American Samoa,ASM,1963,66.161,Oceania,0.15,0.31,126,126
American Samoa,ASM,1964,66.135,Oceania,-0.03,0.31,126,126
American Samoa,ASM,1965,65.996,Oceania,-0.14,0.31,126,126
American Samoa,ASM,1966,58.284,Oceania,-7.71,0.31,126,126
American Samoa,ASM,1967,65.807,Oceania,7.52,0.31,126,126
American Samoa,ASM,1968,65.847,Oceania,0.04,0.31,126,126
American Samoa,ASM,1969,66.05,Oceania,0.2,0.31,126,126
American Samoa,ASM,1970,66.364,Oceania,0.31,0.31,126,126
American Samoa,ASM,1971,66.77,Oceania,0.41,0.31,126,126
American Samoa,ASM,1972,67.186,Oceania,0.42,0.31,126,126
American Samoa,ASM,1973,67.604,Oceania,0.42,0.31,126,126
American Samoa,ASM,1974,67.95,Oceania,0.35,0.31,126,126
American Samoa,ASM,1975,68.256,Oceania,0.31,0.31,126,126
American Samoa,ASM,1976,68.475,Oceania,0.22,0.31,126,126
American Samoa,ASM,1977,68.701,Oceania,0.23,0.31,126,126
American Samoa,ASM,1978,68.881,Oceania,0.18,0.31,126,126
American Samoa,ASM,1979,69.114,Oceania,0.23,0.31,126,126
American Samoa,ASM,1980,69.413,Oceania,0.3,0.31,126,126
American Samoa,ASM,1981,69.731,Oceania,0.32,0.31,126,126
American Samoa,ASM,1982,69.975,Oceania,0.24,0.31,126,126
American Samoa,ASM,1983,70.163,Oceania,0.19,0.31,126,126
American Samoa,ASM,1984,70.326,Oceania,0.16,0.31,126,126
American Samoa,ASM,1985,70.532,Oceania,0.21,0.31,126,126
American Samoa,ASM,1986,70.704,Oceania,0.17,0.31,126,126
American Samoa,ASM,1987,70.828,Oceania,0.12,0.31,126,126
American Samoa,ASM,1988,70.883,Oceania,0.05,0.31,126,126
American Samoa,ASM,1989,70.929,Oceania,0.05,0.31,126,126
American Samoa,ASM,1990,71.107,Oceania,0.18,0.31,126,126
American Samoa,ASM,1991,71.312,Oceania,0.2,0.31,126,126
American Samoa,ASM,1992,71.511,Oceania,0.2,0.31,126,126
American Samoa,ASM,1993,71.54,Oceania,0.03,0.31,126,126
American Samoa,ASM,1994,71.569,Oceania,0.03,0.31,126,126
American Samoa,ASM,1995,71.565,Oceania,-0.0,0.31,126,126
American Samoa,ASM,1996,71.576,Oceania,0.01,0.31,126,126
American Samoa,ASM,1997,71.606,Oceania,0.03,0.31,126,126
American Samoa,ASM,1998,71.542,Oceania,-0.06,0.31,126,126
American Samoa,ASM,1999,71.484,Oceania,-0.06,0.31,126,126
American Samoa,ASM,2000,71.443,Oceania,-0.04,0.31,126,126
American Samoa,ASM,2001,71.573,Oceania,0.13,0.31,126,126
American Samoa,ASM,2002,71.755,Oceania,0.18,0.31,126,126
American Samoa,ASM,2003,71.698,Oceania,-0.06,0.31,126,126
American Samoa,ASM,2004,72.277,Oceania,0.58,0.31,126,126
American Samoa,ASM,2005,72.382,Oceania,0.11,0.31,126,126
American Samoa,ASM,2006,72.397,Oceania,0.02,0.31,126,126
American Samoa,ASM,2007,72.365,Oceania,-0.03,0.31,126,126
American Samoa,ASM,2008,72.43,Oceania,0.07,0.31,126,126
American Samoa,ASM,2009,70.839,Oceania,-1.59,0.31,126,126
American Samoa,ASM,2010,72.587,Oceania,1.75,0.31,126,126
American Samoa,ASM,2011,72.662,Oceania,0.08,0.31,126,126
American Samoa,ASM,2012,72.709,Oceania,0.05,0.31,126,126
American Samoa,ASM,2013,72.769,Oceania,0.06,0.31,126,126
American Samoa,ASM,2014,72.687,Oceania,-0.08,0.31,126,126
American Samoa,ASM,2015,72.654,Oceania,-0.03,0.31,126,126
American Samoa,ASM,2016,72.64,Oceania,-0.01,0.31,126,126
American Samoa,ASM,2017,72.801,Oceania,0.16,0.31,126,126
American Samoa,ASM,2018,72.794,Oceania,-0.01,0.31,126,126
American Samoa,ASM,2019,72.751,Oceania,-0.04,0.31,126,126
American Samoa,ASM,2020,72.672,Oceania,-0.08,0.31,126,126
American Samoa,ASM,2021,72.708,Oceania,0.04,0.31,126,126
American Samoa,ASM,2022,72.752,Oceania,0.04,0.31,126,126
American Samoa,ASM,2023,72.852,Oceania,0.1,0.31,126,126
American Samoa,ASM,2024,72.992,Oceania,0.14,0.31,126,126
Antigua and Barbuda,ATG,1960,62.635,America,,0.85,77,77
Antigua and Barbuda,ATG,1961,63.335,America,0.7,0.85,77,77
Antigua and Barbuda,ATG,1962,63.995,America,0.66,0.85,77,77
Antigua and Barbuda,ATG,1963,64.697,America,0.7,0.85,77,77
Antigua and Barbuda,ATG,1964,65.428,America,0.73,0.85,77,77
Antigua and Barbuda,ATG,1965,66.171,America,0.74,0.85,77,77
Antigua and Barbuda,ATG,1966,66.902,America,0.73,0.85,77,77
Antigua and Barbuda,ATG,1967,67.586,America,0.68,0.85,77,77
Antigua and Barbuda,ATG,1968,68.23,America,0.64,0.85,77,77
Antigua and Barbuda,ATG,1969,68.827,America,0.6,0.85,77,77
Antigua and Barbuda,ATG,1970,69.371,America,0.54,0.85,77,77
Antigua and Barbuda,ATG,1971,69.861,America,0.49,0.85,77,77
Antigua and Barbuda,ATG,1972,70.304,America,0.44,0.85,77,77
Antigua and Barbuda,ATG,1973,70.71,America,0.41,0.85,77,77
Antigua and Barbuda,ATG,1974,71.095,America,0.39,0.85,77,77
Antigua and Barbuda,ATG,1975,71.447,America,0.35,0.85,77,77
Antigua and Barbuda,ATG,1976,71.794,America,0.35,0.85,77,77
Antigua and Barbuda,ATG,1977,72.149,America,0.36,0.85,77,77
Antigua and Barbuda,ATG,1978,72.5,America,0.35,0.85,77,77
Antigua and Barbuda,ATG,1979,72.823,America,0.32,0.85,77,77
Antigua and Barbuda,ATG,1980,73.094,America,0.27,0.85,77,77
Antigua and Barbuda,ATG,1981,73.32,America,0.23,0.85,77,77
Antigua and Barbuda,ATG,1982,73.525,America,0.21,0.85,77,77
Antigua and Barbuda,ATG,1983,73.684,America,0.16,0.85,77,77
Antigua and Barbuda,ATG,1984,73.808,America,0.12,0.85,77,77
Antigua and Barbuda,ATG,1985,73.873,America,0.06,0.85,77,77
Antigua and Barbuda,ATG,1986,73.893,America,0.02,0.85,77,77
Antigua and Barbuda,ATG,1987,73.873,America,-0.02,0.85,77,77
Antigua and Barbuda,ATG,1988,73.811,America,-0.06,0.85,77,77
Antigua and Barbuda,ATG,1989,73.628,America,-0.18,0.85,77,77
Antigua and Barbuda,ATG,1990,73.602,America,-0.03,0.85,77,77
Antigua and Barbuda,ATG,1991,73.472,America,-0.13,0.85,77,77
Antigua and Barbuda,ATG,1992,73.386,America,-0.09,0.85,77,77
Antigua and Barbuda,ATG,1993,73.39,America,0.0,0.85,77,77
Antigua and Barbuda,ATG,1994,73.493,America,0.1,0.85,77,77
Antigua and Barbuda,ATG,1995,73.576,America,0.08,0.85,77,77
Antigua and Barbuda,ATG,1996,73.839,America,0.26,0.85,77,77
Antigua and Barbuda,ATG,1997,74.045,America,0.21,0.85,77,77
Antigua and Barbuda,ATG,1998,74.187,America,0.14,0.85,77,77
Antigua and Barbuda,ATG,1999,74.456,America,0.27,0.85,77,77
Antigua and Barbuda,ATG,2000,74.819,America,0.36,0.85,77,77
Antigua and Barbuda,ATG,2001,75.108,America,0.29,0.85,77,77
Antigua and Barbuda,ATG,2002,75.237,America,0.13,0.85,77,77
Antigua and Barbuda,ATG,2003,75.313,America,0.08,0.85,77,77
Antigua and Barbuda,ATG,2004,75.329,America,0.02,0.85,77,77
Antigua and Barbuda,ATG,2005,75.364,America,0.04,0.85,77,77
Antigua and Barbuda,ATG,2006,75.506,America,0.14,0.85,77,77
Antigua and Barbuda,ATG,2007,75.72,America,0.21,0.85,77,77
Antigua and Barbuda,ATG,2008,76.075,America,0.36,0.85,77,77
Antigua and Barbuda,ATG,2009,76.386,America,0.31,0.85,77,77
Antigua and Barbuda,ATG,2010,76.701,America,0.31,0.85,77,77
Antigua and Barbuda,ATG,2011,77.023,America,0.32,0.85,77,77
Antigua and Barbuda,ATG,2012,77.1,America,0.08,0.85,77,77
Antigua and Barbuda,ATG,2013,77.05,America,-0.05,0.85,77,77
Antigua and Barbuda,ATG,2014,76.912,America,-0.14,0.85,77,77
Antigua and Barbuda,ATG,2015,76.892,America,-0.02,0.85,77,77
Antigua and Barbuda,ATG,2016,76.968,America,0.08,0.85,77,77
Antigua and Barbuda,ATG,2017,77.03,America,0.06,0.85,77,77
Antigua and Barbuda,ATG,2018,77.132,America,0.1,0.85,77,77
Antigua and Barbuda,ATG,2019,77.168,America,0.04,0.85,77,77
Antigua and Barbuda,ATG,2020,77.161,America,-0.01,0.85,77,77
Antigua and Barbuda,ATG,2021,77.197,America,0.04,0.85,77,77
Antigua and Barbuda,ATG,2022,77.483,America,0.29,0.85,77,77
Antigua and Barbuda,ATG,2023,77.598,America,0.11,0.85,77,77
Antigua and Barbuda,ATG,2024,77.766,America,0.17,0.85,77,77
Australia,AUS,1960,70.81707317073172,Oceania,,0.75,22,22
Australia,AUS,1961,70.97317073170733,Oceania,0.16,0.75,22,22
Australia,AUS,1962,70.94243902439025,Oceania,-0.03,0.75,22,22
Australia,AUS,1963,70.9117073170732,Oceania,-0.03,0.75,22,22
Australia,AUS,1964,70.8809756097561,Oceania,-0.03,0.75,22,22
Australia,AUS,1965,70.85024390243903,Oceania,-0.03,0.75,22,22
Australia,AUS,1966,70.81951219512196,Oceania,-0.03,0.75,22,22
Australia,AUS,1967,70.86926829268293,Oceania,0.05,0.75,22,22
Australia,AUS,1968,70.91902439024392,Oceania,0.05,0.75,22,22
Australia,AUS,1969,70.96878048780488,Oceania,0.05,0.75,22,22
Australia,AUS,1970,71.01853658536587,Oceania,0.05,0.75,22,22
Australia,AUS,1971,71.06829268292684,Oceania,0.05,0.75,22,22
Australia,AUS,1972,71.45756097560977,Oceania,0.39,0.75,22,22
Australia,AUS,1973,71.8468292682927,Oceania,0.39,0.75,22,22
Australia,AUS,1974,72.23609756097562,Oceania,0.39,0.75,22,22
Australia,AUS,1975,72.62536585365855,Oceania,0.39,0.75,22,22
Australia,AUS,1976,73.01463414634148,Oceania,0.39,0.75,22,22
Australia,AUS,1977,73.34439024390244,Oceania,0.33,0.75,22,22
Australia,AUS,1978,73.67414634146341,Oceania,0.33,0.75,22,22
Australia,AUS,1979,74.00390243902442,Oceania,0.33,0.75,22,22
Australia,AUS,1980,74.33365853658536,Oceania,0.33,0.75,22,22
Australia,AUS,1981,74.66341463414635,Oceania,0.33,0.75,22,22
Australia,AUS,1982,74.9048780487805,Oceania,0.24,0.75,22,22
Australia,AUS,1983,75.14634146341464,Oceania,0.24,0.75,22,22
Australia,AUS,1984,75.3878048780488,Oceania,0.24,0.75,22,22
Australia,AUS,1985,75.62926829268294,Oceania,0.24,0.75,22,22
Australia,AUS,1986,75.87073170731709,Oceania,0.24,0.75,22,22
Australia,AUS,1987,76.15170731707317,Oceania,0.28,0.75,22,22
Australia,AUS,1988,76.43268292682929,Oceania,0.28,0.75,22,22
Australia,AUS,1989,76.71365853658537,Oceania,0.28,0.75,22,22
Australia,AUS,1990,76.99463414634147,Oceania,0.28,0.75,22,22
Australia,AUS,1991,77.27560975609758,Oceania,0.28,0.75,22,22
Australia,AUS,1992,77.37804878048782,Oceania,0.1,0.75,22,22
Australia,AUS,1993,77.87804878048782,Oceania,0.5,0.75,22,22
Australia,AUS,1994,77.87804878048782,Oceania,0.0,0.75,22,22
Australia,AUS,1995,77.82926829268294,Oceania,-0.05,0.75,22,22
Australia,AUS,1996,78.07804878048782,Oceania,0.25,0.75,22,22
Australia,AUS,1997,78.48048780487805,Oceania,0.4,0.75,22,22
Australia,AUS,1998,78.63170731707318,Oceania,0.15,0.75,22,22
Australia,AUS,1999,78.93170731707318,Oceania,0.3,0.75,22,22
Australia,AUS,2000,79.23414634146343,Oceania,0.3,0.75,22,22
Australia,AUS,2001,79.63414634146342,Oceania,0.4,0.75,22,22
Australia,AUS,2002,79.93658536585367,Oceania,0.3,0.75,22,22
Australia,AUS,2003,80.23902439024391,Oceania,0.3,0.75,22,22
Australia,AUS,2004,80.49024390243903,Oceania,0.25,0.75,22,22
Australia,AUS,2005,80.84146341463415,Oceania,0.35,0.75,22,22
Australia,AUS,2006,81.04146341463415,Oceania,0.2,0.75,22,22
Australia,AUS,2007,81.29268292682927,Oceania,0.25,0.75,22,22
Australia,AUS,2008,81.39512195121952,Oceania,0.1,0.75,22,22
Australia,AUS,2009,81.54390243902441,Oceania,0.15,0.75,22,22
Australia,AUS,2010,81.69512195121953,Oceania,0.15,0.75,22,22
Australia,AUS,2011,81.89512195121951,Oceania,0.2,0.75,22,22
Australia,AUS,2012,82.04634146341463,Oceania,0.15,0.75,22,22
Australia,AUS,2013,82.14878048780488,Oceania,0.1,0.75,22,22
Australia,AUS,2014,82.30000000000001,Oceania,0.15,0.75,22,22
Australia,AUS,2015,82.40000000000002,Oceania,0.1,0.75,22,22
Australia,AUS,2016,82.4487804878049,Oceania,0.05,0.75,22,22
Australia,AUS,2017,82.50000000000001,Oceania,0.05,0.75,22,22
Australia,AUS,2018,82.7487804878049,Oceania,0.25,0.75,22,22
Australia,AUS,2019,82.9,Oceania,0.15,0.75,22,22
Australia,AUS,2020,83.2,Oceania,0.3,0.75,22,22
Australia,AUS,2021,83.3,Oceania,0.1,0.75,22,22
Australia,AUS,2022,83.2,Oceania,-0.1,0.75,22,22
Australia,AUS,2023,83.05121951219513,Oceania,-0.15,0.75,22,22
Australia,AUS,2024,83.05121951219513,Oceania,0.0,0.75,22,22
Austria,AUT,1960,68.58560975609757,Europe,,0.5,36,36
Austria,AUT,1961,69.57731707317075,Europe,0.99,0.5,36,36
Austria,AUT,1962,69.30951219512197,Europe,-0.27,0.5,36,36
Austria,AUT,1963,69.44365853658539,Europe,0.13,0.5,36,36
Austria,AUT,1964,69.92195121951221,Europe,0.48,0.5,36,36
Austria,AUT,1965,69.72219512195122,Europe,-0.2,0.5,36,36
Austria,AUT,1966,70.04585365853659,Europe,0.32,0.5,36,36
Austria,AUT,1967,69.91780487804878,Europe,-0.13,0.5,36,36
Austria,AUT,1968,70.05756097560976,Europe,0.14,0.5,36,36
Austria,AUT,1969,69.83317073170733,Europe,-0.22,0.5,36,36
Austria,AUT,1970,69.91463414634147,Europe,0.08,0.5,36,36
Austria,AUT,1971,70.11463414634147,Europe,0.2,0.5,36,36
Austria,AUT,1972,70.46341463414635,Europe,0.35,0.5,36,36
Austria,AUT,1973,71.01463414634146,Europe,0.55,0.5,36,36
Austria,AUT,1974,71.01219512195122,Europe,-0.0,0.5,36,36
Austria,AUT,1975,71.11463414634149,Europe,0.1,0.5,36,36
Austria,AUT,1976,71.56585365853658,Europe,0.45,0.5,36,36
Austria,AUT,1977,71.91463414634147,Europe,0.35,0.5,36,36
Austria,AUT,1978,72.01219512195122,Europe,0.1,0.5,36,36
Austria,AUT,1979,72.31219512195123,Europe,0.3,0.5,36,36
Austria,AUT,1980,72.46341463414635,Europe,0.15,0.5,36,36
Austria,AUT,1981,72.81219512195122,Europe,0.35,0.5,36,36
Austria,AUT,1982,72.9609756097561,Europe,0.15,0.5,36,36
Austria,AUT,1983,73.01219512195124,Europe,0.05,0.5,36,36
Austria,AUT,1984,73.61219512195123,Europe,0.6,0.5,36,36
Austria,AUT,1985,73.81463414634148,Europe,0.2,0.5,36,36
Austria,AUT,1986,74.31707317073172,Europe,0.5,0.5,36,36
Austria,AUT,1987,74.76829268292684,Europe,0.45,0.5,36,36
Austria,AUT,1988,75.21707317073171,Europe,0.45,0.5,36,36
Austria,AUT,1989,75.2658536585366,Europe,0.05,0.5,36,36
Austria,AUT,1990,75.56829268292685,Europe,0.3,0.5,36,36
Austria,AUT,1991,75.6170731707317,Europe,0.05,0.5,36,36
Austria,AUT,1992,75.81707317073172,Europe,0.2,0.5,36,36
Austria,AUT,1993,76.06829268292684,Europe,0.25,0.5,36,36
Austria,AUT,1994,76.41951219512195,Europe,0.35,0.5,36,36
Austria,AUT,1995,76.66829268292685,Europe,0.25,0.5,36,36
Austria,AUT,1996,76.87073170731708,Europe,0.2,0.5,36,36
Austria,AUT,1997,77.31951219512196,Europe,0.45,0.5,36,36
Austria,AUT,1998,77.67073170731709,Europe,0.35,0.5,36,36
Austria,AUT,1999,77.87560975609757,Europe,0.2,0.5,36,36
Austria,AUT,2000,78.1268292682927,Europe,0.25,0.5,36,36
Austria,AUT,2001,78.57560975609756,Europe,0.45,0.5,36,36
Austria,AUT,2002,78.67804878048783,Europe,0.1,0.5,36,36
Austria,AUT,2003,78.63170731707318,Europe,-0.05,0.5,36,36
Austria,AUT,2004,79.18048780487806,Europe,0.55,0.5,36,36
Austria,AUT,2005,79.33170731707318,Europe,0.15,0.5,36,36
Austria,AUT,2006,79.88048780487806,Europe,0.55,0.5,36,36
Austria,AUT,2007,80.18048780487806,Europe,0.3,0.5,36,36
Austria,AUT,2008,80.43170731707318,Europe,0.25,0.5,36,36
Austria,AUT,2009,80.33170731707318,Europe,-0.1,0.5,36,36
Austria,AUT,2010,80.58048780487806,Europe,0.25,0.5,36,36
Austria,AUT,2011,80.9829268292683,Europe,0.4,0.5,36,36
Austria,AUT,2012,80.93658536585367,Europe,-0.05,0.5,36,36
Austria,AUT,2013,81.13658536585366,Europe,0.2,0.5,36,36
Austria,AUT,2014,81.49024390243903,Europe,0.35,0.5,36,36
Austria,AUT,2015,81.19024390243904,Europe,-0.3,0.5,36,36
Austria,AUT,2016,81.64146341463416,Europe,0.45,0.5,36,36
Austria,AUT,2017,81.6439024390244,Europe,0.0,0.5,36,36
Austria,AUT,2018,81.69268292682928,Europe,0.05,0.5,36,36
Austria,AUT,2019,81.89512195121951,Europe,0.2,0.5,36,36
Austria,AUT,2020,81.19268292682928,Europe,-0.7,0.5,36,36
Austria,AUT,2021,81.19024390243904,Europe,-0.0,0.5,36,36
Austria,AUT,2022,81.2951219512195,Europe,0.1,0.5,36,36
Austria,AUT,2023,81.79268292682929,Europe,0.5,0.5,36,36
Austria,AUT,2024,81.99512195121952,Europe,0.2,0.5,36,36
Azerbaijan,AZE,1960,50.862,Asia,,2.65,112,112
Azerbaijan,AZE,1961,51.435,Asia,0.57,2.65,112,112
Azerbaijan,AZE,1962,52.053,Asia,0.62,2.65,112,112
Azerbaijan,AZE,1963,52.696,Asia,0.64,2.65,112,112
Azerbaijan,AZE,1964,53.292,Asia,0.6,2.65,112,112
Azerbaijan,AZE,1965,53.884,Asia,0.59,2.65,112,112
Azerbaijan,AZE,1966,54.485,Asia,0.6,2.65,112,112
Azerbaijan,AZE,1967,55.032,Asia,0.55,2.65,112,112
Azerbaijan,AZE,1968,55.563,Asia,0.53,2.65,112,112
Azerbaijan,AZE,1969,56.08,Asia,0.52,2.65,112,112
Azerbaijan,AZE,1970,56.586,Asia,0.51,2.65,112,112
Azerbaijan,AZE,1971,57.043,Asia,0.46,2.65,112,112
Azerbaijan,AZE,1972,57.503,Asia,0.46,2.65,112,112
Azerbaijan,AZE,1973,57.926,Asia,0.42,2.65,112,112
Azerbaijan,AZE,1974,58.332,Asia,0.41,2.65,112,112
Azerbaijan,AZE,1975,58.687,Asia,0.35,2.65,112,112
Azerbaijan,AZE,1976,59.477,Asia,0.79,2.65,112,112
Azerbaijan,AZE,1977,59.972,Asia,0.5,2.65,112,112
Azerbaijan,AZE,1978,60.494,Asia,0.52,2.65,112,112
Azerbaijan,AZE,1979,60.931,Asia,0.44,2.65,112,112
Azerbaijan,AZE,1980,61.433,Asia,0.5,2.65,112,112
Azerbaijan,AZE,1981,61.908,Asia,0.48,2.65,112,112
Azerbaijan,AZE,1982,62.23,Asia,0.32,2.65,112,112
Azerbaijan,AZE,1983,62.479,Asia,0.25,2.65,112,112
Azerbaijan,AZE,1984,62.084,Asia,-0.39,2.65,112,112
Azerbaijan,AZE,1985,62.674,Asia,0.59,2.65,112,112
Azerbaijan,AZE,1986,62.603,Asia,-0.07,2.65,112,112
Azerbaijan,AZE,1987,62.824,Asia,0.22,2.65,112,112
Azerbaijan,AZE,1988,62.672,Asia,-0.15,2.65,112,112
Azerbaijan,AZE,1989,62.945,Asia,0.27,2.65,112,112
Azerbaijan,AZE,1990,62.75,Asia,-0.2,2.65,112,112
Azerbaijan,AZE,1991,62.544,Asia,-0.21,2.65,112,112
Azerbaijan,AZE,1992,60.773,Asia,-1.77,2.65,112,112
Azerbaijan,AZE,1993,61.426,Asia,0.65,2.65,112,112
Azerbaijan,AZE,1994,60.277,Asia,-1.15,2.65,112,112
Azerbaijan,AZE,1995,61.931,Asia,1.65,2.65,112,112
Azerbaijan,AZE,1996,62.66,Asia,0.73,2.65,112,112
Azerbaijan,AZE,1997,62.953,Asia,0.29,2.65,112,112
Azerbaijan,AZE,1998,63.75,Asia,0.8,2.65,112,112
Azerbaijan,AZE,1999,64.733,Asia,0.98,2.65,112,112
Azerbaijan,AZE,2000,65.377,Asia,0.64,2.65,112,112
Azerbaijan,AZE,2001,66.043,Asia,0.67,2.65,112,112
Azerbaijan,AZE,2002,66.769,Asia,0.73,2.65,112,112
Azerbaijan,AZE,2003,67.036,Asia,0.27,2.65,112,112
Azerbaijan,AZE,2004,67.488,Asia,0.45,2.65,112,112
Azerbaijan,AZE,2005,67.71,Asia,0.22,2.65,112,112
Azerbaijan,AZE,2006,68.489,Asia,0.78,2.65,112,112
Azerbaijan,AZE,2007,68.659,Asia,0.17,2.65,112,112
Azerbaijan,AZE,2008,69.355,Asia,0.7,2.65,112,112
Azerbaijan,AZE,2009,69.874,Asia,0.52,2.65,112,112
Azerbaijan,AZE,2010,70.309,Asia,0.44,2.65,112,112
Azerbaijan,AZE,2011,70.565,Asia,0.26,2.65,112,112
Azerbaijan,AZE,2012,71.08,Asia,0.52,2.65,112,112
Azerbaijan,AZE,2013,71.485,Asia,0.41,2.65,112,112
Azerbaijan,AZE,2014,71.93,Asia,0.45,2.65,112,112
Azerbaijan,AZE,2015,72.349,Asia,0.42,2.65,112,112
Azerbaijan,AZE,2016,72.568,Asia,0.22,2.65,112,112
Azerbaijan,AZE,2017,72.694,Asia,0.13,2.65,112,112
Azerbaijan,AZE,2018,73.016,Asia,0.32,2.65,112,112
Azerbaijan,AZE,2019,73.29,Asia,0.27,2.65,112,112
Azerbaijan,AZE,2020,70.312,Asia,-2.98,2.65,112,112
Azerbaijan,AZE,2021,70.999,Asia,0.69,2.65,112,112
Azerbaijan,AZE,2022,74.125,Asia,3.13,2.65,112,112
Azerbaijan,AZE,2023,74.429,Asia,0.3,2.65,112,112
Azerbaijan,AZE,2024,74.576,Asia,0.15,2.65,112,112
Burundi,BDI,1960,43.262,Africa,,4.05,198,198
Burundi,BDI,1961,43.364,Africa,0.1,4.05,198,198
Burundi,BDI,1962,43.492,Africa,0.13,4.05,198,198
Burundi,BDI,1963,43.559,Africa,0.07,4.05,198,198
Burundi,BDI,1964,43.601,Africa,0.04,4.05,198,198
Burundi,BDI,1965,41.844,Africa,-1.76,4.05,198,198
Burundi,BDI,1966,43.529,Africa,1.69,4.05,198,198
Burundi,BDI,1967,43.332,Africa,-0.2,4.05,198,198
Burundi,BDI,1968,43.405,Africa,0.07,4.05,198,198
Burundi,BDI,1969,43.0,Africa,-0.41,4.05,198,198
Burundi,BDI,1970,43.225,Africa,0.23,4.05,198,198
Burundi,BDI,1971,43.172,Africa,-0.05,4.05,198,198
Burundi,BDI,1972,25.777,Africa,-17.39,4.05,198,198
Burundi,BDI,1973,37.409,Africa,11.63,4.05,198,198
Burundi,BDI,1974,43.337,Africa,5.93,4.05,198,198
Burundi,BDI,1975,43.445,Africa,0.11,4.05,198,198
Burundi,BDI,1976,43.691,Africa,0.25,4.05,198,198
Burundi,BDI,1977,43.97,Africa,0.28,4.05,198,198
Burundi,BDI,1978,44.404,Africa,0.43,4.05,198,198
Burundi,BDI,1979,45.038,Africa,0.63,4.05,198,198
Burundi,BDI,1980,45.731,Africa,0.69,4.05,198,198
Burundi,BDI,1981,46.412,Africa,0.68,4.05,198,198
Burundi,BDI,1982,47.012,Africa,0.6,4.05,198,198
Burundi,BDI,1983,47.433,Africa,0.42,4.05,198,198
Burundi,BDI,1984,47.687,Africa,0.25,4.05,198,198
Burundi,BDI,1985,47.662,Africa,-0.02,4.05,198,198
Burundi,BDI,1986,47.402,Africa,-0.26,4.05,198,198
Burundi,BDI,1987,47.066,Africa,-0.34,4.05,198,198
Burundi,BDI,1988,42.889,Africa,-4.18,4.05,198,198
Burundi,BDI,1989,45.745,Africa,2.86,4.05,198,198
Burundi,BDI,1990,45.184,Africa,-0.56,4.05,198,198
Burundi,BDI,1991,44.66,Africa,-0.52,4.05,198,198
Burundi,BDI,1992,44.469,Africa,-0.19,4.05,198,198
Burundi,BDI,1993,37.221,Africa,-7.25,4.05,198,198
Burundi,BDI,1994,44.515,Africa,7.29,4.05,198,198
Burundi,BDI,1995,44.589,Africa,0.07,4.05,198,198
Burundi,BDI,1996,44.807,Africa,0.22,4.05,198,198
Burundi,BDI,1997,45.721,Africa,0.91,4.05,198,198
Burundi,BDI,1998,46.678,Africa,0.96,4.05,198,198
Burundi,BDI,1999,47.627,Africa,0.95,4.05,198,198
Burundi,BDI,2000,47.617,Africa,-0.01,4.05,198,198
Burundi,BDI,2001,48.509,Africa,0.89,4.05,198,198
Burundi,BDI,2002,49.924,Africa,1.41,4.05,198,198
Burundi,BDI,2003,50.997,Africa,1.07,4.05,198,198
Burundi,BDI,2004,52.217,Africa,1.22,4.05,198,198
Burundi,BDI,2005,53.053,Africa,0.84,4.05,198,198
Burundi,BDI,2006,53.962,Africa,0.91,4.05,198,198
Burundi,BDI,2007,54.832,Africa,0.87,4.05,198,198
Burundi,BDI,2008,55.581,Africa,0.75,4.05,198,198
Burundi,BDI,2009,56.422,Africa,0.84,4.05,198,198
Burundi,BDI,2010,57.088,Africa,0.67,4.05,198,198
Burundi,BDI,2011,57.804,Africa,0.72,4.05,198,198
Burundi,BDI,2012,58.501,Africa,0.7,4.05,198,198
Burundi,BDI,2013,59.179,Africa,0.68,4.05,198,198
Burundi,BDI,2014,59.764,Africa,0.59,4.05,198,198
Burundi,BDI,2015,60.107,Africa,0.34,4.05,198,198
Burundi,BDI,2016,60.789,Africa,0.68,4.05,198,198
Burundi,BDI,2017,61.345,Africa,0.56,4.05,198,198
Burundi,BDI,2018,61.806,Africa,0.46,4.05,198,198
Burundi,BDI,2019,62.18,Africa,0.37,4.05,198,198
Burundi,BDI,2020,62.569,Africa,0.39,4.05,198,198
Burundi,BDI,2021,62.101,Africa,-0.47,4.05,198,198
Burundi,BDI,2022,62.882,Africa,0.78,4.05,198,198
Burundi,BDI,2023,63.651,Africa,0.77,4.05,198,198
Burundi,BDI,2024,63.818,Africa,0.17,4.05,198,198
Belgium,BEL,1960,69.70195121951221,Europe,,1.01,31,31
Belgium,BEL,1961,70.52097560975609,Europe,0.82,1.01,31,31
Belgium,BEL,1962,70.21951219512196,Europe,-0.3,1.01,31,31
Belgium,BEL,1963,70.05146341463416,Europe,-0.17,1.01,31,31
Belgium,BEL,1964,70.75512195121952,Europe,0.7,1.01,31,31
Belgium,BEL,1965,70.62536585365855,Europe,-0.13,1.01,31,31
Belgium,BEL,1966,70.70634146341465,Europe,0.08,1.01,31,31
Belgium,BEL,1967,71.01292682926831,Europe,0.31,1.01,31,31
Belgium,BEL,1968,70.69317073170733,Europe,-0.32,1.01,31,31
Belgium,BEL,1969,70.76487804878049,Europe,0.07,1.01,31,31
Belgium,BEL,1970,70.9719512195122,Europe,0.21,1.01,31,31
Belgium,BEL,1971,71.06048780487806,Europe,0.09,1.01,31,31
Belgium,BEL,1972,71.40512195121951,Europe,0.34,1.01,31,31
Belgium,BEL,1973,71.63536585365856,Europe,0.23,1.01,31,31
Belgium,BEL,1974,71.98585365853658,Europe,0.35,1.01,31,31
Belgium,BEL,1975,71.97121951219512,Europe,-0.01,1.01,31,31
Belgium,BEL,1976,72.119756097561,Europe,0.15,1.01,31,31
Belgium,BEL,1977,72.77390243902441,Europe,0.65,1.01,31,31
Belgium,BEL,1978,72.69804878048781,Europe,-0.08,1.01,31,31
Belgium,BEL,1979,73.19365853658537,Europe,0.5,1.01,31,31
Belgium,BEL,1980,73.20707317073172,Europe,0.01,1.01,31,31
Belgium,BEL,1981,73.62170731707319,Europe,0.41,1.01,31,31
Belgium,BEL,1982,73.88804878048782,Europe,0.27,1.01,31,31
Belgium,BEL,1983,73.86902439024391,Europe,-0.02,1.01,31,31
Belgium,BEL,1984,74.40487804878049,Europe,0.54,1.01,31,31
Belgium,BEL,1985,74.52024390243903,Europe,0.12,1.01,31,31
Belgium,BEL,1986,74.73170731707319,Europe,0.21,1.01,31,31
Belgium,BEL,1987,75.3658536585366,Europe,0.63,1.01,31,31
Belgium,BEL,1988,75.5658536585366,Europe,0.2,1.01,31,31
Belgium,BEL,1989,75.63268292682929,Europe,0.07,1.01,31,31
Belgium,BEL,1990,76.0519512195122,Europe,0.42,1.01,31,31
Belgium,BEL,1991,76.19219512195123,Europe,0.14,1.01,31,31
Belgium,BEL,1992,76.35121951219513,Europe,0.16,1.01,31,31
Belgium,BEL,1993,76.34536585365854,Europe,-0.01,1.01,31,31
Belgium,BEL,1994,76.69170731707318,Europe,0.35,1.01,31,31
Belgium,BEL,1995,76.84073170731709,Europe,0.15,1.01,31,31
Belgium,BEL,1996,77.18731707317073,Europe,0.35,1.01,31,31
Belgium,BEL,1997,77.37073170731709,Europe,0.18,1.01,31,31
Belgium,BEL,1998,77.47317073170733,Europe,0.1,1.01,31,31
Belgium,BEL,1999,77.61951219512196,Europe,0.15,1.01,31,31
Belgium,BEL,2000,77.72195121951219,Europe,0.1,1.01,31,31
Belgium,BEL,2001,77.97317073170734,Europe,0.25,1.01,31,31
Belgium,BEL,2002,78.07560975609758,Europe,0.1,1.01,31,31
Belgium,BEL,2003,78.12926829268292,Europe,0.05,1.01,31,31
Belgium,BEL,2004,78.8780487804878,Europe,0.75,1.01,31,31
Belgium,BEL,2005,78.98048780487807,Europe,0.1,1.01,31,31
Belgium,BEL,2006,79.38048780487804,Europe,0.4,1.01,31,31
Belgium,BEL,2007,79.7829268292683,Europe,0.4,1.01,31,31
Belgium,BEL,2008,79.68048780487806,Europe,-0.1,1.01,31,31
Belgium,BEL,2009,80.03414634146341,Europe,0.35,1.01,31,31
Belgium,BEL,2010,80.1829268292683,Europe,0.15,1.01,31,31
Belgium,BEL,2011,80.58536585365854,Europe,0.4,1.01,31,31
Belgium,BEL,2012,80.38536585365854,Europe,-0.2,1.01,31,31
Belgium,BEL,2013,80.58780487804879,Europe,0.2,1.01,31,31
Belgium,BEL,2014,81.28780487804877,Europe,0.7,1.01,31,31
Belgium,BEL,2015,80.99268292682929,Europe,-0.3,1.01,31,31
Belgium,BEL,2016,81.4390243902439,Europe,0.45,1.01,31,31
Belgium,BEL,2017,81.49268292682927,Europe,0.05,1.01,31,31
Belgium,BEL,2018,81.59512195121953,Europe,0.1,1.01,31,31
Belgium,BEL,2019,81.99512195121952,Europe,0.4,1.01,31,31
Belgium,BEL,2020,80.69512195121952,Europe,-1.3,1.01,31,31
Belgium,BEL,2021,81.79024390243904,Europe,1.1,1.01,31,31
Belgium,BEL,2022,81.7487804878049,Europe,-0.04,1.01,31,31
Belgium,BEL,2023,82.40000000000002,Europe,0.65,1.01,31,31
Belgium,BEL,2024,82.30000000000001,Europe,-0.1,1.01,31,31
Benin,BEN,1960,38.775,Africa,,1.95,209,209
Benin,BEN,1961,39.233,Africa,0.46,1.95,209,209
Benin,BEN,1962,39.643,Africa,0.41,1.95,209,209
Benin,BEN,1963,40.081,Africa,0.44,1.95,209,209
Benin,BEN,1964,40.502,Africa,0.42,1.95,209,209
Benin,BEN,1965,40.971,Africa,0.47,1.95,209,209
Benin,BEN,1966,41.274,Africa,0.3,1.95,209,209
Benin,BEN,1967,41.759,Africa,0.48,1.95,209,209
Benin,BEN,1968,42.182,Africa,0.42,1.95,209,209
Benin,BEN,1969,42.591,Africa,0.41,1.95,209,209
Benin,BEN,1970,43.029,Africa,0.44,1.95,209,209
Benin,BEN,1971,43.391,Africa,0.36,1.95,209,209
Benin,BEN,1972,43.928,Africa,0.54,1.95,209,209
Benin,BEN,1973,44.435,Africa,0.51,1.95,209,209
Benin,BEN,1974,44.876,Africa,0.44,1.95,209,209
Benin,BEN,1975,45.405,Africa,0.53,1.95,209,209
Benin,BEN,1976,45.952,Africa,0.55,1.95,209,209
Benin,BEN,1977,46.504,Africa,0.55,1.95,209,209
Benin,BEN,1978,46.941,Africa,0.44,1.95,209,209
Benin,BEN,1979,47.362,Africa,0.42,1.95,209,209
Benin,BEN,1980,47.747,Africa,0.38,1.95,209,209
Benin,BEN,1981,48.122,Africa,0.38,1.95,209,209
Benin,BEN,1982,48.493,Africa,0.37,1.95,209,209
Benin,BEN,1983,48.845,Africa,0.35,1.95,209,209
Benin,BEN,1984,49.399,Africa,0.55,1.95,209,209
Benin,BEN,1985,49.959,Africa,0.56,1.95,209,209
Benin,BEN,1986,50.632,Africa,0.67,1.95,209,209
Benin,BEN,1987,51.258,Africa,0.63,1.95,209,209
Benin,BEN,1988,52.019,Africa,0.76,1.95,209,209
Benin,BEN,1989,52.45,Africa,0.43,1.95,209,209
Benin,BEN,1990,53.02,Africa,0.57,1.95,209,209
Benin,BEN,1991,53.441,Africa,0.42,1.95,209,209
Benin,BEN,1992,54.137,Africa,0.7,1.95,209,209
Benin,BEN,1993,54.612,Africa,0.48,1.95,209,209
Benin,BEN,1994,54.988,Africa,0.38,1.95,209,209
Benin,BEN,1995,55.366,Africa,0.38,1.95,209,209
Benin,BEN,1996,55.648,Africa,0.28,1.95,209,209
Benin,BEN,1997,55.986,Africa,0.34,1.95,209,209
Benin,BEN,1998,56.154,Africa,0.17,1.95,209,209
Benin,BEN,1999,56.336,Africa,0.18,1.95,209,209
Benin,BEN,2000,56.594,Africa,0.26,1.95,209,209
Benin,BEN,2001,56.654,Africa,0.06,1.95,209,209
Benin,BEN,2002,56.851,Africa,0.2,1.95,209,209
Benin,BEN,2003,57.092,Africa,0.24,1.95,209,209
Benin,BEN,2004,57.346,Africa,0.25,1.95,209,209
Benin,BEN,2005,57.738,Africa,0.39,1.95,209,209
Benin,BEN,2006,57.966,Africa,0.23,1.95,209,209
Benin,BEN,2007,58.249,Africa,0.28,1.95,209,209
Benin,BEN,2008,58.099,Africa,-0.15,1.95,209,209
Benin,BEN,2009,58.258,Africa,0.16,1.95,209,209
Benin,BEN,2010,58.387,Africa,0.13,1.95,209,209
Benin,BEN,2011,58.462,Africa,0.08,1.95,209,209
Benin,BEN,2012,58.559,Africa,0.1,1.95,209,209
Benin,BEN,2013,58.863,Africa,0.3,1.95,209,209
Benin,BEN,2014,59.008,Africa,0.15,1.95,209,209
Benin,BEN,2015,59.123,Africa,0.11,1.95,209,209
Benin,BEN,2016,59.283,Africa,0.16,1.95,209,209
Benin,BEN,2017,59.528,Africa,0.24,1.95,209,209
Benin,BEN,2018,59.71,Africa,0.18,1.95,209,209
Benin,BEN,2019,59.888,Africa,0.18,1.95,209,209
Benin,BEN,2020,60.154,Africa,0.27,1.95,209,209
Benin,BEN,2021,59.61,Africa,-0.54,1.95,209,209
Benin,BEN,2022,60.475,Africa,0.87,1.95,209,209
Benin,BEN,2023,60.774,Africa,0.3,1.95,209,209
Benin,BEN,2024,60.961,Africa,0.19,1.95,209,209
Burkina Faso,BFA,1960,36.074,Africa,,2.96,208,208
Burkina Faso,BFA,1961,36.361,Africa,0.29,2.96,208,208
Burkina Faso,BFA,1962,36.753,Africa,0.39,2.96,208,208
Burkina Faso,BFA,1963,37.093,Africa,0.34,2.96,208,208
Burkina Faso,BFA,1964,37.399,Africa,0.31,2.96,208,208
Burkina Faso,BFA,1965,37.758,Africa,0.36,2.96,208,208
Burkina Faso,BFA,1966,38.091,Africa,0.33,2.96,208,208
Burkina Faso,BFA,1967,38.432,Africa,0.34,2.96,208,208
Burkina Faso,BFA,1968,38.76,Africa,0.33,2.96,208,208
Burkina Faso,BFA,1969,39.023,Africa,0.26,2.96,208,208
Burkina Faso,BFA,1970,39.54,Africa,0.52,2.96,208,208
Burkina Faso,BFA,1971,39.853,Africa,0.31,2.96,208,208
Burkina Faso,BFA,1972,40.399,Africa,0.55,2.96,208,208
Burkina Faso,BFA,1973,40.947,Africa,0.55,2.96,208,208
Burkina Faso,BFA,1974,41.711,Africa,0.76,2.96,208,208
Burkina Faso,BFA,1975,42.486,Africa,0.77,2.96,208,208
Burkina Faso,BFA,1976,43.327,Africa,0.84,2.96,208,208
Burkina Faso,BFA,1977,44.167,Africa,0.84,2.96,208,208
Burkina Faso,BFA,1978,44.995,Africa,0.83,2.96,208,208
Burkina Faso,BFA,1979,45.702,Africa,0.71,2.96,208,208
Burkina Faso,BFA,1980,46.465,Africa,0.76,2.96,208,208
Burkina Faso,BFA,1981,46.866,Africa,0.4,2.96,208,208
Burkina Faso,BFA,1982,47.633,Africa,0.77,2.96,208,208
Burkina Faso,BFA,1983,48.061,Africa,0.43,2.96,208,208
Burkina Faso,BFA,1984,48.464,Africa,0.4,2.96,208,208
Burkina Faso,BFA,1985,48.748,Africa,0.28,2.96,208,208
Burkina Faso,BFA,1986,48.987,Africa,0.24,2.96,208,208
Burkina Faso,BFA,1987,49.097,Africa,0.11,2.96,208,208
Burkina Faso,BFA,1988,49.215,Africa,0.12,2.96,208,208
Burkina Faso,BFA,1989,49.27,Africa,0.05,2.96,208,208
Burkina Faso,BFA,1990,49.315,Africa,0.04,2.96,208,208
Burkina Faso,BFA,1991,49.33,Africa,0.02,2.96,208,208
Burkina Faso,BFA,1992,49.378,Africa,0.05,2.96,208,208
Burkina Faso,BFA,1993,49.412,Africa,0.03,2.96,208,208
Burkina Faso,BFA,1994,49.469,Africa,0.06,2.96,208,208
Burkina Faso,BFA,1995,49.554,Africa,0.09,2.96,208,208
Burkina Faso,BFA,1996,49.693,Africa,0.14,2.96,208,208
Burkina Faso,BFA,1997,49.56,Africa,-0.13,2.96,208,208
Burkina Faso,BFA,1998,50.163,Africa,0.6,2.96,208,208
Burkina Faso,BFA,1999,50.463,Africa,0.3,2.96,208,208
Burkina Faso,BFA,2000,50.808,Africa,0.34,2.96,208,208
Burkina Faso,BFA,2001,51.188,Africa,0.38,2.96,208,208
Burkina Faso,BFA,2002,51.447,Africa,0.26,2.96,208,208
Burkina Faso,BFA,2003,51.959,Africa,0.51,2.96,208,208
Burkina Faso,BFA,2004,52.6,Africa,0.64,2.96,208,208
Burkina Faso,BFA,2005,53.271,Africa,0.67,2.96,208,208
Burkina Faso,BFA,2006,53.784,Africa,0.51,2.96,208,208
Burkina Faso,BFA,2007,54.377,Africa,0.59,2.96,208,208
Burkina Faso,BFA,2008,55.199,Africa,0.82,2.96,208,208
Burkina Faso,BFA,2009,55.791,Africa,0.59,2.96,208,208
Burkina Faso,BFA,2010,56.343,Africa,0.55,2.96,208,208
Burkina Faso,BFA,2011,57.001,Africa,0.66,2.96,208,208
Burkina Faso,BFA,2012,57.457,Africa,0.46,2.96,208,208
Burkina Faso,BFA,2013,57.903,Africa,0.45,2.96,208,208
Burkina Faso,BFA,2014,58.331,Africa,0.43,2.96,208,208
Burkina Faso,BFA,2015,58.778,Africa,0.45,2.96,208,208
Burkina Faso,BFA,2016,59.173,Africa,0.4,2.96,208,208
Burkina Faso,BFA,2017,59.578,Africa,0.41,2.96,208,208
Burkina Faso,BFA,2018,59.972,Africa,0.39,2.96,208,208
Burkina Faso,BFA,2019,60.184,Africa,0.21,2.96,208,208
Burkina Faso,BFA,2020,60.454,Africa,0.27,2.96,208,208
Burkina Faso,BFA,2021,60.046,Africa,-0.41,2.96,208,208
Burkina Faso,BFA,2022,60.7,Africa,0.65,2.96,208,208
Burkina Faso,BFA,2023,61.092,Africa,0.39,2.96,208,208
Burkina Faso,BFA,2024,61.292,Africa,0.2,2.96,208,208
Bangladesh,BGD,1960,43.98,Asia,,4.91,107,107
Bangladesh,BGD,1961,44.887,Asia,0.91,4.91,107,107
Bangladesh,BGD,1962,45.765,Asia,0.88,4.91,107,107
Bangladesh,BGD,1963,45.722,Asia,-0.04,4.91,107,107
Bangladesh,BGD,1964,46.752,Asia,1.03,4.91,107,107
Bangladesh,BGD,1965,46.046,Asia,-0.71,4.91,107,107
Bangladesh,BGD,1966,47.644,Asia,1.6,4.91,107,107
Bangladesh,BGD,1967,48.066,Asia,0.42,4.91,107,107
Bangladesh,BGD,1968,48.4,Asia,0.33,4.91,107,107
Bangladesh,BGD,1969,48.686,Asia,0.29,4.91,107,107
Bangladesh,BGD,1970,42.667,Asia,-6.02,4.91,107,107
Bangladesh,BGD,1971,26.522,Asia,-16.15,4.91,107,107
Bangladesh,BGD,1972,49.647,Asia,23.12,4.91,107,107
Bangladesh,BGD,1973,49.914,Asia,0.27,4.91,107,107
Bangladesh,BGD,1974,49.589,Asia,-0.33,4.91,107,107
Bangladesh,BGD,1975,50.627,Asia,1.04,4.91,107,107
Bangladesh,BGD,1976,50.951,Asia,0.32,4.91,107,107
Bangladesh,BGD,1977,51.265,Asia,0.31,4.91,107,107
Bangladesh,BGD,1978,51.596,Asia,0.33,4.91,107,107
Bangladesh,BGD,1979,51.959,Asia,0.36,4.91,107,107
Bangladesh,BGD,1980,52.278,Asia,0.32,4.91,107,107
Bangladesh,BGD,1981,52.638,Asia,0.36,4.91,107,107
Bangladesh,BGD,1982,53.012,Asia,0.37,4.91,107,107
Bangladesh,BGD,1983,53.441,Asia,0.43,4.91,107,107
Bangladesh,BGD,1984,53.826,Asia,0.38,4.91,107,107
Bangladesh,BGD,1985,53.937,Asia,0.11,4.91,107,107
Bangladesh,BGD,1986,54.592,Asia,0.66,4.91,107,107
Bangladesh,BGD,1987,54.899,Asia,0.31,4.91,107,107
Bangladesh,BGD,1988,55.174,Asia,0.27,4.91,107,107
Bangladesh,BGD,1989,55.514,Asia,0.34,4.91,107,107
Bangladesh,BGD,1990,55.822,Asia,0.31,4.91,107,107
Bangladesh,BGD,1991,53.781,Asia,-2.04,4.91,107,107
Bangladesh,BGD,1992,56.592,Asia,2.81,4.91,107,107
Bangladesh,BGD,1993,57.073,Asia,0.48,4.91,107,107
Bangladesh,BGD,1994,57.64,Asia,0.57,4.91,107,107
Bangladesh,BGD,1995,58.244,Asia,0.6,4.91,107,107
Bangladesh,BGD,1996,58.94,Asia,0.7,4.91,107,107
Bangladesh,BGD,1997,59.671,Asia,0.73,4.91,107,107
Bangladesh,BGD,1998,60.429,Asia,0.76,4.91,107,107
Bangladesh,BGD,1999,61.244,Asia,0.81,4.91,107,107
Bangladesh,BGD,2000,62.049,Asia,0.8,4.91,107,107
Bangladesh,BGD,2001,62.836,Asia,0.79,4.91,107,107
Bangladesh,BGD,2002,63.591,Asia,0.76,4.91,107,107
Bangladesh,BGD,2003,64.288,Asia,0.7,4.91,107,107
Bangladesh,BGD,2004,64.912,Asia,0.62,4.91,107,107
Bangladesh,BGD,2005,65.509,Asia,0.6,4.91,107,107
Bangladesh,BGD,2006,66.048,Asia,0.54,4.91,107,107
Bangladesh,BGD,2007,66.458,Asia,0.41,4.91,107,107
Bangladesh,BGD,2008,67.047,Asia,0.59,4.91,107,107
Bangladesh,BGD,2009,67.527,Asia,0.48,4.91,107,107
Bangladesh,BGD,2010,68.009,Asia,0.48,4.91,107,107
Bangladesh,BGD,2011,68.499,Asia,0.49,4.91,107,107
Bangladesh,BGD,2012,68.989,Asia,0.49,4.91,107,107
Bangladesh,BGD,2013,69.487,Asia,0.5,4.91,107,107
Bangladesh,BGD,2014,70.016,Asia,0.53,4.91,107,107
Bangladesh,BGD,2015,70.543,Asia,0.53,4.91,107,107
Bangladesh,BGD,2016,71.075,Asia,0.53,4.91,107,107
Bangladesh,BGD,2017,71.606,Asia,0.53,4.91,107,107
Bangladesh,BGD,2018,72.122,Asia,0.52,4.91,107,107
Bangladesh,BGD,2019,72.625,Asia,0.5,4.91,107,107
Bangladesh,BGD,2020,71.421,Asia,-1.2,4.91,107,107
Bangladesh,BGD,2021,71.103,Asia,-0.32,4.91,107,107
Bangladesh,BGD,2022,74.265,Asia,3.16,4.91,107,107
Bangladesh,BGD,2023,74.672,Asia,0.41,4.91,107,107
Bangladesh,BGD,2024,74.93,Asia,0.26,4.91,107,107
Bulgaria,BGR,1960,69.24756097560976,Europe,,1.3,101,101
Bulgaria,BGR,1961,70.19560975609757,Europe,0.95,1.3,101,101
Bulgaria,BGR,1962,69.4919512195122,Europe,-0.7,1.3,101,101
Bulgaria,BGR,1963,70.30926829268294,Europe,0.82,1.3,101,101
Bulgaria,BGR,1964,71.12121951219513,Europe,0.81,1.3,101,101
Bulgaria,BGR,1965,71.2939024390244,Europe,0.17,1.3,101,101
Bulgaria,BGR,1966,71.22341463414635,Europe,-0.07,1.3,101,101
Bulgaria,BGR,1967,70.4139024390244,Europe,-0.81,1.3,101,101
Bulgaria,BGR,1968,71.22512195121952,Europe,0.81,1.3,101,101
Bulgaria,BGR,1969,70.43000000000002,Europe,-0.8,1.3,101,101
Bulgaria,BGR,1970,71.25634146341464,Europe,0.83,1.3,101,101
Bulgaria,BGR,1971,70.87365853658537,Europe,-0.38,1.3,101,101
Bulgaria,BGR,1972,70.89951219512196,Europe,0.03,1.3,101,101
Bulgaria,BGR,1973,71.34219512195124,Europe,0.44,1.3,101,101
Bulgaria,BGR,1974,71.2080487804878,Europe,-0.13,1.3,101,101
Bulgaria,BGR,1975,71.04975609756097,Europe,-0.16,1.3,101,101
Bulgaria,BGR,1976,71.3948780487805,Europe,0.35,1.3,101,101
Bulgaria,BGR,1977,70.81609756097562,Europe,-0.58,1.3,101,101
Bulgaria,BGR,1978,71.18463414634147,Europe,0.37,1.3,101,101
Bulgaria,BGR,1979,71.30829268292685,Europe,0.12,1.3,101,101
Bulgaria,BGR,1980,71.15756097560975,Europe,-0.15,1.3,101,101
Bulgaria,BGR,1981,71.57195121951221,Europe,0.41,1.3,101,101
Bulgaria,BGR,1982,71.18609756097563,Europe,-0.39,1.3,101,101
Bulgaria,BGR,1983,71.38634146341464,Europe,0.2,1.3,101,101
Bulgaria,BGR,1984,71.49975609756098,Europe,0.11,1.3,101,101
Bulgaria,BGR,1985,71.2280487804878,Europe,-0.27,1.3,101,101
Bulgaria,BGR,1986,71.73073170731708,Europe,0.5,1.3,101,101
Bulgaria,BGR,1987,71.52682926829269,Europe,-0.2,1.3,101,101
Bulgaria,BGR,1988,71.60439024390244,Europe,0.08,1.3,101,101
Bulgaria,BGR,1989,71.72243902439025,Europe,0.12,1.3,101,101
Bulgaria,BGR,1990,71.64146341463416,Europe,-0.08,1.3,101,101
Bulgaria,BGR,1991,71.5609756097561,Europe,-0.08,1.3,101,101
Bulgaria,BGR,1992,71.49439024390244,Europe,-0.07,1.3,101,101
Bulgaria,BGR,1993,71.3468292682927,Europe,-0.15,1.3,101,101
Bulgaria,BGR,1994,71.20878048780489,Europe,-0.14,1.3,101,101
Bulgaria,BGR,1995,71.05341463414635,Europe,-0.16,1.3,101,101
Bulgaria,BGR,1996,70.89731707317073,Europe,-0.16,1.3,101,101
Bulgaria,BGR,1997,70.35121951219514,Europe,-0.55,1.3,101,101
Bulgaria,BGR,1998,71.06097560975611,Europe,0.71,1.3,101,101
Bulgaria,BGR,1999,71.41219512195123,Europe,0.35,1.3,101,101
Bulgaria,BGR,2000,71.66341463414635,Europe,0.25,1.3,101,101
Bulgaria,BGR,2001,71.76829268292684,Europe,0.1,1.3,101,101
Bulgaria,BGR,2002,71.86585365853658,Europe,0.1,1.3,101,101
Bulgaria,BGR,2003,72.0658536585366,Europe,0.2,1.3,101,101
Bulgaria,BGR,2004,72.56341463414634,Europe,0.5,1.3,101,101
Bulgaria,BGR,2005,72.5609756097561,Europe,-0.0,1.3,101,101
Bulgaria,BGR,2006,72.61219512195122,Europe,0.05,1.3,101,101
Bulgaria,BGR,2007,72.66341463414635,Europe,0.05,1.3,101,101
Bulgaria,BGR,2008,72.96341463414635,Europe,0.3,1.3,101,101
Bulgaria,BGR,2009,73.41219512195123,Europe,0.45,1.3,101,101
Bulgaria,BGR,2010,73.51219512195122,Europe,0.1,1.3,101,101
Bulgaria,BGR,2011,74.16341463414635,Europe,0.65,1.3,101,101
Bulgaria,BGR,2012,74.31463414634149,Europe,0.15,1.3,101,101
Bulgaria,BGR,2013,74.8609756097561,Europe,0.55,1.3,101,101
Bulgaria,BGR,2014,74.46585365853659,Europe,-0.4,1.3,101,101
Bulgaria,BGR,2015,74.61463414634147,Europe,0.15,1.3,101,101
Bulgaria,BGR,2016,74.81219512195123,Europe,0.2,1.3,101,101
Bulgaria,BGR,2017,74.81463414634148,Europe,0.0,1.3,101,101
Bulgaria,BGR,2018,74.96341463414636,Europe,0.15,1.3,101,101
Bulgaria,BGR,2019,75.11219512195122,Europe,0.15,1.3,101,101
Bulgaria,BGR,2020,73.35609756097561,Europe,-1.76,1.3,101,101
Bulgaria,BGR,2021,71.21219512195123,Europe,-2.14,1.3,101,101
Bulgaria,BGR,2022,74.16097560975611,Europe,2.95,1.3,101,101
Bulgaria,BGR,2023,75.75609756097562,Europe,1.6,1.3,101,101
Bulgaria,BGR,2024,75.7609756097561,Europe,0.0,1.3,101,101
Bahrain,BHR,1960,50.634,Asia,,1.21,41,41
Bahrain,BHR,1961,52.278,Asia,1.64,1.21,41,41
Bahrain,BHR,1962,53.893,Asia,1.62,1.21,41,41
Bahrain,BHR,1963,55.449,Asia,1.56,1.21,41,41
Bahrain,BHR,1964,56.946,Asia,1.5,1.21,41,41
Bahrain,BHR,1965,58.379,Asia,1.43,1.21,41,41
Bahrain,BHR,1966,59.745,Asia,1.37,1.21,41,41
Bahrain,BHR,1967,61.036,Asia,1.29,1.21,41,41
Bahrain,BHR,1968,62.253,Asia,1.22,1.21,41,41
Bahrain,BHR,1969,63.35,Asia,1.1,1.21,41,41
Bahrain,BHR,1970,64.359,Asia,1.01,1.21,41,41
Bahrain,BHR,1971,65.279,Asia,0.92,1.21,41,41
Bahrain,BHR,1972,66.095,Asia,0.82,1.21,41,41
Bahrain,BHR,1973,66.922,Asia,0.83,1.21,41,41
Bahrain,BHR,1974,67.633,Asia,0.71,1.21,41,41
Bahrain,BHR,1975,68.276,Asia,0.64,1.21,41,41
Bahrain,BHR,1976,68.858,Asia,0.58,1.21,41,41
Bahrain,BHR,1977,69.383,Asia,0.52,1.21,41,41
Bahrain,BHR,1978,69.85,Asia,0.47,1.21,41,41
Bahrain,BHR,1979,70.296,Asia,0.45,1.21,41,41
Bahrain,BHR,1980,70.684,Asia,0.39,1.21,41,41
Bahrain,BHR,1981,71.037,Asia,0.35,1.21,41,41
Bahrain,BHR,1982,71.354,Asia,0.32,1.21,41,41
Bahrain,BHR,1983,71.637,Asia,0.28,1.21,41,41
Bahrain,BHR,1984,71.884,Asia,0.25,1.21,41,41
Bahrain,BHR,1985,72.092,Asia,0.21,1.21,41,41
Bahrain,BHR,1986,72.257,Asia,0.17,1.21,41,41
Bahrain,BHR,1987,72.377,Asia,0.12,1.21,41,41
Bahrain,BHR,1988,72.46,Asia,0.08,1.21,41,41
Bahrain,BHR,1989,72.524,Asia,0.06,1.21,41,41
Bahrain,BHR,1990,72.587,Asia,0.06,1.21,41,41
Bahrain,BHR,1991,72.668,Asia,0.08,1.21,41,41
Bahrain,BHR,1992,72.785,Asia,0.12,1.21,41,41
Bahrain,BHR,1993,72.939,Asia,0.15,1.21,41,41
Bahrain,BHR,1994,73.134,Asia,0.2,1.21,41,41
Bahrain,BHR,1995,73.361,Asia,0.23,1.21,41,41
Bahrain,BHR,1996,73.61,Asia,0.25,1.21,41,41
Bahrain,BHR,1997,73.872,Asia,0.26,1.21,41,41
Bahrain,BHR,1998,74.138,Asia,0.27,1.21,41,41
Bahrain,BHR,1999,74.405,Asia,0.27,1.21,41,41
Bahrain,BHR,2000,74.673,Asia,0.27,1.21,41,41
Bahrain,BHR,2001,74.942,Asia,0.27,1.21,41,41
Bahrain,BHR,2002,75.209,Asia,0.27,1.21,41,41
Bahrain,BHR,2003,75.486,Asia,0.28,1.21,41,41
Bahrain,BHR,2004,75.787,Asia,0.3,1.21,41,41
Bahrain,BHR,2005,76.125,Asia,0.34,1.21,41,41
Bahrain,BHR,2006,76.51,Asia,0.39,1.21,41,41
Bahrain,BHR,2007,76.952,Asia,0.44,1.21,41,41
Bahrain,BHR,2008,77.457,Asia,0.5,1.21,41,41
Bahrain,BHR,2009,78.016,Asia,0.56,1.21,41,41
Bahrain,BHR,2010,78.593,Asia,0.58,1.21,41,41
Bahrain,BHR,2011,79.141,Asia,0.55,1.21,41,41
Bahrain,BHR,2012,79.622,Asia,0.48,1.21,41,41
Bahrain,BHR,2013,79.998,Asia,0.38,1.21,41,41
Bahrain,BHR,2014,80.214,Asia,0.22,1.21,41,41
Bahrain,BHR,2015,80.338,Asia,0.12,1.21,41,41
Bahrain,BHR,2016,80.407,Asia,0.07,1.21,41,41
Bahrain,BHR,2017,80.407,Asia,0.0,1.21,41,41
Bahrain,BHR,2018,80.412,Asia,0.01,1.21,41,41
Bahrain,BHR,2019,80.471,Asia,0.06,1.21,41,41
Bahrain,BHR,2020,78.683,Asia,-1.79,1.21,41,41
Bahrain,BHR,2021,78.083,Asia,-0.6,1.21,41,41
Bahrain,BHR,2022,80.992,Asia,2.91,1.21,41,41
Bahrain,BHR,2023,81.284,Asia,0.29,1.21,41,41
Bahrain,BHR,2024,81.423,Asia,0.14,1.21,41,41
"Bahamas, The",BHS,1960,62.454,America,,0.68,109,109
"Bahamas, The",BHS,1961,62.813,America,0.36,0.68,109,109
"Bahamas, The",BHS,1962,63.187,America,0.37,0.68,109,109
"Bahamas, The",BHS,1963,63.532,America,0.34,0.68,109,109
"Bahamas, The",BHS,1964,63.897,America,0.37,0.68,109,109
"Bahamas, The",BHS,1965,64.272,America,0.38,0.68,109,109
"Bahamas, The",BHS,1966,64.589,America,0.32,0.68,109,109
"Bahamas, The",BHS,1967,65.03,America,0.44,0.68,109,109
"Bahamas, The",BHS,1968,65.399,America,0.37,0.68,109,109
"Bahamas, The",BHS,1969,65.773,America,0.37,0.68,109,109
"Bahamas, The",BHS,1970,66.163,America,0.39,0.68,109,109
"Bahamas, The",BHS,1971,66.526,America,0.36,0.68,109,109
"Bahamas, The",BHS,1972,66.781,America,0.26,0.68,109,109
"Bahamas, The",BHS,1973,67.147,America,0.37,0.68,109,109
"Bahamas, The",BHS,1974,67.585,America,0.44,0.68,109,109
"Bahamas, The",BHS,1975,68.14,America,0.56,0.68,109,109
"Bahamas, The",BHS,1976,68.529,America,0.39,0.68,109,109
"Bahamas, The",BHS,1977,68.762,America,0.23,0.68,109,109
"Bahamas, The",BHS,1978,68.873,America,0.11,0.68,109,109
"Bahamas, The",BHS,1979,68.96,America,0.09,0.68,109,109
"Bahamas, The",BHS,1980,69.091,America,0.13,0.68,109,109
"Bahamas, The",BHS,1981,69.368,America,0.28,0.68,109,109
"Bahamas, The",BHS,1982,69.682,America,0.31,0.68,109,109
"Bahamas, The",BHS,1983,70.003,America,0.32,0.68,109,109
"Bahamas, The",BHS,1984,70.192,America,0.19,0.68,109,109
"Bahamas, The",BHS,1985,70.289,America,0.1,0.68,109,109
"Bahamas, The",BHS,1986,70.316,America,0.03,0.68,109,109
"Bahamas, The",BHS,1987,70.383,America,0.07,0.68,109,109
"Bahamas, The",BHS,1988,70.508,America,0.12,0.68,109,109
"Bahamas, The",BHS,1989,70.719,America,0.21,0.68,109,109
"Bahamas, The",BHS,1990,70.945,America,0.23,0.68,109,109
"Bahamas, The",BHS,1991,71.183,America,0.24,0.68,109,109
"Bahamas, The",BHS,1992,71.298,America,0.11,0.68,109,109
"Bahamas, The",BHS,1993,71.42,America,0.12,0.68,109,109
"Bahamas, The",BHS,1994,71.429,America,0.01,0.68,109,109
"Bahamas, The",BHS,1995,71.422,America,-0.01,0.68,109,109
"Bahamas, The",BHS,1996,71.464,America,0.04,0.68,109,109
"Bahamas, The",BHS,1997,71.597,America,0.13,0.68,109,109
"Bahamas, The",BHS,1998,71.84,America,0.24,0.68,109,109
"Bahamas, The",BHS,1999,72.147,America,0.31,0.68,109,109
"Bahamas, The",BHS,2000,72.481,America,0.33,0.68,109,109
"Bahamas, The",BHS,2001,72.765,America,0.28,0.68,109,109
"Bahamas, The",BHS,2002,73.023,America,0.26,0.68,109,109
"Bahamas, The",BHS,2003,73.213,America,0.19,0.68,109,109
"Bahamas, The",BHS,2004,73.235,America,0.02,0.68,109,109
"Bahamas, The",BHS,2005,73.413,America,0.18,0.68,109,109
"Bahamas, The",BHS,2006,73.456,America,0.04,0.68,109,109
"Bahamas, The",BHS,2007,73.463,America,0.01,0.68,109,109
"Bahamas, The",BHS,2008,73.445,America,-0.02,0.68,109,109
"Bahamas, The",BHS,2009,73.455,America,0.01,0.68,109,109
"Bahamas, The",BHS,2010,73.449,America,-0.01,0.68,109,109
"Bahamas, The",BHS,2011,73.571,America,0.12,0.68,109,109
"Bahamas, The",BHS,2012,73.707,America,0.14,0.68,109,109
"Bahamas, The",BHS,2013,73.93,America,0.22,0.68,109,109
"Bahamas, The",BHS,2014,74.029,America,0.1,0.68,109,109
"Bahamas, The",BHS,2015,73.805,America,-0.22,0.68,109,109
"Bahamas, The",BHS,2016,74.042,America,0.24,0.68,109,109
"Bahamas, The",BHS,2017,74.031,America,-0.01,0.68,109,109
"Bahamas, The",BHS,2018,74.062,America,0.03,0.68,109,109
"Bahamas, The",BHS,2019,71.408,America,-2.65,0.68,109,109
"Bahamas, The",BHS,2020,72.994,America,1.59,0.68,109,109
"Bahamas, The",BHS,2021,70.752,America,-2.24,0.68,109,109
"Bahamas, The",BHS,2022,74.491,America,3.74,0.68,109,109
"Bahamas, The",BHS,2023,74.552,America,0.06,0.68,109,109
"Bahamas, The",BHS,2024,74.71,America,0.16,0.68,109,109
Bosnia and Herzegovina,BIH,1960,58.53,Europe,,0.95,69,69
Bosnia and Herzegovina,BIH,1961,59.285,Europe,0.75,0.95,69,69
Bosnia and Herzegovina,BIH,1962,60.122,Europe,0.84,0.95,69,69
Bosnia and Herzegovina,BIH,1963,60.511,Europe,0.39,0.95,69,69
Bosnia and Herzegovina,BIH,1964,61.511,Europe,1.0,0.95,69,69
Bosnia and Herzegovina,BIH,1965,62.213,Europe,0.7,0.95,69,69
Bosnia and Herzegovina,BIH,1966,63.129,Europe,0.92,0.95,69,69
Bosnia and Herzegovina,BIH,1967,63.734,Europe,0.61,0.95,69,69
Bosnia and Herzegovina,BIH,1968,64.006,Europe,0.27,0.95,69,69
Bosnia and Herzegovina,BIH,1969,64.448,Europe,0.44,0.95,69,69
Bosnia and Herzegovina,BIH,1970,64.844,Europe,0.4,0.95,69,69
Bosnia and Herzegovina,BIH,1971,65.181,Europe,0.34,0.95,69,69
Bosnia and Herzegovina,BIH,1972,65.682,Europe,0.5,0.95,69,69
Bosnia and Herzegovina,BIH,1973,66.586,Europe,0.9,0.95,69,69
Bosnia and Herzegovina,BIH,1974,67.635,Europe,1.05,0.95,69,69
Bosnia and Herzegovina,BIH,1975,68.329,Europe,0.69,0.95,69,69
Bosnia and Herzegovina,BIH,1976,68.574,Europe,0.25,0.95,69,69
Bosnia and Herzegovina,BIH,1977,68.779,Europe,0.2,0.95,69,69
Bosnia and Herzegovina,BIH,1978,68.844,Europe,0.06,0.95,69,69
Bosnia and Herzegovina,BIH,1979,69.083,Europe,0.24,0.95,69,69
Bosnia and Herzegovina,BIH,1980,69.603,Europe,0.52,0.95,69,69
Bosnia and Herzegovina,BIH,1981,70.055,Europe,0.45,0.95,69,69
Bosnia and Herzegovina,BIH,1982,70.076,Europe,0.02,0.95,69,69
Bosnia and Herzegovina,BIH,1983,70.097,Europe,0.02,0.95,69,69
Bosnia and Herzegovina,BIH,1984,70.229,Europe,0.13,0.95,69,69
Bosnia and Herzegovina,BIH,1985,70.582,Europe,0.35,0.95,69,69
Bosnia and Herzegovina,BIH,1986,70.751,Europe,0.17,0.95,69,69
Bosnia and Herzegovina,BIH,1987,70.876,Europe,0.12,0.95,69,69
Bosnia and Herzegovina,BIH,1988,70.97,Europe,0.09,0.95,69,69
Bosnia and Herzegovina,BIH,1989,71.445,Europe,0.47,0.95,69,69
Bosnia and Herzegovina,BIH,1990,71.509,Europe,0.06,0.95,69,69
Bosnia and Herzegovina,BIH,1991,71.813,Europe,0.3,0.95,69,69
Bosnia and Herzegovina,BIH,1992,51.967,Europe,-19.85,0.95,69,69
Bosnia and Herzegovina,BIH,1993,50.894,Europe,-1.07,0.95,69,69
Bosnia and Herzegovina,BIH,1994,66.603,Europe,15.71,0.95,69,69
Bosnia and Herzegovina,BIH,1995,70.188,Europe,3.59,0.95,69,69
Bosnia and Herzegovina,BIH,1996,73.454,Europe,3.27,0.95,69,69
Bosnia and Herzegovina,BIH,1997,73.895,Europe,0.44,0.95,69,69
Bosnia and Herzegovina,BIH,1998,74.472,Europe,0.58,0.95,69,69
Bosnia and Herzegovina,BIH,1999,74.946,Europe,0.47,0.95,69,69
Bosnia and Herzegovina,BIH,2000,75.292,Europe,0.35,0.95,69,69
Bosnia and Herzegovina,BIH,2001,75.573,Europe,0.28,0.95,69,69
Bosnia and Herzegovina,BIH,2002,75.994,Europe,0.42,0.95,69,69
Bosnia and Herzegovina,BIH,2003,76.449,Europe,0.45,0.95,69,69
Bosnia and Herzegovina,BIH,2004,76.489,Europe,0.04,0.95,69,69
Bosnia and Herzegovina,BIH,2005,76.424,Europe,-0.06,0.95,69,69
Bosnia and Herzegovina,BIH,2006,76.028,Europe,-0.4,0.95,69,69
Bosnia and Herzegovina,BIH,2007,76.162,Europe,0.13,0.95,69,69
Bosnia and Herzegovina,BIH,2008,76.3,Europe,0.14,0.95,69,69
Bosnia and Herzegovina,BIH,2009,76.701,Europe,0.4,0.95,69,69
Bosnia and Herzegovina,BIH,2010,76.827,Europe,0.13,0.95,69,69
Bosnia and Herzegovina,BIH,2011,76.963,Europe,0.14,0.95,69,69
Bosnia and Herzegovina,BIH,2012,77.037,Europe,0.07,0.95,69,69
Bosnia and Herzegovina,BIH,2013,77.129,Europe,0.09,0.95,69,69
Bosnia and Herzegovina,BIH,2014,77.089,Europe,-0.04,0.95,69,69
Bosnia and Herzegovina,BIH,2015,77.073,Europe,-0.02,0.95,69,69
Bosnia and Herzegovina,BIH,2016,77.124,Europe,0.05,0.95,69,69
Bosnia and Herzegovina,BIH,2017,77.385,Europe,0.26,0.95,69,69
Bosnia and Herzegovina,BIH,2018,77.942,Europe,0.56,0.95,69,69
Bosnia and Herzegovina,BIH,2019,77.394,Europe,-0.55,0.95,69,69
Bosnia and Herzegovina,BIH,2020,76.04,Europe,-1.35,0.95,69,69
Bosnia and Herzegovina,BIH,2021,74.567,Europe,-1.47,0.95,69,69
Bosnia and Herzegovina,BIH,2022,76.777,Europe,2.21,0.95,69,69
Bosnia and Herzegovina,BIH,2023,77.85,Europe,1.07,0.95,69,69
Bosnia and Herzegovina,BIH,2024,78.044,Europe,0.19,0.95,69,69
Belarus,BLR,1960,69.25460975609757,Europe,,1.39,114,114
Belarus,BLR,1961,69.73839024390244,Europe,0.48,1.39,114,114
Belarus,BLR,1962,69.46231707317075,Europe,-0.28,1.39,114,114
Belarus,BLR,1963,69.70978048780489,Europe,0.25,1.39,114,114
Belarus,BLR,1964,70.61924390243904,Europe,0.91,1.39,114,114
Belarus,BLR,1965,70.59748780487806,Europe,-0.02,1.39,114,114
Belarus,BLR,1966,70.7689268292683,Europe,0.17,1.39,114,114
Belarus,BLR,1967,70.92978048780488,Europe,0.16,1.39,114,114
Belarus,BLR,1968,70.81278048780489,Europe,-0.12,1.39,114,114
Belarus,BLR,1969,70.97802439024392,Europe,0.17,1.39,114,114
Belarus,BLR,1970,70.74448780487806,Europe,-0.23,1.39,114,114
Belarus,BLR,1971,71.01170731707319,Europe,0.27,1.39,114,114
Belarus,BLR,1972,70.84931707317075,Europe,-0.16,1.39,114,114
Belarus,BLR,1973,71.00065853658538,Europe,0.15,1.39,114,114
Belarus,BLR,1974,70.85468292682927,Europe,-0.15,1.39,114,114
Belarus,BLR,1975,70.45709756097561,Europe,-0.4,1.39,114,114
Belarus,BLR,1976,70.39682926829269,Europe,-0.06,1.39,114,114
Belarus,BLR,1977,70.28902439024392,Europe,-0.11,1.39,114,114
Belarus,BLR,1978,70.08173170731708,Europe,-0.21,1.39,114,114
Belarus,BLR,1979,69.93363414634146,Europe,-0.15,1.39,114,114
Belarus,BLR,1980,69.92770731707319,Europe,-0.01,1.39,114,114
Belarus,BLR,1981,69.90751219512197,Europe,-0.02,1.39,114,114
Belarus,BLR,1982,70.0769024390244,Europe,0.17,1.39,114,114
Belarus,BLR,1983,69.7948536585366,Europe,-0.28,1.39,114,114
Belarus,BLR,1984,69.56319512195124,Europe,-0.23,1.39,114,114
Belarus,BLR,1985,70.99268292682929,Europe,1.43,1.39,114,114
Belarus,BLR,1986,71.54951219512196,Europe,0.56,1.39,114,114
Belarus,BLR,1987,70.99024390243902,Europe,-0.56,1.39,114,114
Belarus,BLR,1988,71.34146341463415,Europe,0.35,1.39,114,114
Belarus,BLR,1989,71.48292682926831,Europe,0.14,1.39,114,114
Belarus,BLR,1990,70.83658536585365,Europe,-0.65,1.39,114,114
Belarus,BLR,1991,70.37804878048782,Europe,-0.46,1.39,114,114
Belarus,BLR,1992,70.0219512195122,Europe,-0.36,1.39,114,114
Belarus,BLR,1993,68.97073170731707,Europe,-1.05,1.39,114,114
Belarus,BLR,1994,68.76829268292683,Europe,-0.2,1.39,114,114
Belarus,BLR,1995,68.4609756097561,Europe,-0.31,1.39,114,114
Belarus,BLR,1996,68.51219512195122,Europe,0.05,1.39,114,114
Belarus,BLR,1997,68.4609756097561,Europe,-0.05,1.39,114,114
Belarus,BLR,1998,68.40731707317074,Europe,-0.05,1.39,114,114
Belarus,BLR,1999,67.90731707317074,Europe,-0.5,1.39,114,114
Belarus,BLR,2000,68.91219512195123,Europe,1.0,1.39,114,114
Belarus,BLR,2001,68.50731707317074,Europe,-0.4,1.39,114,114
Belarus,BLR,2002,68.05609756097562,Europe,-0.45,1.39,114,114
Belarus,BLR,2003,68.55365853658539,Europe,0.5,1.39,114,114
Belarus,BLR,2004,68.95609756097562,Europe,0.4,1.39,114,114
Belarus,BLR,2005,68.85121951219512,Europe,-0.1,1.39,114,114
Belarus,BLR,2006,69.40487804878049,Europe,0.55,1.39,114,114
Belarus,BLR,2007,70.20731707317074,Europe,0.8,1.39,114,114
Belarus,BLR,2008,70.45609756097562,Europe,0.25,1.39,114,114
Belarus,BLR,2009,70.40731707317074,Europe,-0.05,1.39,114,114
Belarus,BLR,2010,70.40487804878049,Europe,-0.0,1.39,114,114
Belarus,BLR,2011,70.55365853658537,Europe,0.15,1.39,114,114
Belarus,BLR,2012,71.96585365853657,Europe,1.41,1.39,114,114
Belarus,BLR,2013,72.47073170731707,Europe,0.5,1.39,114,114
Belarus,BLR,2014,72.97073170731709,Europe,0.5,1.39,114,114
Belarus,BLR,2015,73.62439024390245,Europe,0.65,1.39,114,114
Belarus,BLR,2016,73.8268292682927,Europe,0.2,1.39,114,114
Belarus,BLR,2017,74.12926829268294,Europe,0.3,1.39,114,114
Belarus,BLR,2018,74.17560975609757,Europe,0.05,1.39,114,114
Belarus,BLR,2019,74.2268292682927,Europe,0.05,1.39,114,114
Belarus,BLR,2020,72.13856097560976,Europe,-2.09,1.39,114,114
Belarus,BLR,2021,72.07146341463415,Europe,-0.07,1.39,114,114
Belarus,BLR,2022,74.10336585365854,Europe,2.03,1.39,114,114
Belarus,BLR,2023,74.18378048780488,Europe,0.08,1.39,114,114
Belarus,BLR,2024,74.36534146341465,Europe,0.18,1.39,114,114
Belize,BLZ,1960,57.389,America,,2.3,120,120
Belize,BLZ,1961,52.944,America,-4.44,2.3,120,120
Belize,BLZ,1962,58.741,America,5.8,2.3,120,120
Belize,BLZ,1963,59.316,America,0.58,2.3,120,120
Belize,BLZ,1964,59.84,America,0.52,2.3,120,120
Belize,BLZ,1965,60.356,America,0.52,2.3,120,120
Belize,BLZ,1966,60.86,America,0.5,2.3,120,120
Belize,BLZ,1967,61.437,America,0.58,2.3,120,120
Belize,BLZ,1968,61.961,America,0.52,2.3,120,120
Belize,BLZ,1969,62.497,America,0.54,2.3,120,120
Belize,BLZ,1970,63.044,America,0.55,2.3,120,120
Belize,BLZ,1971,63.546,America,0.5,2.3,120,120
Belize,BLZ,1972,64.025,America,0.48,2.3,120,120
Belize,BLZ,1973,64.487,America,0.46,2.3,120,120
Belize,BLZ,1974,64.936,America,0.45,2.3,120,120
Belize,BLZ,1975,65.377,America,0.44,2.3,120,120
Belize,BLZ,1976,65.765,America,0.39,2.3,120,120
Belize,BLZ,1977,66.135,America,0.37,2.3,120,120
Belize,BLZ,1978,66.338,America,0.2,2.3,120,120
Belize,BLZ,1979,66.677,America,0.34,2.3,120,120
Belize,BLZ,1980,66.884,America,0.21,2.3,120,120
Belize,BLZ,1981,67.095,America,0.21,2.3,120,120
Belize,BLZ,1982,67.339,America,0.24,2.3,120,120
Belize,BLZ,1983,67.601,America,0.26,2.3,120,120
Belize,BLZ,1984,67.952,America,0.35,2.3,120,120
Belize,BLZ,1985,68.347,America,0.39,2.3,120,120
Belize,BLZ,1986,68.743,America,0.4,2.3,120,120
Belize,BLZ,1987,69.108,America,0.37,2.3,120,120
Belize,BLZ,1988,69.401,America,0.29,2.3,120,120
Belize,BLZ,1989,69.534,America,0.13,2.3,120,120
Belize,BLZ,1990,69.569,America,0.03,2.3,120,120
Belize,BLZ,1991,69.645,America,0.08,2.3,120,120
Belize,BLZ,1992,69.601,America,-0.04,2.3,120,120
Belize,BLZ,1993,69.595,America,-0.01,2.3,120,120
Belize,BLZ,1994,69.585,America,-0.01,2.3,120,120
Belize,BLZ,1995,69.484,America,-0.1,2.3,120,120
Belize,BLZ,1996,69.363,America,-0.12,2.3,120,120
Belize,BLZ,1997,69.183,America,-0.18,2.3,120,120
Belize,BLZ,1998,68.906,America,-0.28,2.3,120,120
Belize,BLZ,1999,68.976,America,0.07,2.3,120,120
Belize,BLZ,2000,68.911,America,-0.06,2.3,120,120
Belize,BLZ,2001,68.944,America,0.03,2.3,120,120
Belize,BLZ,2002,69.528,America,0.58,2.3,120,120
Belize,BLZ,2003,69.819,America,0.29,2.3,120,120
Belize,BLZ,2004,70.152,America,0.33,2.3,120,120
Belize,BLZ,2005,70.335,America,0.18,2.3,120,120
Belize,BLZ,2006,70.535,America,0.2,2.3,120,120
Belize,BLZ,2007,70.652,America,0.12,2.3,120,120
Belize,BLZ,2008,70.665,America,0.01,2.3,120,120
Belize,BLZ,2009,70.806,America,0.14,2.3,120,120
Belize,BLZ,2010,70.875,America,0.07,2.3,120,120
Belize,BLZ,2011,70.975,America,0.1,2.3,120,120
Belize,BLZ,2012,71.134,America,0.16,2.3,120,120
Belize,BLZ,2013,71.276,America,0.14,2.3,120,120
Belize,BLZ,2014,71.437,America,0.16,2.3,120,120
Belize,BLZ,2015,71.647,America,0.21,2.3,120,120
Belize,BLZ,2016,71.843,America,0.2,2.3,120,120
Belize,BLZ,2017,72.062,America,0.22,2.3,120,120
Belize,BLZ,2018,72.322,America,0.26,2.3,120,120
Belize,BLZ,2019,72.577,America,0.25,2.3,120,120
Belize,BLZ,2020,71.58,America,-1.0,2.3,120,120
Belize,BLZ,2021,70.917,America,-0.66,2.3,120,120
Belize,BLZ,2022,72.19,America,1.27,2.3,120,120
Belize,BLZ,2023,73.566,America,1.38,2.3,120,120
Belize,BLZ,2024,73.739,America,0.17,2.3,120,120
Bermuda,BMU,1960,66.482,America,,2.29,28,28
Bermuda,BMU,1961,67.528,America,1.05,2.29,28,28
Bermuda,BMU,1962,67.884,America,0.36,2.29,28,28
Bermuda,BMU,1963,67.689,America,-0.2,2.29,28,28
Bermuda,BMU,1964,67.5,America,-0.19,2.29,28,28
Bermuda,BMU,1965,67.582,America,0.08,2.29,28,28
Bermuda,BMU,1966,67.718,America,0.14,2.29,28,28
Bermuda,BMU,1967,67.792,America,0.07,2.29,28,28
Bermuda,BMU,1968,67.898,America,0.11,2.29,28,28
Bermuda,BMU,1969,68.088,America,0.19,2.29,28,28
Bermuda,BMU,1970,68.404,America,0.32,2.29,28,28
Bermuda,BMU,1971,68.98,America,0.58,2.29,28,28
Bermuda,BMU,1972,69.643,America,0.66,2.29,28,28
Bermuda,BMU,1973,70.374,America,0.73,2.29,28,28
Bermuda,BMU,1974,70.864,America,0.49,2.29,28,28
Bermuda,BMU,1975,71.171,America,0.31,2.29,28,28
Bermuda,BMU,1976,71.331,America,0.16,2.29,28,28
Bermuda,BMU,1977,71.616,America,0.28,2.29,28,28
Bermuda,BMU,1978,71.968,America,0.35,2.29,28,28
Bermuda,BMU,1979,72.402,America,0.43,2.29,28,28
Bermuda,BMU,1980,72.666,America,0.26,2.29,28,28
Bermuda,BMU,1981,72.892,America,0.23,2.29,28,28
Bermuda,BMU,1982,73.041,America,0.15,2.29,28,28
Bermuda,BMU,1983,73.24,America,0.2,2.29,28,28
Bermuda,BMU,1984,73.365,America,0.12,2.29,28,28
Bermuda,BMU,1985,73.373,America,0.01,2.29,28,28
Bermuda,BMU,1986,73.368,America,-0.01,2.29,28,28
Bermuda,BMU,1987,73.454,America,0.09,2.29,28,28
Bermuda,BMU,1988,73.555,America,0.1,2.29,28,28
Bermuda,BMU,1989,73.733,America,0.18,2.29,28,28
Bermuda,BMU,1990,73.952,America,0.22,2.29,28,28
Bermuda,BMU,1991,74.204,America,0.25,2.29,28,28
Bermuda,BMU,1992,74.446,America,0.24,2.29,28,28
Bermuda,BMU,1993,74.766,America,0.32,2.29,28,28
Bermuda,BMU,1994,75.276,America,0.51,2.29,28,28
Bermuda,BMU,1995,75.92,America,0.64,2.29,28,28
Bermuda,BMU,1996,76.52,America,0.6,2.29,28,28
Bermuda,BMU,1997,76.972,America,0.45,2.29,28,28
Bermuda,BMU,1998,77.389,America,0.42,2.29,28,28
Bermuda,BMU,1999,77.854,America,0.47,2.29,28,28
Bermuda,BMU,2000,78.251,America,0.4,2.29,28,28
Bermuda,BMU,2001,78.637,America,0.39,2.29,28,28
Bermuda,BMU,2002,78.841,America,0.2,2.29,28,28
Bermuda,BMU,2003,78.715,America,-0.13,2.29,28,28
Bermuda,BMU,2004,78.898,America,0.18,2.29,28,28
Bermuda,BMU,2005,78.874,America,-0.02,2.29,28,28
Bermuda,BMU,2006,78.87,America,-0.0,2.29,28,28
Bermuda,BMU,2007,79.006,America,0.14,2.29,28,28
Bermuda,BMU,2008,79.101,America,0.09,2.29,28,28
Bermuda,BMU,2009,79.229,America,0.13,2.29,28,28
Bermuda,BMU,2010,79.414,America,0.19,2.29,28,28
Bermuda,BMU,2011,79.651,America,0.24,2.29,28,28
Bermuda,BMU,2012,79.847,America,0.2,2.29,28,28
Bermuda,BMU,2013,80.016,America,0.17,2.29,28,28
Bermuda,BMU,2014,80.199,America,0.18,2.29,28,28
Bermuda,BMU,2015,80.338,America,0.14,2.29,28,28
Bermuda,BMU,2016,80.476,America,0.14,2.29,28,28
Bermuda,BMU,2017,80.686,America,0.21,2.29,28,28
Bermuda,BMU,2018,80.986,America,0.3,2.29,28,28
Bermuda,BMU,2019,81.251,America,0.27,2.29,28,28
Bermuda,BMU,2020,81.456,America,0.2,2.29,28,28
Bermuda,BMU,2021,81.745,America,0.29,2.29,28,28
Bermuda,BMU,2022,82.062,America,0.32,2.29,28,28
Bermuda,BMU,2023,82.309,America,0.25,2.29,28,28
Bermuda,BMU,2024,82.49,America,0.18,2.29,28,28
Bolivia,BOL,1960,43.338,America,,1.77,163,163
Bolivia,BOL,1961,43.628,America,0.29,1.77,163,163
Bolivia,BOL,1962,44.002,America,0.37,1.77,163,163
Bolivia,BOL,1963,44.335,America,0.33,1.77,163,163
Bolivia,BOL,1964,44.674,America,0.34,1.77,163,163
Bolivia,BOL,1965,45.09,America,0.42,1.77,163,163
Bolivia,BOL,1966,45.479,America,0.39,1.77,163,163
Bolivia,BOL,1967,45.904,America,0.43,1.77,163,163
Bolivia,BOL,1968,46.342,America,0.44,1.77,163,163
Bolivia,BOL,1969,46.705,America,0.36,1.77,163,163
Bolivia,BOL,1970,47.103,America,0.4,1.77,163,163
Bolivia,BOL,1971,47.483,America,0.38,1.77,163,163
Bolivia,BOL,1972,47.829,America,0.35,1.77,163,163
Bolivia,BOL,1973,48.282,America,0.45,1.77,163,163
Bolivia,BOL,1974,48.752,America,0.47,1.77,163,163
Bolivia,BOL,1975,49.336,America,0.58,1.77,163,163
Bolivia,BOL,1976,49.971,America,0.63,1.77,163,163
Bolivia,BOL,1977,50.387,America,0.42,1.77,163,163
Bolivia,BOL,1978,50.838,America,0.45,1.77,163,163
Bolivia,BOL,1979,51.353,America,0.52,1.77,163,163
Bolivia,BOL,1980,51.828,America,0.48,1.77,163,163
Bolivia,BOL,1981,52.259,America,0.43,1.77,163,163
Bolivia,BOL,1982,52.511,America,0.25,1.77,163,163
Bolivia,BOL,1983,52.861,America,0.35,1.77,163,163
Bolivia,BOL,1984,53.383,America,0.52,1.77,163,163
Bolivia,BOL,1985,53.777,America,0.39,1.77,163,163
Bolivia,BOL,1986,54.247,America,0.47,1.77,163,163
Bolivia,BOL,1987,54.901,America,0.65,1.77,163,163
Bolivia,BOL,1988,55.505,America,0.6,1.77,163,163
Bolivia,BOL,1989,56.146,America,0.64,1.77,163,163
Bolivia,BOL,1990,56.797,America,0.65,1.77,163,163
Bolivia,BOL,1991,57.439,America,0.64,1.77,163,163
Bolivia,BOL,1992,57.923,America,0.48,1.77,163,163
Bolivia,BOL,1993,58.66,America,0.74,1.77,163,163
Bolivia,BOL,1994,59.282,America,0.62,1.77,163,163
Bolivia,BOL,1995,59.787,America,0.51,1.77,163,163
Bolivia,BOL,1996,60.287,America,0.5,1.77,163,163
Bolivia,BOL,1997,60.745,America,0.46,1.77,163,163
Bolivia,BOL,1998,61.227,America,0.48,1.77,163,163
Bolivia,BOL,1999,61.655,America,0.43,1.77,163,163
Bolivia,BOL,2000,62.057,America,0.4,1.77,163,163
Bolivia,BOL,2001,62.538,America,0.48,1.77,163,163
Bolivia,BOL,2002,63.068,America,0.53,1.77,163,163
Bolivia,BOL,2003,63.455,America,0.39,1.77,163,163
Bolivia,BOL,2004,63.819,America,0.36,1.77,163,163
Bolivia,BOL,2005,64.182,America,0.36,1.77,163,163
Bolivia,BOL,2006,64.529,America,0.35,1.77,163,163
Bolivia,BOL,2007,64.939,America,0.41,1.77,163,163
Bolivia,BOL,2008,65.299,America,0.36,1.77,163,163
Bolivia,BOL,2009,65.656,America,0.36,1.77,163,163
Bolivia,BOL,2010,66.003,America,0.35,1.77,163,163
Bolivia,BOL,2011,66.282,America,0.28,1.77,163,163
Bolivia,BOL,2012,66.586,America,0.3,1.77,163,163
Bolivia,BOL,2013,66.777,America,0.19,1.77,163,163
Bolivia,BOL,2014,66.97,America,0.19,1.77,163,163
Bolivia,BOL,2015,67.205,America,0.23,1.77,163,163
Bolivia,BOL,2016,67.392,America,0.19,1.77,163,163
Bolivia,BOL,2017,67.536,America,0.14,1.77,163,163
Bolivia,BOL,2018,67.699,America,0.16,1.77,163,163
Bolivia,BOL,2019,67.82,America,0.12,1.77,163,163
Bolivia,BOL,2020,62.906,America,-4.91,1.77,163,163
Bolivia,BOL,2021,61.427,America,-1.48,1.77,163,163
Bolivia,BOL,2022,67.434,America,6.01,1.77,163,163
Bolivia,BOL,2023,68.581,America,1.15,1.77,163,163
Bolivia,BOL,2024,68.739,America,0.16,1.77,163,163
Brazil,BRA,1960,53.162,America,,1.2,99,99
Brazil,BRA,1961,53.594,America,0.43,1.2,99,99
Brazil,BRA,1962,54.017,America,0.42,1.2,99,99
Brazil,BRA,1963,54.452,America,0.43,1.2,99,99
Brazil,BRA,1964,54.848,America,0.4,1.2,99,99
Brazil,BRA,1965,55.243,America,0.4,1.2,99,99
Brazil,BRA,1966,55.625,America,0.38,1.2,99,99
Brazil,BRA,1967,56.016,America,0.39,1.2,99,99
Brazil,BRA,1968,56.47,America,0.45,1.2,99,99
Brazil,BRA,1969,56.898,America,0.43,1.2,99,99
Brazil,BRA,1970,57.338,America,0.44,1.2,99,99
Brazil,BRA,1971,57.786,America,0.45,1.2,99,99
Brazil,BRA,1972,58.255,America,0.47,1.2,99,99
Brazil,BRA,1973,58.681,America,0.43,1.2,99,99
Brazil,BRA,1974,59.081,America,0.4,1.2,99,99
Brazil,BRA,1975,59.556,America,0.47,1.2,99,99
Brazil,BRA,1976,60.007,America,0.45,1.2,99,99
Brazil,BRA,1977,60.461,America,0.45,1.2,99,99
Brazil,BRA,1978,60.922,America,0.46,1.2,99,99
Brazil,BRA,1979,61.365,America,0.44,1.2,99,99
Brazil,BRA,1980,61.819,America,0.45,1.2,99,99
Brazil,BRA,1981,62.267,America,0.45,1.2,99,99
Brazil,BRA,1982,62.708,America,0.44,1.2,99,99
Brazil,BRA,1983,63.133,America,0.43,1.2,99,99
Brazil,BRA,1984,63.553,America,0.42,1.2,99,99
Brazil,BRA,1985,63.98,America,0.43,1.2,99,99
Brazil,BRA,1986,64.389,America,0.41,1.2,99,99
Brazil,BRA,1987,64.785,America,0.4,1.2,99,99
Brazil,BRA,1988,65.161,America,0.38,1.2,99,99
Brazil,BRA,1989,65.514,America,0.35,1.2,99,99
Brazil,BRA,1990,65.862,America,0.35,1.2,99,99
Brazil,BRA,1991,66.203,America,0.34,1.2,99,99
Brazil,BRA,1992,66.539,America,0.34,1.2,99,99
Brazil,BRA,1993,66.892,America,0.35,1.2,99,99
Brazil,BRA,1994,67.293,America,0.4,1.2,99,99
Brazil,BRA,1995,67.701,America,0.41,1.2,99,99
Brazil,BRA,1996,68.108,America,0.41,1.2,99,99
Brazil,BRA,1997,68.505,America,0.4,1.2,99,99
Brazil,BRA,1998,68.848,America,0.34,1.2,99,99
Brazil,BRA,1999,69.211,America,0.36,1.2,99,99
Brazil,BRA,2000,69.584,America,0.37,1.2,99,99
Brazil,BRA,2001,69.98,America,0.4,1.2,99,99
Brazil,BRA,2002,70.396,America,0.42,1.2,99,99
Brazil,BRA,2003,70.884,America,0.49,1.2,99,99
Brazil,BRA,2004,71.361,America,0.48,1.2,99,99
Brazil,BRA,2005,71.832,America,0.47,1.2,99,99
Brazil,BRA,2006,72.296,America,0.46,1.2,99,99
Brazil,BRA,2007,72.73,America,0.43,1.2,99,99
Brazil,BRA,2008,73.111,America,0.38,1.2,99,99
Brazil,BRA,2009,73.457,America,0.35,1.2,99,99
Brazil,BRA,2010,73.779,America,0.32,1.2,99,99
Brazil,BRA,2011,74.047,America,0.27,1.2,99,99
Brazil,BRA,2012,74.335,America,0.29,1.2,99,99
Brazil,BRA,2013,74.609,America,0.27,1.2,99,99
Brazil,BRA,2014,74.823,America,0.21,1.2,99,99
Brazil,BRA,2015,75.106,America,0.28,1.2,99,99
Brazil,BRA,2016,75.081,America,-0.02,1.2,99,99
Brazil,BRA,2017,75.383,America,0.3,1.2,99,99
Brazil,BRA,2018,75.633,America,0.25,1.2,99,99
Brazil,BRA,2019,75.809,America,0.18,1.2,99,99
Brazil,BRA,2020,74.506,America,-1.3,1.2,99,99
Brazil,BRA,2021,73.038,America,-1.47,1.2,99,99
Brazil,BRA,2022,74.872,America,1.83,1.2,99,99
Brazil,BRA,2023,75.848,America,0.98,1.2,99,99
Brazil,BRA,2024,76.023,America,0.17,1.2,99,99
Barbados,BRB,1960,64.149,America,,0.41,96,96
Barbados,BRB,1961,65.033,America,0.88,0.41,96,96
Barbados,BRB,1962,65.715,America,0.68,0.41,96,96
Barbados,BRB,1963,66.204,America,0.49,0.41,96,96
Barbados,BRB,1964,66.678,America,0.47,0.41,96,96
Barbados,BRB,1965,67.236,America,0.56,0.41,96,96
Barbados,BRB,1966,67.71,America,0.47,0.41,96,96
Barbados,BRB,1967,67.92,America,0.21,0.41,96,96
Barbados,BRB,1968,68.2,America,0.28,0.41,96,96
Barbados,BRB,1969,68.504,America,0.3,0.41,96,96
Barbados,BRB,1970,68.518,America,0.01,0.41,96,96
Barbados,BRB,1971,68.787,America,0.27,0.41,96,96
Barbados,BRB,1972,69.132,America,0.34,0.41,96,96
Barbados,BRB,1973,69.108,America,-0.02,0.41,96,96
Barbados,BRB,1974,69.379,America,0.27,0.41,96,96
Barbados,BRB,1975,69.79,America,0.41,0.41,96,96
Barbados,BRB,1976,70.114,America,0.32,0.41,96,96
Barbados,BRB,1977,70.64,America,0.53,0.41,96,96
Barbados,BRB,1978,71.143,America,0.5,0.41,96,96
Barbados,BRB,1979,71.549,America,0.41,0.41,96,96
Barbados,BRB,1980,72.129,America,0.58,0.41,96,96
Barbados,BRB,1981,72.63,America,0.5,0.41,96,96
Barbados,BRB,1982,72.903,America,0.27,0.41,96,96
Barbados,BRB,1983,73.156,America,0.25,0.41,96,96
Barbados,BRB,1984,73.302,America,0.15,0.41,96,96
Barbados,BRB,1985,73.316,America,0.01,0.41,96,96
Barbados,BRB,1986,73.416,America,0.1,0.41,96,96
Barbados,BRB,1987,73.463,America,0.05,0.41,96,96
Barbados,BRB,1988,73.431,America,-0.03,0.41,96,96
Barbados,BRB,1989,73.375,America,-0.06,0.41,96,96
Barbados,BRB,1990,73.463,America,0.09,0.41,96,96
Barbados,BRB,1991,73.543,America,0.08,0.41,96,96
Barbados,BRB,1992,73.61,America,0.07,0.41,96,96
Barbados,BRB,1993,73.739,America,0.13,0.41,96,96
Barbados,BRB,1994,73.755,America,0.02,0.41,96,96
Barbados,BRB,1995,73.88,America,0.12,0.41,96,96
Barbados,BRB,1996,74.065,America,0.19,0.41,96,96
Barbados,BRB,1997,73.988,America,-0.08,0.41,96,96
Barbados,BRB,1998,74.465,America,0.48,0.41,96,96
Barbados,BRB,1999,74.587,America,0.12,0.41,96,96
Barbados,BRB,2000,74.58,America,-0.01,0.41,96,96
Barbados,BRB,2001,74.707,America,0.13,0.41,96,96
Barbados,BRB,2002,74.82,America,0.11,0.41,96,96
Barbados,BRB,2003,74.865,America,0.05,0.41,96,96
Barbados,BRB,2004,75.15,America,0.29,0.41,96,96
Barbados,BRB,2005,74.96,America,-0.19,0.41,96,96
Barbados,BRB,2006,75.049,America,0.09,0.41,96,96
Barbados,BRB,2007,75.263,America,0.21,0.41,96,96
Barbados,BRB,2008,75.3,America,0.04,0.41,96,96
Barbados,BRB,2009,75.458,America,0.16,0.41,96,96
Barbados,BRB,2010,75.488,America,0.03,0.41,96,96
Barbados,BRB,2011,75.599,America,0.11,0.41,96,96
Barbados,BRB,2012,75.737,America,0.14,0.41,96,96
Barbados,BRB,2013,75.816,America,0.08,0.41,96,96
Barbados,BRB,2014,75.926,America,0.11,0.41,96,96
Barbados,BRB,2015,76.055,America,0.13,0.41,96,96
Barbados,BRB,2016,76.168,America,0.11,0.41,96,96
Barbados,BRB,2017,76.237,America,0.07,0.41,96,96
Barbados,BRB,2018,76.378,America,0.14,0.41,96,96
Barbados,BRB,2019,76.495,America,0.12,0.41,96,96
Barbados,BRB,2020,76.647,America,0.15,0.41,96,96
Barbados,BRB,2021,76.58,America,-0.07,0.41,96,96
Barbados,BRB,2022,75.676,America,-0.9,0.41,96,96
Barbados,BRB,2023,76.178,America,0.5,0.41,96,96
Barbados,BRB,2024,76.332,America,0.15,0.41,96,96
Brunei Darussalam,BRN,1960,58.721,Asia,,0.64,102,102
Brunei Darussalam,BRN,1961,59.387,Asia,0.67,0.64,102,102
Brunei Darussalam,BRN,1962,58.824,Asia,-0.56,0.64,102,102
Brunei Darussalam,BRN,1963,60.625,Asia,1.8,0.64,102,102
Brunei Darussalam,BRN,1964,61.267,Asia,0.64,0.64,102,102
Brunei Darussalam,BRN,1965,61.721,Asia,0.45,0.64,102,102
Brunei Darussalam,BRN,1966,62.401,Asia,0.68,0.64,102,102
Brunei Darussalam,BRN,1967,62.909,Asia,0.51,0.64,102,102
Brunei Darussalam,BRN,1968,63.47,Asia,0.56,0.64,102,102
Brunei Darussalam,BRN,1969,63.963,Asia,0.49,0.64,102,102
Brunei Darussalam,BRN,1970,64.49,Asia,0.53,0.64,102,102
Brunei Darussalam,BRN,1971,64.975,Asia,0.48,0.64,102,102
Brunei Darussalam,BRN,1972,65.447,Asia,0.47,0.64,102,102
Brunei Darussalam,BRN,1973,65.95,Asia,0.5,0.64,102,102
Brunei Darussalam,BRN,1974,66.442,Asia,0.49,0.64,102,102
Brunei Darussalam,BRN,1975,66.95,Asia,0.51,0.64,102,102
Brunei Darussalam,BRN,1976,67.411,Asia,0.46,0.64,102,102
Brunei Darussalam,BRN,1977,67.833,Asia,0.42,0.64,102,102
Brunei Darussalam,BRN,1978,68.258,Asia,0.42,0.64,102,102
Brunei Darussalam,BRN,1979,68.642,Asia,0.38,0.64,102,102
Brunei Darussalam,BRN,1980,69.014,Asia,0.37,0.64,102,102
Brunei Darussalam,BRN,1981,69.344,Asia,0.33,0.64,102,102
Brunei Darussalam,BRN,1982,69.669,Asia,0.33,0.64,102,102
Brunei Darussalam,BRN,1983,69.991,Asia,0.32,0.64,102,102
Brunei Darussalam,BRN,1984,70.236,Asia,0.25,0.64,102,102
Brunei Darussalam,BRN,1985,70.499,Asia,0.26,0.64,102,102
Brunei Darussalam,BRN,1986,70.762,Asia,0.26,0.64,102,102
Brunei Darussalam,BRN,1987,70.982,Asia,0.22,0.64,102,102
Brunei Darussalam,BRN,1988,71.183,Asia,0.2,0.64,102,102
Brunei Darussalam,BRN,1989,71.408,Asia,0.22,0.64,102,102
Brunei Darussalam,BRN,1990,71.629,Asia,0.22,0.64,102,102
Brunei Darussalam,BRN,1991,71.858,Asia,0.23,0.64,102,102
Brunei Darussalam,BRN,1992,72.09,Asia,0.23,0.64,102,102
Brunei Darussalam,BRN,1993,72.333,Asia,0.24,0.64,102,102
Brunei Darussalam,BRN,1994,72.571,Asia,0.24,0.64,102,102
Brunei Darussalam,BRN,1995,72.838,Asia,0.27,0.64,102,102
Brunei Darussalam,BRN,1996,73.079,Asia,0.24,0.64,102,102
Brunei Darussalam,BRN,1997,73.326,Asia,0.25,0.64,102,102
Brunei Darussalam,BRN,1998,73.584,Asia,0.26,0.64,102,102
Brunei Darussalam,BRN,1999,73.806,Asia,0.22,0.64,102,102
Brunei Darussalam,BRN,2000,74.017,Asia,0.21,0.64,102,102
Brunei Darussalam,BRN,2001,74.209,Asia,0.19,0.64,102,102
Brunei Darussalam,BRN,2002,74.365,Asia,0.16,0.64,102,102
Brunei Darussalam,BRN,2003,74.509,Asia,0.14,0.64,102,102
Brunei Darussalam,BRN,2004,74.603,Asia,0.09,0.64,102,102
Brunei Darussalam,BRN,2005,74.683,Asia,0.08,0.64,102,102
Brunei Darussalam,BRN,2006,74.753,Asia,0.07,0.64,102,102
Brunei Darussalam,BRN,2007,74.793,Asia,0.04,0.64,102,102
Brunei Darussalam,BRN,2008,74.814,Asia,0.02,0.64,102,102
Brunei Darussalam,BRN,2009,74.814,Asia,0.0,0.64,102,102
Brunei Darussalam,BRN,2010,74.82,Asia,0.01,0.64,102,102
Brunei Darussalam,BRN,2011,74.835,Asia,0.02,0.64,102,102
Brunei Darussalam,BRN,2012,74.843,Asia,0.01,0.64,102,102
Brunei Darussalam,BRN,2013,74.854,Asia,0.01,0.64,102,102
Brunei Darussalam,BRN,2014,74.862,Asia,0.01,0.64,102,102
Brunei Darussalam,BRN,2015,74.88,Asia,0.02,0.64,102,102
Brunei Darussalam,BRN,2016,74.905,Asia,0.03,0.64,102,102
Brunei Darussalam,BRN,2017,74.943,Asia,0.04,0.64,102,102
Brunei Darussalam,BRN,2018,74.992,Asia,0.05,0.64,102,102
Brunei Darussalam,BRN,2019,75.049,Asia,0.06,0.64,102,102
Brunei Darussalam,BRN,2020,75.114,Asia,0.06,0.64,102,102
Brunei Darussalam,BRN,2021,74.869,Asia,-0.25,0.64,102,102
Brunei Darussalam,BRN,2022,72.917,Asia,-1.95,0.64,102,102
Brunei Darussalam,BRN,2023,75.327,Asia,2.41,0.64,102,102
Brunei Darussalam,BRN,2024,75.501,Asia,0.17,0.64,102,102
Bhutan,BTN,1960,36.367,Asia,,2.76,123,123
Bhutan,BTN,1961,36.654,Asia,0.29,2.76,123,123
Bhutan,BTN,1962,36.992,Asia,0.34,2.76,123,123
Bhutan,BTN,1963,37.37,Asia,0.38,2.76,123,123
Bhutan,BTN,1964,37.796,Asia,0.43,2.76,123,123
Bhutan,BTN,1965,38.263,Asia,0.47,2.76,123,123
Bhutan,BTN,1966,38.789,Asia,0.53,2.76,123,123
Bhutan,BTN,1967,39.359,Asia,0.57,2.76,123,123
Bhutan,BTN,1968,39.96,Asia,0.6,2.76,123,123
Bhutan,BTN,1969,40.566,Asia,0.61,2.76,123,123
Bhutan,BTN,1970,41.185,Asia,0.62,2.76,123,123
Bhutan,BTN,1971,41.83,Asia,0.64,2.76,123,123
Bhutan,BTN,1972,42.487,Asia,0.66,2.76,123,123
Bhutan,BTN,1973,43.136,Asia,0.65,2.76,123,123
Bhutan,BTN,1974,43.8,Asia,0.66,2.76,123,123
Bhutan,BTN,1975,44.513,Asia,0.71,2.76,123,123
Bhutan,BTN,1976,45.23,Asia,0.72,2.76,123,123
Bhutan,BTN,1977,45.95,Asia,0.72,2.76,123,123
Bhutan,BTN,1978,46.691,Asia,0.74,2.76,123,123
Bhutan,BTN,1979,47.446,Asia,0.75,2.76,123,123
Bhutan,BTN,1980,48.198,Asia,0.75,2.76,123,123
Bhutan,BTN,1981,48.975,Asia,0.78,2.76,123,123
Bhutan,BTN,1982,49.776,Asia,0.8,2.76,123,123
Bhutan,BTN,1983,50.553,Asia,0.78,2.76,123,123
Bhutan,BTN,1984,51.313,Asia,0.76,2.76,123,123
Bhutan,BTN,1985,52.033,Asia,0.72,2.76,123,123
Bhutan,BTN,1986,52.826,Asia,0.79,2.76,123,123
Bhutan,BTN,1987,53.62,Asia,0.79,2.76,123,123
Bhutan,BTN,1988,54.385,Asia,0.77,2.76,123,123
Bhutan,BTN,1989,55.12,Asia,0.73,2.76,123,123
Bhutan,BTN,1990,55.811,Asia,0.69,2.76,123,123
Bhutan,BTN,1991,56.451,Asia,0.64,2.76,123,123
Bhutan,BTN,1992,57.208,Asia,0.76,2.76,123,123
Bhutan,BTN,1993,57.906,Asia,0.7,2.76,123,123
Bhutan,BTN,1994,58.395,Asia,0.49,2.76,123,123
Bhutan,BTN,1995,59.277,Asia,0.88,2.76,123,123
Bhutan,BTN,1996,59.982,Asia,0.7,2.76,123,123
Bhutan,BTN,1997,60.639,Asia,0.66,2.76,123,123
Bhutan,BTN,1998,61.322,Asia,0.68,2.76,123,123
Bhutan,BTN,1999,62.032,Asia,0.71,2.76,123,123
Bhutan,BTN,2000,61.842,Asia,-0.19,2.76,123,123
Bhutan,BTN,2001,63.323,Asia,1.48,2.76,123,123
Bhutan,BTN,2002,63.984,Asia,0.66,2.76,123,123
Bhutan,BTN,2003,64.662,Asia,0.68,2.76,123,123
Bhutan,BTN,2004,65.29,Asia,0.63,2.76,123,123
Bhutan,BTN,2005,65.875,Asia,0.58,2.76,123,123
Bhutan,BTN,2006,66.499,Asia,0.62,2.76,123,123
Bhutan,BTN,2007,67.152,Asia,0.65,2.76,123,123
Bhutan,BTN,2008,67.733,Asia,0.58,2.76,123,123
Bhutan,BTN,2009,68.156,Asia,0.42,2.76,123,123
Bhutan,BTN,2010,68.765,Asia,0.61,2.76,123,123
Bhutan,BTN,2011,69.28,Asia,0.52,2.76,123,123
Bhutan,BTN,2012,69.759,Asia,0.48,2.76,123,123
Bhutan,BTN,2013,70.161,Asia,0.4,2.76,123,123
Bhutan,BTN,2014,70.504,Asia,0.34,2.76,123,123
Bhutan,BTN,2015,70.797,Asia,0.29,2.76,123,123
Bhutan,BTN,2016,71.119,Asia,0.32,2.76,123,123
Bhutan,BTN,2017,71.413,Asia,0.29,2.76,123,123
Bhutan,BTN,2018,71.711,Asia,0.3,2.76,123,123
Bhutan,BTN,2019,72.005,Asia,0.29,2.76,123,123
Bhutan,BTN,2020,72.253,Asia,0.25,2.76,123,123
Bhutan,BTN,2021,72.448,Asia,0.19,2.76,123,123
Bhutan,BTN,2022,72.754,Asia,0.31,2.76,123,123
Bhutan,BTN,2023,72.975,Asia,0.22,2.76,123,123
Bhutan,BTN,2024,73.262,Asia,0.29,2.76,123,123
Botswana,BWA,1960,51.22,Africa,,7.13,158,158
Botswana,BWA,1961,51.781,Africa,0.56,7.13,158,158
Botswana,BWA,1962,52.313,Africa,0.53,7.13,158,158
Botswana,BWA,1963,52.848,Africa,0.53,7.13,158,158
Botswana,BWA,1964,53.358,Africa,0.51,7.13,158,158
Botswana,BWA,1965,53.853,Africa,0.5,7.13,158,158
Botswana,BWA,1966,54.36,Africa,0.51,7.13,158,158
Botswana,BWA,1967,54.859,Africa,0.5,7.13,158,158
Botswana,BWA,1968,55.372,Africa,0.51,7.13,158,158
Botswana,BWA,1969,55.903,Africa,0.53,7.13,158,158
Botswana,BWA,1970,56.446,Africa,0.54,7.13,158,158
Botswana,BWA,1971,57.062,Africa,0.62,7.13,158,158
Botswana,BWA,1972,57.669,Africa,0.61,7.13,158,158
Botswana,BWA,1973,58.286,Africa,0.62,7.13,158,158
Botswana,BWA,1974,58.914,Africa,0.63,7.13,158,158
Botswana,BWA,1975,59.53,Africa,0.62,7.13,158,158
Botswana,BWA,1976,60.209,Africa,0.68,7.13,158,158
Botswana,BWA,1977,60.867,Africa,0.66,7.13,158,158
Botswana,BWA,1978,61.485,Africa,0.62,7.13,158,158
Botswana,BWA,1979,62.035,Africa,0.55,7.13,158,158
Botswana,BWA,1980,62.527,Africa,0.49,7.13,158,158
Botswana,BWA,1981,63.027,Africa,0.5,7.13,158,158
Botswana,BWA,1982,63.382,Africa,0.35,7.13,158,158
Botswana,BWA,1983,63.605,Africa,0.22,7.13,158,158
Botswana,BWA,1984,63.706,Africa,0.1,7.13,158,158
Botswana,BWA,1985,63.647,Africa,-0.06,7.13,158,158
Botswana,BWA,1986,63.363,Africa,-0.28,7.13,158,158
Botswana,BWA,1987,62.837,Africa,-0.53,7.13,158,158
Botswana,BWA,1988,61.696,Africa,-1.14,7.13,158,158
Botswana,BWA,1989,61.189,Africa,-0.51,7.13,158,158
Botswana,BWA,1990,60.104,Africa,-1.09,7.13,158,158
Botswana,BWA,1991,58.911,Africa,-1.19,7.13,158,158
Botswana,BWA,1992,58.19,Africa,-0.72,7.13,158,158
Botswana,BWA,1993,57.316,Africa,-0.87,7.13,158,158
Botswana,BWA,1994,55.97,Africa,-1.35,7.13,158,158
Botswana,BWA,1995,54.713,Africa,-1.26,7.13,158,158
Botswana,BWA,1996,54.284,Africa,-0.43,7.13,158,158
Botswana,BWA,1997,53.594,Africa,-0.69,7.13,158,158
Botswana,BWA,1998,52.968,Africa,-0.63,7.13,158,158
Botswana,BWA,1999,52.499,Africa,-0.47,7.13,158,158
Botswana,BWA,2000,52.263,Africa,-0.24,7.13,158,158
Botswana,BWA,2001,52.21,Africa,-0.05,7.13,158,158
Botswana,BWA,2002,52.373,Africa,0.16,7.13,158,158
Botswana,BWA,2003,52.851,Africa,0.48,7.13,158,158
Botswana,BWA,2004,53.573,Africa,0.72,7.13,158,158
Botswana,BWA,2005,54.386,Africa,0.81,7.13,158,158
Botswana,BWA,2006,55.112,Africa,0.73,7.13,158,158
Botswana,BWA,2007,56.735,Africa,1.62,7.13,158,158
Botswana,BWA,2008,57.661,Africa,0.93,7.13,158,158
Botswana,BWA,2009,58.297,Africa,0.64,7.13,158,158
Botswana,BWA,2010,59.137,Africa,0.84,7.13,158,158
Botswana,BWA,2011,59.715,Africa,0.58,7.13,158,158
Botswana,BWA,2012,60.384,Africa,0.67,7.13,158,158
Botswana,BWA,2013,61.217,Africa,0.83,7.13,158,158
Botswana,BWA,2014,62.167,Africa,0.95,7.13,158,158
Botswana,BWA,2015,63.215,Africa,1.05,7.13,158,158
Botswana,BWA,2016,64.32,Africa,1.1,7.13,158,158
Botswana,BWA,2017,65.42,Africa,1.1,7.13,158,158
Botswana,BWA,2018,66.371,Africa,0.95,7.13,158,158
Botswana,BWA,2019,67.167,Africa,0.8,7.13,158,158
Botswana,BWA,2020,67.643,Africa,0.48,7.13,158,158
Botswana,BWA,2021,63.303,Africa,-4.34,7.13,158,158
Botswana,BWA,2022,68.749,Africa,5.45,7.13,158,158
Botswana,BWA,2023,69.163,Africa,0.41,7.13,158,158
Botswana,BWA,2024,69.293,Africa,0.13,7.13,158,158
Central African Republic,CAF,1960,39.572,Africa,,17.41,215,215
Central African Republic,CAF,1961,40.056,Africa,0.48,17.41,215,215
Central African Republic,CAF,1962,40.562,Africa,0.51,17.41,215,215
Central African Republic,CAF,1963,41.09,Africa,0.53,17.41,215,215
Central African Republic,CAF,1964,41.64,Africa,0.55,17.41,215,215
Central African Republic,CAF,1965,42.207,Africa,0.57,17.41,215,215
Central African Republic,CAF,1966,42.787,Africa,0.58,17.41,215,215
Central African Republic,CAF,1967,43.379,Africa,0.59,17.41,215,215
Central African Republic,CAF,1968,43.98,Africa,0.6,17.41,215,215
Central African Republic,CAF,1969,44.58,Africa,0.6,17.41,215,215
Central African Republic,CAF,1970,45.176,Africa,0.6,17.41,215,215
Central African Republic,CAF,1971,45.764,Africa,0.59,17.41,215,215
Central African Republic,CAF,1972,46.332,Africa,0.57,17.41,215,215
Central African Republic,CAF,1973,46.884,Africa,0.55,17.41,215,215
Central African Republic,CAF,1974,47.405,Africa,0.52,17.41,215,215
Central African Republic,CAF,1975,47.892,Africa,0.49,17.41,215,215
Central African Republic,CAF,1976,48.355,Africa,0.46,17.41,215,215
Central African Republic,CAF,1977,48.778,Africa,0.42,17.41,215,215
Central African Republic,CAF,1978,49.161,Africa,0.38,17.41,215,215
Central African Republic,CAF,1979,49.5,Africa,0.34,17.41,215,215
Central African Republic,CAF,1980,49.789,Africa,0.29,17.41,215,215
Central African Republic,CAF,1981,50.028,Africa,0.24,17.41,215,215
Central African Republic,CAF,1982,50.213,Africa,0.19,17.41,215,215
Central African Republic,CAF,1983,50.342,Africa,0.13,17.41,215,215
Central African Republic,CAF,1984,50.427,Africa,0.09,17.41,215,215
Central African Republic,CAF,1985,50.463,Africa,0.04,17.41,215,215
Central African Republic,CAF,1986,50.445,Africa,-0.02,17.41,215,215
Central African Republic,CAF,1987,50.371,Africa,-0.07,17.41,215,215
Central African Republic,CAF,1988,50.243,Africa,-0.13,17.41,215,215
Central African Republic,CAF,1989,50.074,Africa,-0.17,17.41,215,215
Central African Republic,CAF,1990,49.854,Africa,-0.22,17.41,215,215
Central African Republic,CAF,1991,49.575,Africa,-0.28,17.41,215,215
Central African Republic,CAF,1992,49.213,Africa,-0.36,17.41,215,215
Central African Republic,CAF,1993,48.899,Africa,-0.31,17.41,215,215
Central African Republic,CAF,1994,48.509,Africa,-0.39,17.41,215,215
Central African Republic,CAF,1995,48.109,Africa,-0.4,17.41,215,215
Central African Republic,CAF,1996,47.7,Africa,-0.41,17.41,215,215
Central African Republic,CAF,1997,47.284,Africa,-0.42,17.41,215,215
Central African Republic,CAF,1998,47.089,Africa,-0.2,17.41,215,215
Central African Republic,CAF,1999,46.91,Africa,-0.18,17.41,215,215
Central African Republic,CAF,2000,46.609,Africa,-0.3,17.41,215,215
Central African Republic,CAF,2001,46.734,Africa,0.12,17.41,215,215
Central African Republic,CAF,2002,46.84,Africa,0.11,17.41,215,215
Central African Republic,CAF,2003,47.306,Africa,0.47,17.41,215,215
Central African Republic,CAF,2004,47.696,Africa,0.39,17.41,215,215
Central African Republic,CAF,2005,48.207,Africa,0.51,17.41,215,215
Central African Republic,CAF,2006,48.687,Africa,0.48,17.41,215,215
Central African Republic,CAF,2007,49.327,Africa,0.64,17.41,215,215
Central African Republic,CAF,2008,49.873,Africa,0.55,17.41,215,215
Central African Republic,CAF,2009,14.665,Africa,-35.21,17.41,215,215
Central African Republic,CAF,2010,46.871,Africa,32.21,17.41,215,215
Central African Republic,CAF,2011,50.107,Africa,3.24,17.41,215,215
Central African Republic,CAF,2012,51.336,Africa,1.23,17.41,215,215
Central African Republic,CAF,2013,49.487,Africa,-1.85,17.41,215,215
Central African Republic,CAF,2014,40.265,Africa,-9.22,17.41,215,215
Central African Republic,CAF,2015,51.934,Africa,11.67,17.41,215,215
Central African Republic,CAF,2016,50.999,Africa,-0.93,17.41,215,215
Central African Republic,CAF,2017,45.231,Africa,-5.77,17.41,215,215
Central African Republic,CAF,2018,52.297,Africa,7.07,17.41,215,215
Central African Republic,CAF,2019,31.53,Africa,-20.77,17.41,215,215
Central African Republic,CAF,2020,50.596,Africa,19.07,17.41,215,215
Central African Republic,CAF,2021,40.279,Africa,-10.32,17.41,215,215
Central African Republic,CAF,2022,18.818,Africa,-21.46,17.41,215,215
Central African Republic,CAF,2023,57.408,Africa,38.59,17.41,215,215
Central African Republic,CAF,2024,57.671,Africa,0.26,17.41,215,215
Canada,CAN,1960,71.13317073170732,America,,0.32,34,34
Canada,CAN,1961,71.34609756097562,America,0.21,0.32,34,34
Canada,CAN,1962,71.36707317073171,America,0.02,0.32,34,34
Canada,CAN,1963,71.38073170731708,America,0.01,0.32,34,34
Canada,CAN,1964,71.77634146341464,America,0.4,0.32,34,34
Canada,CAN,1965,71.87219512195124,America,0.1,0.32,34,34
Canada,CAN,1966,72.00439024390245,America,0.13,0.32,34,34
Canada,CAN,1967,72.20780487804879,America,0.2,0.32,34,34
Canada,CAN,1968,72.35341463414635,America,0.15,0.32,34,34
Canada,CAN,1969,72.50146341463415,America,0.15,0.32,34,34
Canada,CAN,1970,72.70048780487805,America,0.2,0.32,34,34
Canada,CAN,1971,73.02926829268293,America,0.33,0.32,34,34
Canada,CAN,1972,72.9339024390244,America,-0.1,0.32,34,34
Canada,CAN,1973,73.16268292682928,America,0.23,0.32,34,34
Canada,CAN,1974,73.23756097560977,America,0.07,0.32,34,34
Canada,CAN,1975,73.52170731707317,America,0.28,0.32,34,34
Canada,CAN,1976,73.85609756097561,America,0.33,0.32,34,34
Canada,CAN,1977,74.21560975609756,America,0.36,0.32,34,34
Canada,CAN,1978,74.52975609756098,America,0.31,0.32,34,34
Canada,CAN,1979,74.86634146341464,America,0.34,0.32,34,34
Canada,CAN,1980,75.10219512195124,America,0.24,0.32,34,34
Canada,CAN,1981,75.49780487804878,America,0.4,0.32,34,34
Canada,CAN,1982,75.72512195121952,America,0.23,0.32,34,34
Canada,CAN,1983,76.06048780487806,America,0.34,0.32,34,34
Canada,CAN,1984,76.3319512195122,America,0.27,0.32,34,34
Canada,CAN,1985,76.32731707317075,America,-0.0,0.32,34,34
Canada,CAN,1986,76.4639024390244,America,0.14,0.32,34,34
Canada,CAN,1987,76.77878048780488,America,0.31,0.32,34,34
Canada,CAN,1988,76.85878048780488,America,0.08,0.32,34,34
Canada,CAN,1989,77.12487804878049,America,0.27,0.32,34,34
Canada,CAN,1990,77.43658536585367,America,0.31,0.32,34,34
Canada,CAN,1991,77.59341463414636,America,0.16,0.32,34,34
Canada,CAN,1992,77.83804878048781,America,0.24,0.32,34,34
Canada,CAN,1993,77.7048780487805,America,-0.13,0.32,34,34
Canada,CAN,1994,77.87170731707317,America,0.17,0.32,34,34
Canada,CAN,1995,77.97731707317074,America,0.11,0.32,34,34
Canada,CAN,1996,78.22024390243904,America,0.24,0.32,34,34
Canada,CAN,1997,78.41243902439025,America,0.19,0.32,34,34
Canada,CAN,1998,78.62365853658537,America,0.21,0.32,34,34
Canada,CAN,1999,78.8390243902439,America,0.22,0.32,34,34
Canada,CAN,2000,79.16682926829269,America,0.33,0.32,34,34
Canada,CAN,2001,79.39804878048783,America,0.23,0.32,34,34
Canada,CAN,2002,79.53073170731709,America,0.13,0.32,34,34
Canada,CAN,2003,79.71512195121952,America,0.18,0.32,34,34
Canada,CAN,2004,79.99219512195123,America,0.28,0.32,34,34
Canada,CAN,2005,80.11268292682928,America,0.12,0.32,34,34
Canada,CAN,2006,80.54365853658538,America,0.43,0.32,34,34
Canada,CAN,2007,80.54365853658538,America,0.0,0.32,34,34
Canada,CAN,2008,80.72463414634147,America,0.18,0.32,34,34
Canada,CAN,2009,81.0660975609756,America,0.34,0.32,34,34
Canada,CAN,2010,81.32219512195122,America,0.26,0.32,34,34
Canada,CAN,2011,81.48268292682928,America,0.16,0.32,34,34
Canada,CAN,2012,81.66365853658537,America,0.18,0.32,34,34
Canada,CAN,2013,81.74487804878049,America,0.08,0.32,34,34
Canada,CAN,2014,81.78439024390245,America,0.04,0.32,34,34
Canada,CAN,2015,81.82585365853659,America,0.04,0.32,34,34
Canada,CAN,2016,81.94000000000001,America,0.11,0.32,34,34
Canada,CAN,2017,81.8078048780488,America,-0.13,0.32,34,34
Canada,CAN,2018,81.80365853658537,America,-0.0,0.32,34,34
Canada,CAN,2019,82.15853658536587,America,0.35,0.32,34,34
Canada,CAN,2020,81.53000000000002,America,-0.63,0.32,34,34
Canada,CAN,2021,81.45146341463416,America,-0.08,0.32,34,34
Canada,CAN,2022,81.0948780487805,America,-0.36,0.32,34,34
Canada,CAN,2023,81.62634146341465,America,0.53,0.32,34,34
Canada,CAN,2024,82.10804878048782,America,0.48,0.32,34,34
Switzerland,CHE,1960,71.31341463414634,Europe,,1.21,5,5
Switzerland,CHE,1961,71.6448780487805,Europe,0.33,1.21,5,5
Switzerland,CHE,1962,71.19609756097562,Europe,-0.45,1.21,5,5
Switzerland,CHE,1963,71.18756097560977,Europe,-0.01,1.21,5,5
Switzerland,CHE,1964,72.0778048780488,Europe,0.89,1.21,5,5
Switzerland,CHE,1965,72.20170731707317,Europe,0.12,1.21,5,5
Switzerland,CHE,1966,72.33560975609757,Europe,0.13,1.21,5,5
Switzerland,CHE,1967,72.63658536585366,Europe,0.3,1.21,5,5
Switzerland,CHE,1968,72.59024390243903,Europe,-0.05,1.21,5,5
Switzerland,CHE,1969,72.61268292682927,Europe,0.02,1.21,5,5
Switzerland,CHE,1970,73.02024390243903,Europe,0.41,1.21,5,5
Switzerland,CHE,1971,73.13073170731708,Europe,0.11,1.21,5,5
Switzerland,CHE,1972,73.64439024390245,Europe,0.51,1.21,5,5
Switzerland,CHE,1973,73.94097560975611,Europe,0.3,1.21,5,5
Switzerland,CHE,1974,74.28707317073172,Europe,0.35,1.21,5,5
Switzerland,CHE,1975,74.66560975609757,Europe,0.38,1.21,5,5
Switzerland,CHE,1976,74.78536585365855,Europe,0.12,1.21,5,5
Switzerland,CHE,1977,75.23804878048782,Europe,0.45,1.21,5,5
Switzerland,CHE,1978,75.18731707317075,Europe,-0.05,1.21,5,5
Switzerland,CHE,1979,75.46609756097561,Europe,0.28,1.21,5,5
Switzerland,CHE,1980,75.45926829268295,Europe,-0.01,1.21,5,5
Switzerland,CHE,1981,75.69317073170733,Europe,0.23,1.21,5,5
Switzerland,CHE,1982,76.0339024390244,Europe,0.34,1.21,5,5
Switzerland,CHE,1983,76.03121951219514,Europe,-0.0,1.21,5,5
Switzerland,CHE,1984,76.60853658536587,Europe,0.58,1.21,5,5
Switzerland,CHE,1985,76.73365853658538,Europe,0.13,1.21,5,5
Switzerland,CHE,1986,76.89902439024391,Europe,0.17,1.21,5,5
Switzerland,CHE,1987,77.19756097560976,Europe,0.3,1.21,5,5
Switzerland,CHE,1988,77.22658536585367,Europe,0.03,1.21,5,5
Switzerland,CHE,1989,77.42121951219514,Europe,0.19,1.21,5,5
Switzerland,CHE,1990,77.24243902439024,Europe,-0.18,1.21,5,5
Switzerland,CHE,1991,77.51463414634145,Europe,0.27,1.21,5,5
Switzerland,CHE,1992,77.80609756097562,Europe,0.29,1.21,5,5
Switzerland,CHE,1993,78.08536585365856,Europe,0.28,1.21,5,5
Switzerland,CHE,1994,78.35000000000001,Europe,0.26,1.21,5,5
Switzerland,CHE,1995,78.41707317073171,Europe,0.07,1.21,5,5
Switzerland,CHE,1996,78.89609756097562,Europe,0.48,1.21,5,5
Switzerland,CHE,1997,79.07951219512196,Europe,0.18,1.21,5,5
Switzerland,CHE,1998,79.32439024390246,Europe,0.24,1.21,5,5
Switzerland,CHE,1999,79.58048780487805,Europe,0.26,1.21,5,5
Switzerland,CHE,2000,79.68048780487806,Europe,0.1,1.21,5,5
Switzerland,CHE,2001,80.18048780487806,Europe,0.5,1.21,5,5
Switzerland,CHE,2002,80.38536585365854,Europe,0.2,1.21,5,5
Switzerland,CHE,2003,80.53658536585368,Europe,0.15,1.21,5,5
Switzerland,CHE,2004,81.0878048780488,Europe,0.55,1.21,5,5
Switzerland,CHE,2005,81.23658536585367,Europe,0.15,1.21,5,5
Switzerland,CHE,2006,81.49024390243903,Europe,0.25,1.21,5,5
Switzerland,CHE,2007,81.74146341463415,Europe,0.25,1.21,5,5
Switzerland,CHE,2008,81.99268292682927,Europe,0.25,1.21,5,5
Switzerland,CHE,2009,82.0439024390244,Europe,0.05,1.21,5,5
Switzerland,CHE,2010,82.24634146341465,Europe,0.2,1.21,5,5
Switzerland,CHE,2011,82.69512195121952,Europe,0.45,1.21,5,5
Switzerland,CHE,2012,82.69756097560976,Europe,0.0,1.21,5,5
Switzerland,CHE,2013,82.79756097560977,Europe,0.1,1.21,5,5
Switzerland,CHE,2014,83.19756097560976,Europe,0.4,1.21,5,5
Switzerland,CHE,2015,82.89756097560976,Europe,-0.3,1.21,5,5
Switzerland,CHE,2016,83.60243902439025,Europe,0.7,1.21,5,5
Switzerland,CHE,2017,83.55121951219512,Europe,-0.05,1.21,5,5
Switzerland,CHE,2018,83.75365853658538,Europe,0.2,1.21,5,5
Switzerland,CHE,2019,83.90487804878049,Europe,0.15,1.21,5,5
Switzerland,CHE,2020,83.0,Europe,-0.9,1.21,5,5
Switzerland,CHE,2021,83.75121951219514,Europe,0.75,1.21,5,5
Switzerland,CHE,2022,83.60487804878049,Europe,-0.15,1.21,5,5
Switzerland,CHE,2023,84.15609756097562,Europe,0.55,1.21,5,5
Switzerland,CHE,2024,84.40731707317074,Europe,0.25,1.21,5,5
Channel Islands,CHI,1960,72.5,CHI,,-0.4,45,45
Channel Islands,CHI,1961,71.6,CHI,-0.9,-0.4,45,45
Channel Islands,CHI,1962,72.0,CHI,0.4,-0.4,45,45
Channel Islands,CHI,1963,72.2,CHI,0.2,-0.4,45,45
Channel Islands,CHI,1964,72.0,CHI,-0.2,-0.4,45,45
Channel Islands,CHI,1965,71.6,CHI,-0.4,-0.4,45,45
Channel Islands,CHI,1966,72.3,CHI,0.7,-0.4,45,45
Channel Islands,CHI,1967,72.2,CHI,-0.1,-0.4,45,45
Channel Islands,CHI,1968,71.7,CHI,-0.5,-0.4,45,45
Channel Islands,CHI,1969,71.7,CHI,0.0,-0.4,45,45
Channel Islands,CHI,1970,71.8,CHI,0.1,-0.4,45,45
Channel Islands,CHI,1971,72.0,CHI,0.2,-0.4,45,45
Channel Islands,CHI,1972,72.0,CHI,0.0,-0.4,45,45
Channel Islands,CHI,1973,72.7,CHI,0.7,-0.4,45,45
Channel Islands,CHI,1974,72.5,CHI,-0.2,-0.4,45,45
Channel Islands,CHI,1975,72.6,CHI,0.1,-0.4,45,45
Channel Islands,CHI,1976,72.7,CHI,0.1,-0.4,45,45
Channel Islands,CHI,1977,72.9,CHI,0.2,-0.4,45,45
Channel Islands,CHI,1978,73.1,CHI,0.2,-0.4,45,45
Channel Islands,CHI,1979,73.2,CHI,0.1,-0.4,45,45
Channel Islands,CHI,1980,73.9,CHI,0.7,-0.4,45,45
Channel Islands,CHI,1981,73.8,CHI,-0.1,-0.4,45,45
Channel Islands,CHI,1982,73.1,CHI,-0.7,-0.4,45,45
Channel Islands,CHI,1983,74.9,CHI,1.8,-0.4,45,45
Channel Islands,CHI,1984,75.2,CHI,0.3,-0.4,45,45
Channel Islands,CHI,1985,75.3,CHI,0.1,-0.4,45,45
Channel Islands,CHI,1986,75.4,CHI,0.1,-0.4,45,45
Channel Islands,CHI,1987,75.7,CHI,0.3,-0.4,45,45
Channel Islands,CHI,1988,76.0,CHI,0.3,-0.4,45,45
Channel Islands,CHI,1989,76.5,CHI,0.5,-0.4,45,45
Channel Islands,CHI,1990,76.3,CHI,-0.2,-0.4,45,45
Channel Islands,CHI,1991,76.5,CHI,0.2,-0.4,45,45
Channel Islands,CHI,1992,77.1,CHI,0.6,-0.4,45,45
Channel Islands,CHI,1993,76.8,CHI,-0.3,-0.4,45,45
Channel Islands,CHI,1994,77.0,CHI,0.2,-0.4,45,45
Channel Islands,CHI,1995,77.7,CHI,0.7,-0.4,45,45
Channel Islands,CHI,1996,77.8,CHI,0.1,-0.4,45,45
Channel Islands,CHI,1997,78.2,CHI,0.4,-0.4,45,45
Channel Islands,CHI,1998,78.5,CHI,0.3,-0.4,45,45
Channel Islands,CHI,1999,79.1,CHI,0.6,-0.4,45,45
Channel Islands,CHI,2000,78.8,CHI,-0.3,-0.4,45,45
Channel Islands,CHI,2001,79.0,CHI,0.2,-0.4,45,45
Channel Islands,CHI,2002,79.1,CHI,0.1,-0.4,45,45
Channel Islands,CHI,2003,79.4,CHI,0.3,-0.4,45,45
Channel Islands,CHI,2004,79.8,CHI,0.4,-0.4,45,45
Channel Islands,CHI,2005,80.1,CHI,0.3,-0.4,45,45
Channel Islands,CHI,2006,80.4,CHI,0.3,-0.4,45,45
Channel Islands,CHI,2007,80.6,CHI,0.2,-0.4,45,45
Channel Islands,CHI,2008,80.8,CHI,0.2,-0.4,45,45
Channel Islands,CHI,2009,81.0,CHI,0.2,-0.4,45,45
Channel Islands,CHI,2010,81.2,CHI,0.2,-0.4,45,45
Channel Islands,CHI,2011,81.4,CHI,0.2,-0.4,45,45
Channel Islands,CHI,2012,81.3,CHI,-0.1,-0.4,45,45
Channel Islands,CHI,2013,81.5,CHI,0.2,-0.4,45,45
Channel Islands,CHI,2014,81.6,CHI,0.1,-0.4,45,45
Channel Islands,CHI,2015,81.4,CHI,-0.2,-0.4,45,45
Channel Islands,CHI,2016,81.2,CHI,-0.2,-0.4,45,45
Channel Islands,CHI,2017,81.0,CHI,-0.2,-0.4,45,45
Channel Islands,CHI,2018,81.1,CHI,0.1,-0.4,45,45
Channel Islands,CHI,2019,81.2,CHI,0.1,-0.4,45,45
Channel Islands,CHI,2020,80.9,CHI,-0.3,-0.4,45,45
Channel Islands,CHI,2021,80.3,CHI,-0.6,-0.4,45,45
Channel Islands,CHI,2022,81.0,CHI,0.7,-0.4,45,45
Channel Islands,CHI,2023,81.1,CHI,0.1,-0.4,45,45
Channel Islands,CHI,2024,81.2,CHI,0.1,-0.4,45,45
Chile,CHL,1960,57.216,America,,1.64,43,43
Chile,CHL,1961,57.309,America,0.09,1.64,43,43
Chile,CHL,1962,57.811,America,0.5,1.64,43,43
Chile,CHL,1963,58.349,America,0.54,1.64,43,43
Chile,CHL,1964,58.812,America,0.46,1.64,43,43
Chile,CHL,1965,59.473,America,0.66,1.64,43,43
Chile,CHL,1966,60.373,America,0.9,1.64,43,43
Chile,CHL,1967,61.054,America,0.68,1.64,43,43
Chile,CHL,1968,61.68,America,0.63,1.64,43,43
Chile,CHL,1969,62.341,America,0.66,1.64,43,43
Chile,CHL,1970,62.634,America,0.29,1.64,43,43
Chile,CHL,1971,63.072,America,0.44,1.64,43,43
Chile,CHL,1972,63.717,America,0.64,1.64,43,43
Chile,CHL,1973,64.42,America,0.7,1.64,43,43
Chile,CHL,1974,65.085,America,0.66,1.64,43,43
Chile,CHL,1975,66.037,America,0.95,1.64,43,43
Chile,CHL,1976,66.819,America,0.78,1.64,43,43
Chile,CHL,1977,67.529,America,0.71,1.64,43,43
Chile,CHL,1978,68.042,America,0.51,1.64,43,43
Chile,CHL,1979,68.858,America,0.82,1.64,43,43
Chile,CHL,1980,69.475,America,0.62,1.64,43,43
Chile,CHL,1981,69.822,America,0.35,1.64,43,43
Chile,CHL,1982,70.291,America,0.47,1.64,43,43
Chile,CHL,1983,70.83,America,0.54,1.64,43,43
Chile,CHL,1984,71.215,America,0.39,1.64,43,43
Chile,CHL,1985,71.615,America,0.4,1.64,43,43
Chile,CHL,1986,72.061,America,0.45,1.64,43,43
Chile,CHL,1987,72.466,America,0.4,1.64,43,43
Chile,CHL,1988,72.788,America,0.32,1.64,43,43
Chile,CHL,1989,73.188,America,0.4,1.64,43,43
Chile,CHL,1990,73.675,America,0.49,1.64,43,43
Chile,CHL,1991,74.082,America,0.41,1.64,43,43
Chile,CHL,1992,74.367,America,0.29,1.64,43,43
Chile,CHL,1993,74.679,America,0.31,1.64,43,43
Chile,CHL,1994,74.973,America,0.29,1.64,43,43
Chile,CHL,1995,75.298,America,0.33,1.64,43,43
Chile,CHL,1996,75.555,America,0.26,1.64,43,43
Chile,CHL,1997,75.826,America,0.27,1.64,43,43
Chile,CHL,1998,76.324,America,0.5,1.64,43,43
Chile,CHL,1999,76.738,America,0.41,1.64,43,43
Chile,CHL,2000,77.128,America,0.39,1.64,43,43
Chile,CHL,2001,77.58,America,0.45,1.64,43,43
Chile,CHL,2002,77.84,America,0.26,1.64,43,43
Chile,CHL,2003,77.884,America,0.04,1.64,43,43
Chile,CHL,2004,78.276,America,0.39,1.64,43,43
Chile,CHL,2005,78.459,America,0.18,1.64,43,43
Chile,CHL,2006,78.533,America,0.07,1.64,43,43
Chile,CHL,2007,78.652,America,0.12,1.64,43,43
Chile,CHL,2008,78.752,America,0.1,1.64,43,43
Chile,CHL,2009,78.89,America,0.14,1.64,43,43
Chile,CHL,2010,79.095,America,0.2,1.64,43,43
Chile,CHL,2011,79.236,America,0.14,1.64,43,43
Chile,CHL,2012,79.221,America,-0.02,1.64,43,43
Chile,CHL,2013,79.551,America,0.33,1.64,43,43
Chile,CHL,2014,79.714,America,0.16,1.64,43,43
Chile,CHL,2015,80.008,America,0.29,1.64,43,43
Chile,CHL,2016,80.295,America,0.29,1.64,43,43
Chile,CHL,2017,80.61,America,0.31,1.64,43,43
Chile,CHL,2018,80.559,America,-0.05,1.64,43,43
Chile,CHL,2019,80.324,America,-0.23,1.64,43,43
Chile,CHL,2020,79.349,America,-0.97,1.64,43,43
Chile,CHL,2021,78.876,America,-0.47,1.64,43,43
Chile,CHL,2022,79.176,America,0.3,1.64,43,43
Chile,CHL,2023,81.167,America,1.99,1.64,43,43
Chile,CHL,2024,81.359,America,0.19,1.64,43,43
China,CHN,1960,33.419,Asia,,1.3,70,70
China,CHN,1961,40.158,Asia,6.74,1.3,70,70
China,CHN,1962,50.959,Asia,10.8,1.3,70,70
China,CHN,1963,51.67,Asia,0.71,1.3,70,70
China,CHN,1964,52.343,Asia,0.67,1.3,70,70
China,CHN,1965,53.001,Asia,0.66,1.3,70,70
China,CHN,1966,53.662,Asia,0.66,1.3,70,70
China,CHN,1967,54.401,Asia,0.74,1.3,70,70
China,CHN,1968,55.191,Asia,0.79,1.3,70,70
China,CHN,1969,55.988,Asia,0.8,1.3,70,70
China,CHN,1970,56.824,Asia,0.84,1.3,70,70
China,CHN,1971,57.731,Asia,0.91,1.3,70,70
China,CHN,1972,58.579,Asia,0.85,1.3,70,70
China,CHN,1973,59.496,Asia,0.92,1.3,70,70
China,CHN,1974,60.241,Asia,0.74,1.3,70,70
China,CHN,1975,60.952,Asia,0.71,1.3,70,70
China,CHN,1976,61.225,Asia,0.27,1.3,70,70
China,CHN,1977,62.458,Asia,1.23,1.3,70,70
China,CHN,1978,63.102,Asia,0.64,1.3,70,70
China,CHN,1979,63.704,Asia,0.6,1.3,70,70
China,CHN,1980,64.243,Asia,0.54,1.3,70,70
China,CHN,1981,64.778,Asia,0.54,1.3,70,70
China,CHN,1982,65.249,Asia,0.47,1.3,70,70
China,CHN,1983,65.728,Asia,0.48,1.3,70,70
China,CHN,1984,66.148,Asia,0.42,1.3,70,70
China,CHN,1985,66.532,Asia,0.38,1.3,70,70
China,CHN,1986,66.887,Asia,0.36,1.3,70,70
China,CHN,1987,67.263,Asia,0.38,1.3,70,70
China,CHN,1988,67.607,Asia,0.34,1.3,70,70
China,CHN,1989,67.93,Asia,0.32,1.3,70,70
China,CHN,1990,68.155,Asia,0.22,1.3,70,70
China,CHN,1991,68.61,Asia,0.45,1.3,70,70
China,CHN,1992,69.059,Asia,0.45,1.3,70,70
China,CHN,1993,69.492,Asia,0.43,1.3,70,70
China,CHN,1994,69.835,Asia,0.34,1.3,70,70
China,CHN,1995,70.363,Asia,0.53,1.3,70,70
China,CHN,1996,70.823,Asia,0.46,1.3,70,70
China,CHN,1997,71.227,Asia,0.4,1.3,70,70
China,CHN,1998,71.601,Asia,0.37,1.3,70,70
China,CHN,1999,71.952,Asia,0.35,1.3,70,70
China,CHN,2000,72.288,Asia,0.34,1.3,70,70
China,CHN,2001,72.675,Asia,0.39,1.3,70,70
China,CHN,2002,73.034,Asia,0.36,1.3,70,70
China,CHN,2003,73.385,Asia,0.35,1.3,70,70
China,CHN,2004,73.727,Asia,0.34,1.3,70,70
China,CHN,2005,74.085,Asia,0.36,1.3,70,70
China,CHN,2006,74.404,Asia,0.32,1.3,70,70
China,CHN,2007,74.789,Asia,0.39,1.3,70,70
China,CHN,2008,74.833,Asia,0.04,1.3,70,70
China,CHN,2009,75.317,Asia,0.48,1.3,70,70
China,CHN,2010,75.668,Asia,0.35,1.3,70,70
China,CHN,2011,75.889,Asia,0.22,1.3,70,70
China,CHN,2012,76.2,Asia,0.31,1.3,70,70
China,CHN,2013,76.452,Asia,0.25,1.3,70,70
China,CHN,2014,76.714,Asia,0.26,1.3,70,70
China,CHN,2015,76.975,Asia,0.26,1.3,70,70
China,CHN,2016,77.214,Asia,0.24,1.3,70,70
China,CHN,2017,77.235,Asia,0.02,1.3,70,70
China,CHN,2018,77.709,Asia,0.47,1.3,70,70
China,CHN,2019,77.94,Asia,0.23,1.3,70,70
China,CHN,2020,78.019,Asia,0.08,1.3,70,70
China,CHN,2021,78.117,Asia,0.1,1.3,70,70
China,CHN,2022,78.202,Asia,0.08,1.3,70,70
China,CHN,2023,77.953,Asia,-0.25,1.3,70,70
China,CHN,2024,78.017,Asia,0.06,1.3,70,70
Cote d'Ivoire,CIV,1960,37.244,Africa,,4.34,204,204
Cote d'Ivoire,CIV,1961,37.923,Africa,0.68,4.34,204,204
Cote d'Ivoire,CIV,1962,38.62,Africa,0.7,4.34,204,204
Cote d'Ivoire,CIV,1963,39.315,Africa,0.7,4.34,204,204
Cote d'Ivoire,CIV,1964,39.966,Africa,0.65,4.34,204,204
Cote d'Ivoire,CIV,1965,40.643,Africa,0.68,4.34,204,204
Cote d'Ivoire,CIV,1966,41.297,Africa,0.65,4.34,204,204
Cote d'Ivoire,CIV,1967,41.959,Africa,0.66,4.34,204,204
Cote d'Ivoire,CIV,1968,42.648,Africa,0.69,4.34,204,204
Cote d'Ivoire,CIV,1969,43.345,Africa,0.7,4.34,204,204
Cote d'Ivoire,CIV,1970,44.045,Africa,0.7,4.34,204,204
Cote d'Ivoire,CIV,1971,44.783,Africa,0.74,4.34,204,204
Cote d'Ivoire,CIV,1972,45.575,Africa,0.79,4.34,204,204
Cote d'Ivoire,CIV,1973,46.372,Africa,0.8,4.34,204,204
Cote d'Ivoire,CIV,1974,47.207,Africa,0.84,4.34,204,204
Cote d'Ivoire,CIV,1975,48.03,Africa,0.82,4.34,204,204
Cote d'Ivoire,CIV,1976,48.863,Africa,0.83,4.34,204,204
Cote d'Ivoire,CIV,1977,49.624,Africa,0.76,4.34,204,204
Cote d'Ivoire,CIV,1978,50.361,Africa,0.74,4.34,204,204
Cote d'Ivoire,CIV,1979,50.983,Africa,0.62,4.34,204,204
Cote d'Ivoire,CIV,1980,51.437,Africa,0.45,4.34,204,204
Cote d'Ivoire,CIV,1981,51.791,Africa,0.35,4.34,204,204
Cote d'Ivoire,CIV,1982,52.09,Africa,0.3,4.34,204,204
Cote d'Ivoire,CIV,1983,52.352,Africa,0.26,4.34,204,204
Cote d'Ivoire,CIV,1984,52.648,Africa,0.3,4.34,204,204
Cote d'Ivoire,CIV,1985,52.861,Africa,0.21,4.34,204,204
Cote d'Ivoire,CIV,1986,53.009,Africa,0.15,4.34,204,204
Cote d'Ivoire,CIV,1987,53.118,Africa,0.11,4.34,204,204
Cote d'Ivoire,CIV,1988,53.062,Africa,-0.06,4.34,204,204
Cote d'Ivoire,CIV,1989,52.955,Africa,-0.11,4.34,204,204
Cote d'Ivoire,CIV,1990,52.796,Africa,-0.16,4.34,204,204
Cote d'Ivoire,CIV,1991,52.621,Africa,-0.17,4.34,204,204
Cote d'Ivoire,CIV,1992,52.429,Africa,-0.19,4.34,204,204
Cote d'Ivoire,CIV,1993,52.247,Africa,-0.18,4.34,204,204
Cote d'Ivoire,CIV,1994,52.005,Africa,-0.24,4.34,204,204
Cote d'Ivoire,CIV,1995,51.713,Africa,-0.29,4.34,204,204
Cote d'Ivoire,CIV,1996,51.596,Africa,-0.12,4.34,204,204
Cote d'Ivoire,CIV,1997,51.498,Africa,-0.1,4.34,204,204
Cote d'Ivoire,CIV,1998,51.22,Africa,-0.28,4.34,204,204
Cote d'Ivoire,CIV,1999,51.273,Africa,0.05,4.34,204,204
Cote d'Ivoire,CIV,2000,51.393,Africa,0.12,4.34,204,204
Cote d'Ivoire,CIV,2001,51.428,Africa,0.03,4.34,204,204
Cote d'Ivoire,CIV,2002,51.544,Africa,0.12,4.34,204,204
Cote d'Ivoire,CIV,2003,51.443,Africa,-0.1,4.34,204,204
Cote d'Ivoire,CIV,2004,51.939,Africa,0.5,4.34,204,204
Cote d'Ivoire,CIV,2005,52.432,Africa,0.49,4.34,204,204
Cote d'Ivoire,CIV,2006,52.885,Africa,0.45,4.34,204,204
Cote d'Ivoire,CIV,2007,53.452,Africa,0.57,4.34,204,204
Cote d'Ivoire,CIV,2008,54.179,Africa,0.73,4.34,204,204
Cote d'Ivoire,CIV,2009,54.744,Africa,0.56,4.34,204,204
Cote d'Ivoire,CIV,2010,55.282,Africa,0.54,4.34,204,204
Cote d'Ivoire,CIV,2011,55.972,Africa,0.69,4.34,204,204
Cote d'Ivoire,CIV,2012,56.57,Africa,0.6,4.34,204,204
Cote d'Ivoire,CIV,2013,57.057,Africa,0.49,4.34,204,204
Cote d'Ivoire,CIV,2014,57.772,Africa,0.71,4.34,204,204
Cote d'Ivoire,CIV,2015,58.281,Africa,0.51,4.34,204,204
Cote d'Ivoire,CIV,2016,58.814,Africa,0.53,4.34,204,204
Cote d'Ivoire,CIV,2017,59.315,Africa,0.5,4.34,204,204
Cote d'Ivoire,CIV,2018,59.795,Africa,0.48,4.34,204,204
Cote d'Ivoire,CIV,2019,60.274,Africa,0.48,4.34,204,204
Cote d'Ivoire,CIV,2020,60.14,Africa,-0.13,4.34,204,204
Cote d'Ivoire,CIV,2021,60.29,Africa,0.15,4.34,204,204
Cote d'Ivoire,CIV,2022,61.562,Africa,1.27,4.34,204,204
Cote d'Ivoire,CIV,2023,61.944,Africa,0.38,4.34,204,204
Cote d'Ivoire,CIV,2024,62.11,Africa,0.17,4.34,204,204
Cameroon,CMR,1960,34.667,Africa,,4.84,194,194
Cameroon,CMR,1961,35.186,Africa,0.52,4.84,194,194
Cameroon,CMR,1962,42.599,Africa,7.41,4.84,194,194
Cameroon,CMR,1963,43.074,Africa,0.48,4.84,194,194
Cameroon,CMR,1964,43.596,Africa,0.52,4.84,194,194
Cameroon,CMR,1965,44.175,Africa,0.58,4.84,194,194
Cameroon,CMR,1966,44.839,Africa,0.66,4.84,194,194
Cameroon,CMR,1967,45.602,Africa,0.76,4.84,194,194
Cameroon,CMR,1968,46.389,Africa,0.79,4.84,194,194
Cameroon,CMR,1969,47.191,Africa,0.8,4.84,194,194
Cameroon,CMR,1970,47.954,Africa,0.76,4.84,194,194
Cameroon,CMR,1971,48.577,Africa,0.62,4.84,194,194
Cameroon,CMR,1972,49.12,Africa,0.54,4.84,194,194
Cameroon,CMR,1973,49.517,Africa,0.4,4.84,194,194
Cameroon,CMR,1974,49.734,Africa,0.22,4.84,194,194
Cameroon,CMR,1975,49.891,Africa,0.16,4.84,194,194
Cameroon,CMR,1976,50.017,Africa,0.13,4.84,194,194
Cameroon,CMR,1977,50.13,Africa,0.11,4.84,194,194
Cameroon,CMR,1978,50.319,Africa,0.19,4.84,194,194
Cameroon,CMR,1979,50.535,Africa,0.22,4.84,194,194
Cameroon,CMR,1980,50.852,Africa,0.32,4.84,194,194
Cameroon,CMR,1981,51.227,Africa,0.38,4.84,194,194
Cameroon,CMR,1982,51.801,Africa,0.57,4.84,194,194
Cameroon,CMR,1983,52.447,Africa,0.65,4.84,194,194
Cameroon,CMR,1984,52.886,Africa,0.44,4.84,194,194
Cameroon,CMR,1985,53.465,Africa,0.58,4.84,194,194
Cameroon,CMR,1986,53.572,Africa,0.11,4.84,194,194
Cameroon,CMR,1987,54.188,Africa,0.62,4.84,194,194
Cameroon,CMR,1988,54.359,Africa,0.17,4.84,194,194
Cameroon,CMR,1989,54.389,Africa,0.03,4.84,194,194
Cameroon,CMR,1990,54.348,Africa,-0.04,4.84,194,194
Cameroon,CMR,1991,54.168,Africa,-0.18,4.84,194,194
Cameroon,CMR,1992,54.053,Africa,-0.12,4.84,194,194
Cameroon,CMR,1993,53.872,Africa,-0.18,4.84,194,194
Cameroon,CMR,1994,53.537,Africa,-0.34,4.84,194,194
Cameroon,CMR,1995,53.347,Africa,-0.19,4.84,194,194
Cameroon,CMR,1996,53.2,Africa,-0.15,4.84,194,194
Cameroon,CMR,1997,53.105,Africa,-0.1,4.84,194,194
Cameroon,CMR,1998,53.043,Africa,-0.06,4.84,194,194
Cameroon,CMR,1999,53.166,Africa,0.12,4.84,194,194
Cameroon,CMR,2000,53.338,Africa,0.17,4.84,194,194
Cameroon,CMR,2001,53.598,Africa,0.26,4.84,194,194
Cameroon,CMR,2002,53.922,Africa,0.32,4.84,194,194
Cameroon,CMR,2003,54.253,Africa,0.33,4.84,194,194
Cameroon,CMR,2004,54.578,Africa,0.33,4.84,194,194
Cameroon,CMR,2005,54.904,Africa,0.33,4.84,194,194
Cameroon,CMR,2006,55.301,Africa,0.4,4.84,194,194
Cameroon,CMR,2007,55.71,Africa,0.41,4.84,194,194
Cameroon,CMR,2008,56.116,Africa,0.41,4.84,194,194
Cameroon,CMR,2009,56.486,Africa,0.37,4.84,194,194
Cameroon,CMR,2010,56.965,Africa,0.48,4.84,194,194
Cameroon,CMR,2011,57.482,Africa,0.52,4.84,194,194
Cameroon,CMR,2012,58.17,Africa,0.69,4.84,194,194
Cameroon,CMR,2013,58.73,Africa,0.56,4.84,194,194
Cameroon,CMR,2014,59.13,Africa,0.4,4.84,194,194
Cameroon,CMR,2015,59.687,Africa,0.56,4.84,194,194
Cameroon,CMR,2016,60.293,Africa,0.61,4.84,194,194
Cameroon,CMR,2017,60.817,Africa,0.52,4.84,194,194
Cameroon,CMR,2018,61.189,Africa,0.37,4.84,194,194
Cameroon,CMR,2019,61.695,Africa,0.51,4.84,194,194
Cameroon,CMR,2020,61.674,Africa,-0.02,4.84,194,194
Cameroon,CMR,2021,61.146,Africa,-0.53,4.84,194,194
Cameroon,CMR,2022,62.443,Africa,1.3,4.84,194,194
Cameroon,CMR,2023,63.7,Africa,1.26,4.84,194,194
Cameroon,CMR,2024,63.968,Africa,0.27,4.84,194,194
"Congo, Dem. Rep.",COD,1960,40.752,Africa,,3.84,205,205
"Congo, Dem. Rep.",COD,1961,40.161,Africa,-0.59,3.84,205,205
"Congo, Dem. Rep.",COD,1962,40.382,Africa,0.22,3.84,205,205
"Congo, Dem. Rep.",COD,1963,40.604,Africa,0.22,3.84,205,205
"Congo, Dem. Rep.",COD,1964,40.099,Africa,-0.51,3.84,205,205
"Congo, Dem. Rep.",COD,1965,40.767,Africa,0.67,3.84,205,205
"Congo, Dem. Rep.",COD,1966,42.169,Africa,1.4,3.84,205,205
"Congo, Dem. Rep.",COD,1967,42.339,Africa,0.17,3.84,205,205
"Congo, Dem. Rep.",COD,1968,42.667,Africa,0.33,3.84,205,205
"Congo, Dem. Rep.",COD,1969,42.959,Africa,0.29,3.84,205,205
"Congo, Dem. Rep.",COD,1970,43.3,Africa,0.34,3.84,205,205
"Congo, Dem. Rep.",COD,1971,43.578,Africa,0.28,3.84,205,205
"Congo, Dem. Rep.",COD,1972,43.869,Africa,0.29,3.84,205,205
"Congo, Dem. Rep.",COD,1973,44.09,Africa,0.22,3.84,205,205
"Congo, Dem. Rep.",COD,1974,44.311,Africa,0.22,3.84,205,205
"Congo, Dem. Rep.",COD,1975,44.53,Africa,0.22,3.84,205,205
"Congo, Dem. Rep.",COD,1976,44.695,Africa,0.16,3.84,205,205
"Congo, Dem. Rep.",COD,1977,44.866,Africa,0.17,3.84,205,205
"Congo, Dem. Rep.",COD,1978,44.628,Africa,-0.24,3.84,205,205
"Congo, Dem. Rep.",COD,1979,45.278,Africa,0.65,3.84,205,205
"Congo, Dem. Rep.",COD,1980,45.543,Africa,0.27,3.84,205,205
"Congo, Dem. Rep.",COD,1981,45.726,Africa,0.18,3.84,205,205
"Congo, Dem. Rep.",COD,1982,45.946,Africa,0.22,3.84,205,205
"Congo, Dem. Rep.",COD,1983,46.207,Africa,0.26,3.84,205,205
"Congo, Dem. Rep.",COD,1984,46.514,Africa,0.31,3.84,205,205
"Congo, Dem. Rep.",COD,1985,46.663,Africa,0.15,3.84,205,205
"Congo, Dem. Rep.",COD,1986,47.016,Africa,0.35,3.84,205,205
"Congo, Dem. Rep.",COD,1987,47.362,Africa,0.35,3.84,205,205
"Congo, Dem. Rep.",COD,1988,47.755,Africa,0.39,3.84,205,205
"Congo, Dem. Rep.",COD,1989,48.149,Africa,0.39,3.84,205,205
"Congo, Dem. Rep.",COD,1990,48.538,Africa,0.39,3.84,205,205
"Congo, Dem. Rep.",COD,1991,48.944,Africa,0.41,3.84,205,205
"Congo, Dem. Rep.",COD,1992,49.323,Africa,0.38,3.84,205,205
"Congo, Dem. Rep.",COD,1993,49.621,Africa,0.3,3.84,205,205
"Congo, Dem. Rep.",COD,1994,49.88,Africa,0.26,3.84,205,205
"Congo, Dem. Rep.",COD,1995,50.381,Africa,0.5,3.84,205,205
"Congo, Dem. Rep.",COD,1996,49.376,Africa,-1.01,3.84,205,205
"Congo, Dem. Rep.",COD,1997,50.461,Africa,1.09,3.84,205,205
"Congo, Dem. Rep.",COD,1998,49.664,Africa,-0.8,3.84,205,205
"Congo, Dem. Rep.",COD,1999,50.089,Africa,0.42,3.84,205,205
"Congo, Dem. Rep.",COD,2000,51.887,Africa,1.8,3.84,205,205
"Congo, Dem. Rep.",COD,2001,52.205,Africa,0.32,3.84,205,205
"Congo, Dem. Rep.",COD,2002,52.371,Africa,0.17,3.84,205,205
"Congo, Dem. Rep.",COD,2003,52.952,Africa,0.58,3.84,205,205
"Congo, Dem. Rep.",COD,2004,53.534,Africa,0.58,3.84,205,205
"Congo, Dem. Rep.",COD,2005,54.001,Africa,0.47,3.84,205,205
"Congo, Dem. Rep.",COD,2006,54.498,Africa,0.5,3.84,205,205
"Congo, Dem. Rep.",COD,2007,54.954,Africa,0.46,3.84,205,205
"Congo, Dem. Rep.",COD,2008,55.388,Africa,0.43,3.84,205,205
"Congo, Dem. Rep.",COD,2009,55.798,Africa,0.41,3.84,205,205
"Congo, Dem. Rep.",COD,2010,56.411,Africa,0.61,3.84,205,205
"Congo, Dem. Rep.",COD,2011,56.911,Africa,0.5,3.84,205,205
"Congo, Dem. Rep.",COD,2012,57.35,Africa,0.44,3.84,205,205
"Congo, Dem. Rep.",COD,2013,57.795,Africa,0.45,3.84,205,205
"Congo, Dem. Rep.",COD,2014,58.236,Africa,0.44,3.84,205,205
"Congo, Dem. Rep.",COD,2015,58.658,Africa,0.42,3.84,205,205
"Congo, Dem. Rep.",COD,2016,59.081,Africa,0.42,3.84,205,205
"Congo, Dem. Rep.",COD,2017,59.495,Africa,0.41,3.84,205,205
"Congo, Dem. Rep.",COD,2018,59.926,Africa,0.43,3.84,205,205
"Congo, Dem. Rep.",COD,2019,60.242,Africa,0.32,3.84,205,205
"Congo, Dem. Rep.",COD,2020,60.428,Africa,0.19,3.84,205,205
"Congo, Dem. Rep.",COD,2021,60.044,Africa,-0.38,3.84,205,205
"Congo, Dem. Rep.",COD,2022,60.979,Africa,0.94,3.84,205,205
"Congo, Dem. Rep.",COD,2023,61.895,Africa,0.92,3.84,205,205
"Congo, Dem. Rep.",COD,2024,62.074,Africa,0.18,3.84,205,205
"Congo, Rep.",COG,1960,47.595,Africa,,2.65,188,188
"Congo, Rep.",COG,1961,48.351,Africa,0.76,2.65,188,188
"Congo, Rep.",COG,1962,49.038,Africa,0.69,2.65,188,188
"Congo, Rep.",COG,1963,49.729,Africa,0.69,2.65,188,188
"Congo, Rep.",COG,1964,50.363,Africa,0.63,2.65,188,188
"Congo, Rep.",COG,1965,50.996,Africa,0.63,2.65,188,188
"Congo, Rep.",COG,1966,51.557,Africa,0.56,2.65,188,188
"Congo, Rep.",COG,1967,51.91,Africa,0.35,2.65,188,188
"Congo, Rep.",COG,1968,52.62,Africa,0.71,2.65,188,188
"Congo, Rep.",COG,1969,53.114,Africa,0.49,2.65,188,188
"Congo, Rep.",COG,1970,53.555,Africa,0.44,2.65,188,188
"Congo, Rep.",COG,1971,53.983,Africa,0.43,2.65,188,188
"Congo, Rep.",COG,1972,54.361,Africa,0.38,2.65,188,188
"Congo, Rep.",COG,1973,54.744,Africa,0.38,2.65,188,188
"Congo, Rep.",COG,1974,55.053,Africa,0.31,2.65,188,188
"Congo, Rep.",COG,1975,55.402,Africa,0.35,2.65,188,188
"Congo, Rep.",COG,1976,55.699,Africa,0.3,2.65,188,188
"Congo, Rep.",COG,1977,56.027,Africa,0.33,2.65,188,188
"Congo, Rep.",COG,1978,56.248,Africa,0.22,2.65,188,188
"Congo, Rep.",COG,1979,56.524,Africa,0.28,2.65,188,188
"Congo, Rep.",COG,1980,56.803,Africa,0.28,2.65,188,188
"Congo, Rep.",COG,1981,57.065,Africa,0.26,2.65,188,188
"Congo, Rep.",COG,1982,57.236,Africa,0.17,2.65,188,188
"Congo, Rep.",COG,1983,57.428,Africa,0.19,2.65,188,188
"Congo, Rep.",COG,1984,57.54,Africa,0.11,2.65,188,188
"Congo, Rep.",COG,1985,57.608,Africa,0.07,2.65,188,188
"Congo, Rep.",COG,1986,57.633,Africa,0.03,2.65,188,188
"Congo, Rep.",COG,1987,57.59,Africa,-0.04,2.65,188,188
"Congo, Rep.",COG,1988,57.493,Africa,-0.1,2.65,188,188
"Congo, Rep.",COG,1989,57.292,Africa,-0.2,2.65,188,188
"Congo, Rep.",COG,1990,57.07,Africa,-0.22,2.65,188,188
"Congo, Rep.",COG,1991,56.764,Africa,-0.31,2.65,188,188
"Congo, Rep.",COG,1992,56.483,Africa,-0.28,2.65,188,188
"Congo, Rep.",COG,1993,56.041,Africa,-0.44,2.65,188,188
"Congo, Rep.",COG,1994,55.641,Africa,-0.4,2.65,188,188
"Congo, Rep.",COG,1995,55.474,Africa,-0.17,2.65,188,188
"Congo, Rep.",COG,1996,55.24,Africa,-0.23,2.65,188,188
"Congo, Rep.",COG,1997,48.575,Africa,-6.66,2.65,188,188
"Congo, Rep.",COG,1998,52.551,Africa,3.98,2.65,188,188
"Congo, Rep.",COG,1999,54.427,Africa,1.88,2.65,188,188
"Congo, Rep.",COG,2000,55.371,Africa,0.94,2.65,188,188
"Congo, Rep.",COG,2001,55.885,Africa,0.51,2.65,188,188
"Congo, Rep.",COG,2002,56.414,Africa,0.53,2.65,188,188
"Congo, Rep.",COG,2003,57.131,Africa,0.72,2.65,188,188
"Congo, Rep.",COG,2004,57.957,Africa,0.83,2.65,188,188
"Congo, Rep.",COG,2005,58.73,Africa,0.77,2.65,188,188
"Congo, Rep.",COG,2006,59.474,Africa,0.74,2.65,188,188
"Congo, Rep.",COG,2007,60.05,Africa,0.58,2.65,188,188
"Congo, Rep.",COG,2008,60.79,Africa,0.74,2.65,188,188
"Congo, Rep.",COG,2009,61.215,Africa,0.43,2.65,188,188
"Congo, Rep.",COG,2010,61.731,Africa,0.52,2.65,188,188
"Congo, Rep.",COG,2011,62.286,Africa,0.55,2.65,188,188
"Congo, Rep.",COG,2012,62.662,Africa,0.38,2.65,188,188
"Congo, Rep.",COG,2013,62.969,Africa,0.31,2.65,188,188
"Congo, Rep.",COG,2014,63.349,Africa,0.38,2.65,188,188
"Congo, Rep.",COG,2015,63.662,Africa,0.31,2.65,188,188
"Congo, Rep.",COG,2016,63.911,Africa,0.25,2.65,188,188
"Congo, Rep.",COG,2017,64.203,Africa,0.29,2.65,188,188
"Congo, Rep.",COG,2018,64.472,Africa,0.27,2.65,188,188
"Congo, Rep.",COG,2019,63.152,Africa,-1.32,2.65,188,188
"Congo, Rep.",COG,2020,64.391,Africa,1.24,2.65,188,188
"Congo, Rep.",COG,2021,64.192,Africa,-0.2,2.65,188,188
"Congo, Rep.",COG,2022,65.0,Africa,0.81,2.65,188,188
"Congo, Rep.",COG,2023,65.772,Africa,0.77,2.65,188,188
"Congo, Rep.",COG,2024,66.001,Africa,0.23,2.65,188,188
Colombia,COL,1960,56.609,America,,1.96,74,74
Colombia,COL,1961,57.203,America,0.59,1.96,74,74
Colombia,COL,1962,57.737,America,0.53,1.96,74,74
Colombia,COL,1963,58.296,America,0.56,1.96,74,74
Colombia,COL,1964,58.77,America,0.47,1.96,74,74
Colombia,COL,1965,59.247,America,0.48,1.96,74,74
Colombia,COL,1966,59.713,America,0.47,1.96,74,74
Colombia,COL,1967,60.15,America,0.44,1.96,74,74
Colombia,COL,1968,60.572,America,0.42,1.96,74,74
Colombia,COL,1969,61.031,America,0.46,1.96,74,74
Colombia,COL,1970,61.465,America,0.43,1.96,74,74
Colombia,COL,1971,62.005,America,0.54,1.96,74,74
Colombia,COL,1972,62.53,America,0.52,1.96,74,74
Colombia,COL,1973,62.991,America,0.46,1.96,74,74
Colombia,COL,1974,63.497,America,0.51,1.96,74,74
Colombia,COL,1975,64.012,America,0.52,1.96,74,74
Colombia,COL,1976,64.642,America,0.63,1.96,74,74
Colombia,COL,1977,65.237,America,0.59,1.96,74,74
Colombia,COL,1978,65.827,America,0.59,1.96,74,74
Colombia,COL,1979,66.162,America,0.34,1.96,74,74
Colombia,COL,1980,66.693,America,0.53,1.96,74,74
Colombia,COL,1981,67.189,America,0.5,1.96,74,74
Colombia,COL,1982,67.861,America,0.67,1.96,74,74
Colombia,COL,1983,68.121,America,0.26,1.96,74,74
Colombia,COL,1984,68.308,America,0.19,1.96,74,74
Colombia,COL,1985,65.359,America,-2.95,1.96,74,74
Colombia,COL,1986,68.303,America,2.94,1.96,74,74
Colombia,COL,1987,68.166,America,-0.14,1.96,74,74
Colombia,COL,1988,68.301,America,0.14,1.96,74,74
Colombia,COL,1989,68.616,America,0.31,1.96,74,74
Colombia,COL,1990,68.701,America,0.08,1.96,74,74
Colombia,COL,1991,68.772,America,0.07,1.96,74,74
Colombia,COL,1992,68.764,America,-0.01,1.96,74,74
Colombia,COL,1993,69.083,America,0.32,1.96,74,74
Colombia,COL,1994,69.422,America,0.34,1.96,74,74
Colombia,COL,1995,69.81,America,0.39,1.96,74,74
Colombia,COL,1996,70.209,America,0.4,1.96,74,74
Colombia,COL,1997,70.632,America,0.42,1.96,74,74
Colombia,COL,1998,70.924,America,0.29,1.96,74,74
Colombia,COL,1999,70.913,America,-0.01,1.96,74,74
Colombia,COL,2000,70.905,America,-0.01,1.96,74,74
Colombia,COL,2001,71.185,America,0.28,1.96,74,74
Colombia,COL,2002,71.537,America,0.35,1.96,74,74
Colombia,COL,2003,72.309,America,0.77,1.96,74,74
Colombia,COL,2004,72.76,America,0.45,1.96,74,74
Colombia,COL,2005,73.156,America,0.4,1.96,74,74
Colombia,COL,2006,73.497,America,0.34,1.96,74,74
Colombia,COL,2007,73.751,America,0.25,1.96,74,74
Colombia,COL,2008,74.206,America,0.45,1.96,74,74
Colombia,COL,2009,74.531,America,0.33,1.96,74,74
Colombia,COL,2010,74.876,America,0.34,1.96,74,74
Colombia,COL,2011,75.18,America,0.3,1.96,74,74
Colombia,COL,2012,75.611,America,0.43,1.96,74,74
Colombia,COL,2013,75.834,America,0.22,1.96,74,74
Colombia,COL,2014,75.95,America,0.12,1.96,74,74
Colombia,COL,2015,76.067,America,0.12,1.96,74,74
Colombia,COL,2016,76.228,America,0.16,1.96,74,74
Colombia,COL,2017,76.418,America,0.19,1.96,74,74
Colombia,COL,2018,76.579,America,0.16,1.96,74,74
Colombia,COL,2019,76.793,America,0.21,1.96,74,74
Colombia,COL,2020,74.757,America,-2.04,1.96,74,74
Colombia,COL,2021,72.698,America,-2.06,1.96,74,74
Colombia,COL,2022,76.508,America,3.81,1.96,74,74
Colombia,COL,2023,77.725,America,1.22,1.96,74,74
Colombia,COL,2024,77.913,America,0.19,1.96,74,74
Comoros,COM,1960,40.777,Africa,,2.88,179,179
Comoros,COM,1961,41.157,Africa,0.38,2.88,179,179
Comoros,COM,1962,41.534,Africa,0.38,2.88,179,179
Comoros,COM,1963,41.909,Africa,0.38,2.88,179,179
Comoros,COM,1964,42.328,Africa,0.42,2.88,179,179
Comoros,COM,1965,42.676,Africa,0.35,2.88,179,179
Comoros,COM,1966,43.153,Africa,0.48,2.88,179,179
Comoros,COM,1967,43.593,Africa,0.44,2.88,179,179
Comoros,COM,1968,44.101,Africa,0.51,2.88,179,179
Comoros,COM,1969,44.643,Africa,0.54,2.88,179,179
Comoros,COM,1970,45.226,Africa,0.58,2.88,179,179
Comoros,COM,1971,45.849,Africa,0.62,2.88,179,179
Comoros,COM,1972,46.463,Africa,0.61,2.88,179,179
Comoros,COM,1973,47.045,Africa,0.58,2.88,179,179
Comoros,COM,1974,47.609,Africa,0.56,2.88,179,179
Comoros,COM,1975,46.866,Africa,-0.74,2.88,179,179
Comoros,COM,1976,48.645,Africa,1.78,2.88,179,179
Comoros,COM,1977,49.17,Africa,0.52,2.88,179,179
Comoros,COM,1978,49.702,Africa,0.53,2.88,179,179
Comoros,COM,1979,50.126,Africa,0.42,2.88,179,179
Comoros,COM,1980,50.681,Africa,0.55,2.88,179,179
Comoros,COM,1981,51.211,Africa,0.53,2.88,179,179
Comoros,COM,1982,51.75,Africa,0.54,2.88,179,179
Comoros,COM,1983,52.121,Africa,0.37,2.88,179,179
Comoros,COM,1984,52.784,Africa,0.66,2.88,179,179
Comoros,COM,1985,53.263,Africa,0.48,2.88,179,179
Comoros,COM,1986,53.756,Africa,0.49,2.88,179,179
Comoros,COM,1987,54.134,Africa,0.38,2.88,179,179
Comoros,COM,1988,54.678,Africa,0.54,2.88,179,179
Comoros,COM,1989,54.983,Africa,0.3,2.88,179,179
Comoros,COM,1990,55.62,Africa,0.64,2.88,179,179
Comoros,COM,1991,56.104,Africa,0.48,2.88,179,179
Comoros,COM,1992,56.576,Africa,0.47,2.88,179,179
Comoros,COM,1993,57.026,Africa,0.45,2.88,179,179
Comoros,COM,1994,57.458,Africa,0.43,2.88,179,179
Comoros,COM,1995,57.83,Africa,0.37,2.88,179,179
Comoros,COM,1996,58.151,Africa,0.32,2.88,179,179
Comoros,COM,1997,58.228,Africa,0.08,2.88,179,179
Comoros,COM,1998,58.301,Africa,0.07,2.88,179,179
Comoros,COM,1999,58.853,Africa,0.55,2.88,179,179
Comoros,COM,2000,58.941,Africa,0.09,2.88,179,179
Comoros,COM,2001,59.587,Africa,0.65,2.88,179,179
Comoros,COM,2002,59.723,Africa,0.14,2.88,179,179
Comoros,COM,2003,60.24,Africa,0.52,2.88,179,179
Comoros,COM,2004,60.557,Africa,0.32,2.88,179,179
Comoros,COM,2005,60.883,Africa,0.33,2.88,179,179
Comoros,COM,2006,61.229,Africa,0.35,2.88,179,179
Comoros,COM,2007,61.475,Africa,0.25,2.88,179,179
Comoros,COM,2008,61.955,Africa,0.48,2.88,179,179
Comoros,COM,2009,62.302,Africa,0.35,2.88,179,179
Comoros,COM,2010,62.747,Africa,0.45,2.88,179,179
Comoros,COM,2011,63.105,Africa,0.36,2.88,179,179
Comoros,COM,2012,63.463,Africa,0.36,2.88,179,179
Comoros,COM,2013,63.839,Africa,0.38,2.88,179,179
Comoros,COM,2014,64.143,Africa,0.3,2.88,179,179
Comoros,COM,2015,64.473,Africa,0.33,2.88,179,179
Comoros,COM,2016,64.792,Africa,0.32,2.88,179,179
Comoros,COM,2017,65.127,Africa,0.33,2.88,179,179
Comoros,COM,2018,65.401,Africa,0.27,2.88,179,179
Comoros,COM,2019,65.662,Africa,0.26,2.88,179,179
Comoros,COM,2020,65.756,Africa,0.09,2.88,179,179
Comoros,COM,2021,65.201,Africa,-0.56,2.88,179,179
Comoros,COM,2022,66.481,Africa,1.28,2.88,179,179
Comoros,COM,2023,66.777,Africa,0.3,2.88,179,179
Comoros,COM,2024,67.023,Africa,0.25,2.88,179,179
Cabo Verde,CPV,1960,48.713,Africa,,2.44,98,98
Cabo Verde,CPV,1961,49.419,Africa,0.71,2.44,98,98
Cabo Verde,CPV,1962,50.239,Africa,0.82,2.44,98,98
Cabo Verde,CPV,1963,51.145,Africa,0.91,2.44,98,98
Cabo Verde,CPV,1964,52.089,Africa,0.94,2.44,98,98
Cabo Verde,CPV,1965,53.04,Africa,0.95,2.44,98,98
Cabo Verde,CPV,1966,53.922,Africa,0.88,2.44,98,98
Cabo Verde,CPV,1967,54.716,Africa,0.79,2.44,98,98
Cabo Verde,CPV,1968,55.426,Africa,0.71,2.44,98,98
Cabo Verde,CPV,1969,56.038,Africa,0.61,2.44,98,98
Cabo Verde,CPV,1970,56.559,Africa,0.52,2.44,98,98
Cabo Verde,CPV,1971,57.027,Africa,0.47,2.44,98,98
Cabo Verde,CPV,1972,57.486,Africa,0.46,2.44,98,98
Cabo Verde,CPV,1973,57.979,Africa,0.49,2.44,98,98
Cabo Verde,CPV,1974,58.432,Africa,0.45,2.44,98,98
Cabo Verde,CPV,1975,58.976,Africa,0.54,2.44,98,98
Cabo Verde,CPV,1976,59.396,Africa,0.42,2.44,98,98
Cabo Verde,CPV,1977,59.986,Africa,0.59,2.44,98,98
Cabo Verde,CPV,1978,60.381,Africa,0.4,2.44,98,98
Cabo Verde,CPV,1979,60.726,Africa,0.34,2.44,98,98
Cabo Verde,CPV,1980,61.031,Africa,0.3,2.44,98,98
Cabo Verde,CPV,1981,61.299,Africa,0.27,2.44,98,98
Cabo Verde,CPV,1982,61.519,Africa,0.22,2.44,98,98
Cabo Verde,CPV,1983,61.767,Africa,0.25,2.44,98,98
Cabo Verde,CPV,1984,61.829,Africa,0.06,2.44,98,98
Cabo Verde,CPV,1985,62.281,Africa,0.45,2.44,98,98
Cabo Verde,CPV,1986,62.584,Africa,0.3,2.44,98,98
Cabo Verde,CPV,1987,62.91,Africa,0.33,2.44,98,98
Cabo Verde,CPV,1988,63.242,Africa,0.33,2.44,98,98
Cabo Verde,CPV,1989,63.566,Africa,0.32,2.44,98,98
Cabo Verde,CPV,1990,63.869,Africa,0.3,2.44,98,98
Cabo Verde,CPV,1991,64.066,Africa,0.2,2.44,98,98
Cabo Verde,CPV,1992,64.253,Africa,0.19,2.44,98,98
Cabo Verde,CPV,1993,64.458,Africa,0.2,2.44,98,98
Cabo Verde,CPV,1994,64.648,Africa,0.19,2.44,98,98
Cabo Verde,CPV,1995,63.691,Africa,-0.96,2.44,98,98
Cabo Verde,CPV,1996,65.521,Africa,1.83,2.44,98,98
Cabo Verde,CPV,1997,66.082,Africa,0.56,2.44,98,98
Cabo Verde,CPV,1998,66.714,Africa,0.63,2.44,98,98
Cabo Verde,CPV,1999,67.409,Africa,0.7,2.44,98,98
Cabo Verde,CPV,2000,68.117,Africa,0.71,2.44,98,98
Cabo Verde,CPV,2001,68.707,Africa,0.59,2.44,98,98
Cabo Verde,CPV,2002,69.447,Africa,0.74,2.44,98,98
Cabo Verde,CPV,2003,70.006,Africa,0.56,2.44,98,98
Cabo Verde,CPV,2004,70.499,Africa,0.49,2.44,98,98
Cabo Verde,CPV,2005,70.936,Africa,0.44,2.44,98,98
Cabo Verde,CPV,2006,71.341,Africa,0.4,2.44,98,98
Cabo Verde,CPV,2007,71.487,Africa,0.15,2.44,98,98
Cabo Verde,CPV,2008,71.888,Africa,0.4,2.44,98,98
Cabo Verde,CPV,2009,72.142,Africa,0.25,2.44,98,98
Cabo Verde,CPV,2010,72.507,Africa,0.37,2.44,98,98
Cabo Verde,CPV,2011,72.913,Africa,0.41,2.44,98,98
Cabo Verde,CPV,2012,73.315,Africa,0.4,2.44,98,98
Cabo Verde,CPV,2013,73.481,Africa,0.17,2.44,98,98
Cabo Verde,CPV,2014,73.788,Africa,0.31,2.44,98,98
Cabo Verde,CPV,2015,74.096,Africa,0.31,2.44,98,98
Cabo Verde,CPV,2016,74.35,Africa,0.25,2.44,98,98
Cabo Verde,CPV,2017,74.71,Africa,0.36,2.44,98,98
Cabo Verde,CPV,2018,74.84,Africa,0.13,2.44,98,98
Cabo Verde,CPV,2019,75.449,Africa,0.61,2.44,98,98
Cabo Verde,CPV,2020,73.818,Africa,-1.63,2.44,98,98
Cabo Verde,CPV,2021,74.424,Africa,0.61,2.44,98,98
Cabo Verde,CPV,2022,75.907,Africa,1.48,2.44,98,98
Cabo Verde,CPV,2023,76.059,Africa,0.15,2.44,98,98
Cabo Verde,CPV,2024,76.224,Africa,0.17,2.44,98,98
Costa Rica,CRI,1960,63.463,America,,0.77,47,47
Costa Rica,CRI,1961,63.86,America,0.4,0.77,47,47
Costa Rica,CRI,1962,64.232,America,0.37,0.77,47,47
Costa Rica,CRI,1963,64.326,America,0.09,0.77,47,47
Costa Rica,CRI,1964,64.493,America,0.17,0.77,47,47
Costa Rica,CRI,1965,64.76,America,0.27,0.77,47,47
Costa Rica,CRI,1966,65.096,America,0.34,0.77,47,47
Costa Rica,CRI,1967,65.552,America,0.46,0.77,47,47
Costa Rica,CRI,1968,65.78,America,0.23,0.77,47,47
Costa Rica,CRI,1969,66.363,America,0.58,0.77,47,47
Costa Rica,CRI,1970,66.787,America,0.42,0.77,47,47
Costa Rica,CRI,1971,67.413,America,0.63,0.77,47,47
Costa Rica,CRI,1972,68.014,America,0.6,0.77,47,47
Costa Rica,CRI,1973,68.731,America,0.72,0.77,47,47
Costa Rica,CRI,1974,69.446,America,0.72,0.77,47,47
Costa Rica,CRI,1975,70.253,America,0.81,0.77,47,47
Costa Rica,CRI,1976,70.946,America,0.69,0.77,47,47
Costa Rica,CRI,1977,71.519,America,0.57,0.77,47,47
Costa Rica,CRI,1978,72.029,America,0.51,0.77,47,47
Costa Rica,CRI,1979,72.537,America,0.51,0.77,47,47
Costa Rica,CRI,1980,73.034,America,0.5,0.77,47,47
Costa Rica,CRI,1981,73.441,America,0.41,0.77,47,47
Costa Rica,CRI,1982,73.865,America,0.42,0.77,47,47
Costa Rica,CRI,1983,74.245,America,0.38,0.77,47,47
Costa Rica,CRI,1984,74.581,America,0.34,0.77,47,47
Costa Rica,CRI,1985,74.765,America,0.18,0.77,47,47
Costa Rica,CRI,1986,74.949,America,0.18,0.77,47,47
Costa Rica,CRI,1987,75.224,America,0.28,0.77,47,47
Costa Rica,CRI,1988,75.546,America,0.32,0.77,47,47
Costa Rica,CRI,1989,75.85,America,0.3,0.77,47,47
Costa Rica,CRI,1990,76.094,America,0.24,0.77,47,47
Costa Rica,CRI,1991,76.237,America,0.14,0.77,47,47
Costa Rica,CRI,1992,76.385,America,0.15,0.77,47,47
Costa Rica,CRI,1993,76.315,America,-0.07,0.77,47,47
Costa Rica,CRI,1994,76.329,America,0.01,0.77,47,47
Costa Rica,CRI,1995,76.44,America,0.11,0.77,47,47
Costa Rica,CRI,1996,76.428,America,-0.01,0.77,47,47
Costa Rica,CRI,1997,76.603,America,0.17,0.77,47,47
Costa Rica,CRI,1998,76.869,America,0.27,0.77,47,47
Costa Rica,CRI,1999,77.058,America,0.19,0.77,47,47
Costa Rica,CRI,2000,77.317,America,0.26,0.77,47,47
Costa Rica,CRI,2001,77.609,America,0.29,0.77,47,47
Costa Rica,CRI,2002,77.939,America,0.33,0.77,47,47
Costa Rica,CRI,2003,78.214,America,0.28,0.77,47,47
Costa Rica,CRI,2004,78.512,America,0.3,0.77,47,47
Costa Rica,CRI,2005,78.877,America,0.36,0.77,47,47
Costa Rica,CRI,2006,79.049,America,0.17,0.77,47,47
Costa Rica,CRI,2007,79.098,America,0.05,0.77,47,47
Costa Rica,CRI,2008,79.18,America,0.08,0.77,47,47
Costa Rica,CRI,2009,79.372,America,0.19,0.77,47,47
Costa Rica,CRI,2010,79.354,America,-0.02,0.77,47,47
Costa Rica,CRI,2011,79.624,America,0.27,0.77,47,47
Costa Rica,CRI,2012,79.925,America,0.3,0.77,47,47
Costa Rica,CRI,2013,80.189,America,0.26,0.77,47,47
Costa Rica,CRI,2014,80.231,America,0.04,0.77,47,47
Costa Rica,CRI,2015,80.407,America,0.18,0.77,47,47
Costa Rica,CRI,2016,79.988,America,-0.42,0.77,47,47
Costa Rica,CRI,2017,79.994,America,0.01,0.77,47,47
Costa Rica,CRI,2018,80.09,America,0.1,0.77,47,47
Costa Rica,CRI,2019,80.296,America,0.21,0.77,47,47
Costa Rica,CRI,2020,79.725,America,-0.57,0.77,47,47
Costa Rica,CRI,2021,78.05,America,-1.67,0.77,47,47
Costa Rica,CRI,2022,79.316,America,1.27,0.77,47,47
Costa Rica,CRI,2023,80.799,America,1.48,0.77,47,47
Costa Rica,CRI,2024,80.996,America,0.2,0.77,47,47
Cuba,CUB,1960,63.316,America,,0.44,66,66
Cuba,CUB,1961,63.743,America,0.43,0.44,66,66
Cuba,CUB,1962,64.374,America,0.63,0.44,66,66
Cuba,CUB,1963,64.347,America,-0.03,0.44,66,66
Cuba,CUB,1964,65.264,America,0.92,0.44,66,66
Cuba,CUB,1965,65.636,America,0.37,0.44,66,66
Cuba,CUB,1966,66.074,America,0.44,0.44,66,66
Cuba,CUB,1967,66.514,America,0.44,0.44,66,66
Cuba,CUB,1968,66.944,America,0.43,0.44,66,66
Cuba,CUB,1969,67.358,America,0.41,0.44,66,66
Cuba,CUB,1970,67.935,America,0.58,0.44,66,66
Cuba,CUB,1971,68.432,America,0.5,0.44,66,66
Cuba,CUB,1972,68.949,America,0.52,0.44,66,66
Cuba,CUB,1973,69.347,America,0.4,0.44,66,66
Cuba,CUB,1974,69.867,America,0.52,0.44,66,66
Cuba,CUB,1975,70.375,America,0.51,0.44,66,66
Cuba,CUB,1976,70.878,America,0.5,0.44,66,66
Cuba,CUB,1977,71.411,America,0.53,0.44,66,66
Cuba,CUB,1978,71.89,America,0.48,0.44,66,66
Cuba,CUB,1979,72.272,America,0.38,0.44,66,66
Cuba,CUB,1980,72.603,America,0.33,0.44,66,66
Cuba,CUB,1981,72.996,America,0.39,0.44,66,66
Cuba,CUB,1982,73.439,America,0.44,0.44,66,66
Cuba,CUB,1983,73.564,America,0.12,0.44,66,66
Cuba,CUB,1984,73.552,America,-0.01,0.44,66,66
Cuba,CUB,1985,73.464,America,-0.09,0.44,66,66
Cuba,CUB,1986,73.558,America,0.09,0.44,66,66
Cuba,CUB,1987,73.596,America,0.04,0.44,66,66
Cuba,CUB,1988,73.724,America,0.13,0.44,66,66
Cuba,CUB,1989,73.69,America,-0.03,0.44,66,66
Cuba,CUB,1990,73.823,America,0.13,0.44,66,66
Cuba,CUB,1991,73.757,America,-0.07,0.44,66,66
Cuba,CUB,1992,73.846,America,0.09,0.44,66,66
Cuba,CUB,1993,73.874,America,0.03,0.44,66,66
Cuba,CUB,1994,74.092,America,0.22,0.44,66,66
Cuba,CUB,1995,74.346,America,0.25,0.44,66,66
Cuba,CUB,1996,74.69,America,0.34,0.44,66,66
Cuba,CUB,1997,75.064,America,0.37,0.44,66,66
Cuba,CUB,1998,75.412,America,0.35,0.44,66,66
Cuba,CUB,1999,75.719,America,0.31,0.44,66,66
Cuba,CUB,2000,75.922,America,0.2,0.44,66,66
Cuba,CUB,2001,76.429,America,0.51,0.44,66,66
Cuba,CUB,2002,76.766,America,0.34,0.44,66,66
Cuba,CUB,2003,77.405,America,0.64,0.44,66,66
Cuba,CUB,2004,77.326,America,-0.08,0.44,66,66
Cuba,CUB,2005,77.54,America,0.21,0.44,66,66
Cuba,CUB,2006,77.406,America,-0.13,0.44,66,66
Cuba,CUB,2007,77.55,America,0.14,0.44,66,66
Cuba,CUB,2008,77.589,America,0.04,0.44,66,66
Cuba,CUB,2009,77.584,America,-0.0,0.44,66,66
Cuba,CUB,2010,77.876,America,0.29,0.44,66,66
Cuba,CUB,2011,78.051,America,0.17,0.44,66,66
Cuba,CUB,2012,78.162,America,0.11,0.44,66,66
Cuba,CUB,2013,78.028,America,-0.13,0.44,66,66
Cuba,CUB,2014,77.825,America,-0.2,0.44,66,66
Cuba,CUB,2015,77.745,America,-0.08,0.44,66,66
Cuba,CUB,2016,77.571,America,-0.17,0.44,66,66
Cuba,CUB,2017,77.3,America,-0.27,0.44,66,66
Cuba,CUB,2018,77.426,America,0.13,0.44,66,66
Cuba,CUB,2019,77.413,America,-0.01,0.44,66,66
Cuba,CUB,2020,77.407,America,-0.01,0.44,66,66
Cuba,CUB,2021,73.201,America,-4.21,0.44,66,66
Cuba,CUB,2022,77.629,America,4.43,0.44,66,66
Cuba,CUB,2023,78.085,America,0.46,0.44,66,66
Cuba,CUB,2024,78.264,America,0.18,0.44,66,66
Curacao,CUW,1960,65.406,America,,0.61,85,85
Curacao,CUW,1961,65.745,America,0.34,0.61,85,85
Curacao,CUW,1962,66.027,America,0.28,0.61,85,85
Curacao,CUW,1963,66.312,America,0.28,0.61,85,85
Curacao,CUW,1964,66.59,America,0.28,0.61,85,85
Curacao,CUW,1965,66.862,America,0.27,0.61,85,85
Curacao,CUW,1966,67.136,America,0.27,0.61,85,85
Curacao,CUW,1967,67.405,America,0.27,0.61,85,85
Curacao,CUW,1968,67.67,America,0.27,0.61,85,85
Curacao,CUW,1969,67.929,America,0.26,0.61,85,85
Curacao,CUW,1970,68.23,America,0.3,0.61,85,85
Curacao,CUW,1971,68.505,America,0.27,0.61,85,85
Curacao,CUW,1972,68.811,America,0.31,0.61,85,85
Curacao,CUW,1973,69.092,America,0.28,0.61,85,85
Curacao,CUW,1974,69.394,America,0.3,0.61,85,85
Curacao,CUW,1975,69.672,America,0.28,0.61,85,85
Curacao,CUW,1976,69.951,America,0.28,0.61,85,85
Curacao,CUW,1977,70.202,America,0.25,0.61,85,85
Curacao,CUW,1978,70.445,America,0.24,0.61,85,85
Curacao,CUW,1979,70.716,America,0.27,0.61,85,85
Curacao,CUW,1980,70.951,America,0.23,0.61,85,85
Curacao,CUW,1981,71.175,America,0.22,0.61,85,85
Curacao,CUW,1982,71.377,America,0.2,0.61,85,85
Curacao,CUW,1983,71.534,America,0.16,0.61,85,85
Curacao,CUW,1984,71.715,America,0.18,0.61,85,85
Curacao,CUW,1985,71.867,America,0.15,0.61,85,85
Curacao,CUW,1986,71.996,America,0.13,0.61,85,85
Curacao,CUW,1987,72.139,America,0.14,0.61,85,85
Curacao,CUW,1988,72.23,America,0.09,0.61,85,85
Curacao,CUW,1989,72.151,America,-0.08,0.61,85,85
Curacao,CUW,1990,72.439,America,0.29,0.61,85,85
Curacao,CUW,1991,72.536,America,0.1,0.61,85,85
Curacao,CUW,1992,72.65,America,0.11,0.61,85,85
Curacao,CUW,1993,72.703,America,0.05,0.61,85,85
Curacao,CUW,1994,72.791,America,0.09,0.61,85,85
Curacao,CUW,1995,72.831,America,0.04,0.61,85,85
Curacao,CUW,1996,72.945,America,0.11,0.61,85,85
Curacao,CUW,1997,73.035,America,0.09,0.61,85,85
Curacao,CUW,1998,73.084,America,0.05,0.61,85,85
Curacao,CUW,1999,73.174,America,0.09,0.61,85,85
Curacao,CUW,2000,73.283,America,0.11,0.61,85,85
Curacao,CUW,2001,73.36,America,0.08,0.61,85,85
Curacao,CUW,2002,73.472,America,0.11,0.61,85,85
Curacao,CUW,2003,73.603,America,0.13,0.61,85,85
Curacao,CUW,2004,73.735,America,0.13,0.61,85,85
Curacao,CUW,2005,73.873,America,0.14,0.61,85,85
Curacao,CUW,2006,73.978,America,0.1,0.61,85,85
Curacao,CUW,2007,74.137,America,0.16,0.61,85,85
Curacao,CUW,2008,74.314,America,0.18,0.61,85,85
Curacao,CUW,2009,74.485,America,0.17,0.61,85,85
Curacao,CUW,2010,75.117,America,0.63,0.61,85,85
Curacao,CUW,2011,75.576,America,0.46,0.61,85,85
Curacao,CUW,2012,75.96,America,0.38,0.61,85,85
Curacao,CUW,2013,76.239,America,0.28,0.61,85,85
Curacao,CUW,2014,76.384,America,0.14,0.61,85,85
Curacao,CUW,2015,76.482,America,0.1,0.61,85,85
Curacao,CUW,2016,76.322,America,-0.16,0.61,85,85
Curacao,CUW,2017,76.423,America,0.1,0.61,85,85
Curacao,CUW,2018,76.493,America,0.07,0.61,85,85
Curacao,CUW,2019,76.492,America,-0.0,0.61,85,85
Curacao,CUW,2020,76.501,America,0.01,0.61,85,85
Curacao,CUW,2021,75.686,America,-0.81,0.61,85,85
Curacao,CUW,2022,76.729,America,1.04,0.61,85,85
Curacao,CUW,2023,76.8,America,0.07,0.61,85,85
Curacao,CUW,2024,76.989,America,0.19,0.61,85,85
Cayman Islands,CYM,1960,58.782,America,,2.68,50,50
Cayman Islands,CYM,1961,59.426,America,0.64,2.68,50,50
Cayman Islands,CYM,1962,60.09,America,0.66,2.68,50,50
Cayman Islands,CYM,1963,60.78,America,0.69,2.68,50,50
Cayman Islands,CYM,1964,61.436,America,0.66,2.68,50,50
Cayman Islands,CYM,1965,62.186,America,0.75,2.68,50,50
Cayman Islands,CYM,1966,62.841,America,0.66,2.68,50,50
Cayman Islands,CYM,1967,63.205,America,0.36,2.68,50,50
Cayman Islands,CYM,1968,63.597,America,0.39,2.68,50,50
Cayman Islands,CYM,1969,63.965,America,0.37,2.68,50,50
Cayman Islands,CYM,1970,64.383,America,0.42,2.68,50,50
Cayman Islands,CYM,1971,64.827,America,0.44,2.68,50,50
Cayman Islands,CYM,1972,65.365,America,0.54,2.68,50,50
Cayman Islands,CYM,1973,65.889,America,0.52,2.68,50,50
Cayman Islands,CYM,1974,66.489,America,0.6,2.68,50,50
Cayman Islands,CYM,1975,67.044,America,0.55,2.68,50,50
Cayman Islands,CYM,1976,67.549,America,0.51,2.68,50,50
Cayman Islands,CYM,1977,68.08,America,0.53,2.68,50,50
Cayman Islands,CYM,1978,68.533,America,0.45,2.68,50,50
Cayman Islands,CYM,1979,69.02,America,0.49,2.68,50,50
Cayman Islands,CYM,1980,69.487,America,0.47,2.68,50,50
Cayman Islands,CYM,1981,69.951,America,0.46,2.68,50,50
Cayman Islands,CYM,1982,70.407,America,0.46,2.68,50,50
Cayman Islands,CYM,1983,70.839,America,0.43,2.68,50,50
Cayman Islands,CYM,1984,71.187,America,0.35,2.68,50,50
Cayman Islands,CYM,1985,71.558,America,0.37,2.68,50,50
Cayman Islands,CYM,1986,71.869,America,0.31,2.68,50,50
Cayman Islands,CYM,1987,72.13,America,0.26,2.68,50,50
Cayman Islands,CYM,1988,72.351,America,0.22,2.68,50,50
Cayman Islands,CYM,1989,72.545,America,0.19,2.68,50,50
Cayman Islands,CYM,1990,72.744,America,0.2,2.68,50,50
Cayman Islands,CYM,1991,72.911,America,0.17,2.68,50,50
Cayman Islands,CYM,1992,73.088,America,0.18,2.68,50,50
Cayman Islands,CYM,1993,73.25,America,0.16,2.68,50,50
Cayman Islands,CYM,1994,73.42,America,0.17,2.68,50,50
Cayman Islands,CYM,1995,73.597,America,0.18,2.68,50,50
Cayman Islands,CYM,1996,73.74,America,0.14,2.68,50,50
Cayman Islands,CYM,1997,73.904,America,0.16,2.68,50,50
Cayman Islands,CYM,1998,74.08,America,0.18,2.68,50,50
Cayman Islands,CYM,1999,74.232,America,0.15,2.68,50,50
Cayman Islands,CYM,2000,74.378,America,0.15,2.68,50,50
Cayman Islands,CYM,2001,74.529,America,0.15,2.68,50,50
Cayman Islands,CYM,2002,74.609,America,0.08,2.68,50,50
Cayman Islands,CYM,2003,74.639,America,0.03,2.68,50,50
Cayman Islands,CYM,2004,74.596,America,-0.04,2.68,50,50
Cayman Islands,CYM,2005,74.863,America,0.27,2.68,50,50
Cayman Islands,CYM,2006,75.0,America,0.14,2.68,50,50
Cayman Islands,CYM,2007,75.152,America,0.15,2.68,50,50
Cayman Islands,CYM,2008,75.386,America,0.23,2.68,50,50
Cayman Islands,CYM,2009,75.671,America,0.29,2.68,50,50
Cayman Islands,CYM,2010,76.069,America,0.4,2.68,50,50
Cayman Islands,CYM,2011,76.562,America,0.49,2.68,50,50
Cayman Islands,CYM,2012,77.121,America,0.56,2.68,50,50
Cayman Islands,CYM,2013,77.652,America,0.53,2.68,50,50
Cayman Islands,CYM,2014,77.865,America,0.21,2.68,50,50
Cayman Islands,CYM,2015,78.119,America,0.25,2.68,50,50
Cayman Islands,CYM,2016,78.367,America,0.25,2.68,50,50
Cayman Islands,CYM,2017,78.615,America,0.25,2.68,50,50
Cayman Islands,CYM,2018,78.835,America,0.22,2.68,50,50
Cayman Islands,CYM,2019,79.052,America,0.22,2.68,50,50
Cayman Islands,CYM,2020,79.23,America,0.18,2.68,50,50
Cayman Islands,CYM,2021,79.3,America,0.07,2.68,50,50
Cayman Islands,CYM,2022,79.984,America,0.68,2.68,50,50
Cayman Islands,CYM,2023,80.358,America,0.37,2.68,50,50
Cayman Islands,CYM,2024,80.54,America,0.18,2.68,50,50
Cyprus,CYP,1960,63.32,Asia,,0.48,40,40
Cyprus,CYP,1961,64.076,Asia,0.76,0.48,40,40
Cyprus,CYP,1962,64.72,Asia,0.64,0.48,40,40
Cyprus,CYP,1963,61.779,Asia,-2.94,0.48,40,40
Cyprus,CYP,1964,62.24,Asia,0.46,0.48,40,40
Cyprus,CYP,1965,66.124,Asia,3.88,0.48,40,40
Cyprus,CYP,1966,66.489,Asia,0.37,0.48,40,40
Cyprus,CYP,1967,66.906,Asia,0.42,0.48,40,40
Cyprus,CYP,1968,67.251,Asia,0.34,0.48,40,40
Cyprus,CYP,1969,67.599,Asia,0.35,0.48,40,40
Cyprus,CYP,1970,68.05,Asia,0.45,0.48,40,40
Cyprus,CYP,1971,68.351,Asia,0.3,0.48,40,40
Cyprus,CYP,1972,68.629,Asia,0.28,0.48,40,40
Cyprus,CYP,1973,69.005,Asia,0.38,0.48,40,40
Cyprus,CYP,1974,54.551,Asia,-14.45,0.48,40,40
Cyprus,CYP,1975,70.336,Asia,15.78,0.48,40,40
Cyprus,CYP,1976,70.805,Asia,0.47,0.48,40,40
Cyprus,CYP,1977,71.258,Asia,0.45,0.48,40,40
Cyprus,CYP,1978,71.741,Asia,0.48,0.48,40,40
Cyprus,CYP,1979,72.179,Asia,0.44,0.48,40,40
Cyprus,CYP,1980,72.844,Asia,0.66,0.48,40,40
Cyprus,CYP,1981,73.053,Asia,0.21,0.48,40,40
Cyprus,CYP,1982,73.518,Asia,0.47,0.48,40,40
Cyprus,CYP,1983,73.708,Asia,0.19,0.48,40,40
Cyprus,CYP,1984,74.0,Asia,0.29,0.48,40,40
Cyprus,CYP,1985,74.64,Asia,0.64,0.48,40,40
Cyprus,CYP,1986,74.93,Asia,0.29,0.48,40,40
Cyprus,CYP,1987,75.264,Asia,0.33,0.48,40,40
Cyprus,CYP,1988,75.39,Asia,0.13,0.48,40,40
Cyprus,CYP,1989,75.841,Asia,0.45,0.48,40,40
Cyprus,CYP,1990,76.044,Asia,0.2,0.48,40,40
Cyprus,CYP,1991,76.246,Asia,0.2,0.48,40,40
Cyprus,CYP,1992,76.291,Asia,0.05,0.48,40,40
Cyprus,CYP,1993,76.294,Asia,0.0,0.48,40,40
Cyprus,CYP,1994,76.383,Asia,0.09,0.48,40,40
Cyprus,CYP,1995,76.583,Asia,0.2,0.48,40,40
Cyprus,CYP,1996,76.88,Asia,0.3,0.48,40,40
Cyprus,CYP,1997,77.119,Asia,0.24,0.48,40,40
Cyprus,CYP,1998,77.164,Asia,0.05,0.48,40,40
Cyprus,CYP,1999,77.572,Asia,0.41,0.48,40,40
Cyprus,CYP,2000,77.9,Asia,0.33,0.48,40,40
Cyprus,CYP,2001,78.185,Asia,0.28,0.48,40,40
Cyprus,CYP,2002,78.758,Asia,0.57,0.48,40,40
Cyprus,CYP,2003,78.908,Asia,0.15,0.48,40,40
Cyprus,CYP,2004,79.007,Asia,0.1,0.48,40,40
Cyprus,CYP,2005,79.198,Asia,0.19,0.48,40,40
Cyprus,CYP,2006,79.456,Asia,0.26,0.48,40,40
Cyprus,CYP,2007,79.798,Asia,0.34,0.48,40,40
Cyprus,CYP,2008,79.906,Asia,0.11,0.48,40,40
Cyprus,CYP,2009,80.375,Asia,0.47,0.48,40,40
Cyprus,CYP,2010,80.632,Asia,0.26,0.48,40,40
Cyprus,CYP,2011,80.855,Asia,0.22,0.48,40,40
Cyprus,CYP,2012,81.128,Asia,0.27,0.48,40,40
Cyprus,CYP,2013,81.317,Asia,0.19,0.48,40,40
Cyprus,CYP,2014,81.337,Asia,0.02,0.48,40,40
Cyprus,CYP,2015,81.464,Asia,0.13,0.48,40,40
Cyprus,CYP,2016,81.534,Asia,0.07,0.48,40,40
Cyprus,CYP,2017,81.543,Asia,0.01,0.48,40,40
Cyprus,CYP,2018,81.556,Asia,0.01,0.48,40,40
Cyprus,CYP,2019,81.454,Asia,-0.1,0.48,40,40
Cyprus,CYP,2020,81.23,Asia,-0.22,0.48,40,40
Cyprus,CYP,2021,80.573,Asia,-0.66,0.48,40,40
Cyprus,CYP,2022,80.434,Asia,-0.14,0.48,40,40
Cyprus,CYP,2023,81.648,Asia,1.21,0.48,40,40
Cyprus,CYP,2024,81.821,Asia,0.17,0.48,40,40
Czechia,CZE,1960,70.34878048780489,Europe,,1.15,53,53
Czechia,CZE,1961,70.51268292682927,Europe,0.16,1.15,53,53
Czechia,CZE,1962,69.78682926829268,Europe,-0.73,1.15,53,53
Czechia,CZE,1963,70.30439024390246,Europe,0.52,1.15,53,53
Czechia,CZE,1964,70.45951219512196,Europe,0.16,1.15,53,53
Czechia,CZE,1965,70.16317073170732,Europe,-0.3,1.15,53,53
Czechia,CZE,1966,70.38487804878051,Europe,0.22,1.15,53,53
Czechia,CZE,1967,70.26414634146342,Europe,-0.12,1.15,53,53
Czechia,CZE,1968,69.84073170731708,Europe,-0.42,1.15,53,53
Czechia,CZE,1969,69.3670731707317,Europe,-0.47,1.15,53,53
Czechia,CZE,1970,69.44024390243904,Europe,0.07,1.15,53,53
Czechia,CZE,1971,69.67707317073173,Europe,0.24,1.15,53,53
Czechia,CZE,1972,70.17658536585368,Europe,0.5,1.15,53,53
Czechia,CZE,1973,70.02268292682928,Europe,-0.15,1.15,53,53
Czechia,CZE,1974,70.08658536585367,Europe,0.06,1.15,53,53
Czechia,CZE,1975,70.41463414634148,Europe,0.33,1.15,53,53
Czechia,CZE,1976,70.53268292682928,Europe,0.12,1.15,53,53
Czechia,CZE,1977,70.57341463414635,Europe,0.04,1.15,53,53
Czechia,CZE,1978,70.64390243902439,Europe,0.07,1.15,53,53
Czechia,CZE,1979,70.74951219512195,Europe,0.11,1.15,53,53
Czechia,CZE,1980,70.27804878048781,Europe,-0.47,1.15,53,53
Czechia,CZE,1981,70.72219512195123,Europe,0.44,1.15,53,53
Czechia,CZE,1982,70.80780487804878,Europe,0.09,1.15,53,53
Czechia,CZE,1983,70.59146341463415,Europe,-0.22,1.15,53,53
Czechia,CZE,1984,70.83756097560976,Europe,0.25,1.15,53,53
Czechia,CZE,1985,71.04634146341463,Europe,0.21,1.15,53,53
Czechia,CZE,1986,70.99731707317073,Europe,-0.05,1.15,53,53
Czechia,CZE,1987,71.44560975609757,Europe,0.45,1.15,53,53
Czechia,CZE,1988,71.64146341463416,Europe,0.2,1.15,53,53
Czechia,CZE,1989,71.67560975609757,Europe,0.03,1.15,53,53
Czechia,CZE,1990,71.38390243902441,Europe,-0.29,1.15,53,53
Czechia,CZE,1991,71.89829268292684,Europe,0.51,1.15,53,53
Czechia,CZE,1992,72.27170731707318,Europe,0.37,1.15,53,53
Czechia,CZE,1993,72.76780487804879,Europe,0.5,1.15,53,53
Czechia,CZE,1994,72.97268292682926,Europe,0.2,1.15,53,53
Czechia,CZE,1995,73.0748780487805,Europe,0.1,1.15,53,53
Czechia,CZE,1996,73.71463414634147,Europe,0.64,1.15,53,53
Czechia,CZE,1997,73.8248780487805,Europe,0.11,1.15,53,53
Czechia,CZE,1998,74.51463414634146,Europe,0.69,1.15,53,53
Czechia,CZE,1999,74.66829268292683,Europe,0.15,1.15,53,53
Czechia,CZE,2000,74.96829268292684,Europe,0.3,1.15,53,53
Czechia,CZE,2001,75.17317073170733,Europe,0.2,1.15,53,53
Czechia,CZE,2002,75.22195121951219,Europe,0.05,1.15,53,53
Czechia,CZE,2003,75.17073170731709,Europe,-0.05,1.15,53,53
Czechia,CZE,2004,75.7219512195122,Europe,0.55,1.15,53,53
Czechia,CZE,2005,75.92439024390245,Europe,0.2,1.15,53,53
Czechia,CZE,2006,76.52439024390245,Europe,0.6,1.15,53,53
Czechia,CZE,2007,76.72439024390246,Europe,0.2,1.15,53,53
Czechia,CZE,2008,76.97560975609757,Europe,0.25,1.15,53,53
Czechia,CZE,2009,77.0780487804878,Europe,0.1,1.15,53,53
Czechia,CZE,2010,77.42439024390245,Europe,0.35,1.15,53,53
Czechia,CZE,2011,77.87317073170732,Europe,0.45,1.15,53,53
Czechia,CZE,2012,78.07560975609758,Europe,0.2,1.15,53,53
Czechia,CZE,2013,78.17560975609756,Europe,0.1,1.15,53,53
Czechia,CZE,2014,78.82439024390244,Europe,0.65,1.15,53,53
Czechia,CZE,2015,78.5780487804878,Europe,-0.25,1.15,53,53
Czechia,CZE,2016,79.02682926829269,Europe,0.45,1.15,53,53
Czechia,CZE,2017,78.97804878048781,Europe,-0.05,1.15,53,53
Czechia,CZE,2018,79.02926829268293,Europe,0.05,1.15,53,53
Czechia,CZE,2019,79.22926829268295,Europe,0.2,1.15,53,53
Czechia,CZE,2020,78.22682926829269,Europe,-1.0,1.15,53,53
Czechia,CZE,2021,77.2219512195122,Europe,-1.0,1.15,53,53
Czechia,CZE,2022,78.92926829268293,Europe,1.71,1.15,53,53
Czechia,CZE,2023,79.8268292682927,Europe,0.9,1.15,53,53
Czechia,CZE,2024,79.97804878048781,Europe,0.15,1.15,53,53
Germany,DEU,1960,69.0640731707317,Europe,,-0.3,48,48
Germany,DEU,1961,69.64487804878048,Europe,0.58,-0.3,48,48
Germany,DEU,1962,69.79921951219512,Europe,0.15,-0.3,48,48
Germany,DEU,1963,69.91407317073171,Europe,0.11,-0.3,48,48
Germany,DEU,1964,70.43556097560976,Europe,0.52,-0.3,48,48
Germany,DEU,1965,70.41036585365855,Europe,-0.03,-0.3,48,48
Germany,DEU,1966,70.52158536585367,Europe,0.11,-0.3,48,48
Germany,DEU,1967,70.73173170731707,Europe,0.21,-0.3,48,48
Germany,DEU,1968,70.37846341463415,Europe,-0.35,-0.3,48,48
Germany,DEU,1969,70.22880487804878,Europe,-0.15,-0.3,48,48
Germany,DEU,1970,70.44719512195122,Europe,0.22,-0.3,48,48
Germany,DEU,1971,70.67675609756098,Europe,0.23,-0.3,48,48
Germany,DEU,1972,70.90670731707318,Europe,0.23,-0.3,48,48
Germany,DEU,1973,71.11280487804879,Europe,0.21,-0.3,48,48
Germany,DEU,1974,71.4189268292683,Europe,0.31,-0.3,48,48
Germany,DEU,1975,71.25924390243904,Europe,-0.16,-0.3,48,48
Germany,DEU,1976,71.71221951219512,Europe,0.45,-0.3,48,48
Germany,DEU,1977,72.30731707317074,Europe,0.6,-0.3,48,48
Germany,DEU,1978,72.29041463414636,Europe,-0.02,-0.3,48,48
Germany,DEU,1979,72.63017073170732,Europe,0.34,-0.3,48,48
Germany,DEU,1980,72.80031707317075,Europe,0.17,-0.3,48,48
Germany,DEU,1981,73.04021951219512,Europe,0.24,-0.3,48,48
Germany,DEU,1982,73.33314634146342,Europe,0.29,-0.3,48,48
Germany,DEU,1983,73.62214634146343,Europe,0.29,-0.3,48,48
Germany,DEU,1984,74.07229268292684,Europe,0.45,-0.3,48,48
Germany,DEU,1985,74.18909756097561,Europe,0.12,-0.3,48,48
Germany,DEU,1986,74.3968292682927,Europe,0.21,-0.3,48,48
Germany,DEU,1987,74.80702439024391,Europe,0.41,-0.3,48,48
Germany,DEU,1988,74.99873170731708,Europe,0.19,-0.3,48,48
Germany,DEU,1989,75.19153658536587,Europe,0.19,-0.3,48,48
Germany,DEU,1990,75.08563414634146,Europe,-0.11,-0.3,48,48
Germany,DEU,1991,75.31951219512196,Europe,0.23,-0.3,48,48
Germany,DEU,1992,75.81951219512196,Europe,0.5,-0.3,48,48
Germany,DEU,1993,75.87073170731709,Europe,0.05,-0.3,48,48
Germany,DEU,1994,76.27073170731707,Europe,0.4,-0.3,48,48
Germany,DEU,1995,76.42195121951221,Europe,0.15,-0.3,48,48
Germany,DEU,1996,76.67317073170733,Europe,0.25,-0.3,48,48
Germany,DEU,1997,77.07317073170732,Europe,0.4,-0.3,48,48
Germany,DEU,1998,77.47560975609757,Europe,0.4,-0.3,48,48
Germany,DEU,1999,77.72682926829269,Europe,0.25,-0.3,48,48
Germany,DEU,2000,77.92682926829269,Europe,0.2,-0.3,48,48
Germany,DEU,2001,78.32926829268293,Europe,0.4,-0.3,48,48
Germany,DEU,2002,78.22926829268293,Europe,-0.1,-0.3,48,48
Germany,DEU,2003,78.38048780487806,Europe,0.15,-0.3,48,48
Germany,DEU,2004,78.68048780487807,Europe,0.3,-0.3,48,48
Germany,DEU,2005,78.93170731707318,Europe,0.25,-0.3,48,48
Germany,DEU,2006,79.1317073170732,Europe,0.2,-0.3,48,48
Germany,DEU,2007,79.53414634146343,Europe,0.4,-0.3,48,48
Germany,DEU,2008,79.73658536585367,Europe,0.2,-0.3,48,48
Germany,DEU,2009,79.83658536585368,Europe,0.1,-0.3,48,48
Germany,DEU,2010,79.98780487804879,Europe,0.15,-0.3,48,48
Germany,DEU,2011,80.43658536585367,Europe,0.45,-0.3,48,48
Germany,DEU,2012,80.53902439024391,Europe,0.1,-0.3,48,48
Germany,DEU,2013,80.49024390243903,Europe,-0.05,-0.3,48,48
Germany,DEU,2014,81.09024390243904,Europe,0.6,-0.3,48,48
Germany,DEU,2015,80.64146341463415,Europe,-0.45,-0.3,48,48
Germany,DEU,2016,80.99024390243903,Europe,0.35,-0.3,48,48
Germany,DEU,2017,80.99268292682929,Europe,0.0,-0.3,48,48
Germany,DEU,2018,80.89268292682927,Europe,-0.1,-0.3,48,48
Germany,DEU,2019,81.29268292682927,Europe,0.4,-0.3,48,48
Germany,DEU,2020,81.04146341463415,Europe,-0.25,-0.3,48,48
Germany,DEU,2021,80.79024390243903,Europe,-0.25,-0.3,48,48
Germany,DEU,2022,80.6080487804878,Europe,-0.18,-0.3,48,48
Germany,DEU,2023,81.04146341463415,Europe,0.43,-0.3,48,48
Germany,DEU,2024,80.79268292682927,Europe,-0.25,-0.3,48,48
Djibouti,DJI,1960,43.421,Africa,,3.77,186,186
Djibouti,DJI,1961,43.781,Africa,0.36,3.77,186,186
Djibouti,DJI,1962,44.092,Africa,0.31,3.77,186,186
Djibouti,DJI,1963,44.442,Africa,0.35,3.77,186,186
Djibouti,DJI,1964,44.812,Africa,0.37,3.77,186,186
Djibouti,DJI,1965,45.234,Africa,0.42,3.77,186,186
Djibouti,DJI,1966,45.62,Africa,0.39,3.77,186,186
Djibouti,DJI,1967,46.103,Africa,0.48,3.77,186,186
Djibouti,DJI,1968,46.552,Africa,0.45,3.77,186,186
Djibouti,DJI,1969,47.067,Africa,0.52,3.77,186,186
Djibouti,DJI,1970,47.536,Africa,0.47,3.77,186,186
Djibouti,DJI,1971,47.259,Africa,-0.28,3.77,186,186
Djibouti,DJI,1972,48.532,Africa,1.27,3.77,186,186
Djibouti,DJI,1973,49.097,Africa,0.57,3.77,186,186
Djibouti,DJI,1974,49.52,Africa,0.42,3.77,186,186
Djibouti,DJI,1975,49.923,Africa,0.4,3.77,186,186
Djibouti,DJI,1976,50.335,Africa,0.41,3.77,186,186
Djibouti,DJI,1977,50.755,Africa,0.42,3.77,186,186
Djibouti,DJI,1978,51.172,Africa,0.42,3.77,186,186
Djibouti,DJI,1979,51.597,Africa,0.43,3.77,186,186
Djibouti,DJI,1980,52.046,Africa,0.45,3.77,186,186
Djibouti,DJI,1981,52.355,Africa,0.31,3.77,186,186
Djibouti,DJI,1982,52.893,Africa,0.54,3.77,186,186
Djibouti,DJI,1983,53.334,Africa,0.44,3.77,186,186
Djibouti,DJI,1984,53.745,Africa,0.41,3.77,186,186
Djibouti,DJI,1985,54.075,Africa,0.33,3.77,186,186
Djibouti,DJI,1986,54.494,Africa,0.42,3.77,186,186
Djibouti,DJI,1987,54.832,Africa,0.34,3.77,186,186
Djibouti,DJI,1988,55.133,Africa,0.3,3.77,186,186
Djibouti,DJI,1989,55.369,Africa,0.24,3.77,186,186
Djibouti,DJI,1990,55.469,Africa,0.1,3.77,186,186
Djibouti,DJI,1991,55.194,Africa,-0.27,3.77,186,186
Djibouti,DJI,1992,54.375,Africa,-0.82,3.77,186,186
Djibouti,DJI,1993,55.734,Africa,1.36,3.77,186,186
Djibouti,DJI,1994,55.592,Africa,-0.14,3.77,186,186
Djibouti,DJI,1995,56.234,Africa,0.64,3.77,186,186
Djibouti,DJI,1996,56.33,Africa,0.1,3.77,186,186
Djibouti,DJI,1997,56.207,Africa,-0.12,3.77,186,186
Djibouti,DJI,1998,56.426,Africa,0.22,3.77,186,186
Djibouti,DJI,1999,56.564,Africa,0.14,3.77,186,186
Djibouti,DJI,2000,56.734,Africa,0.17,3.77,186,186
Djibouti,DJI,2001,57.506,Africa,0.77,3.77,186,186
Djibouti,DJI,2002,57.824,Africa,0.32,3.77,186,186
Djibouti,DJI,2003,58.041,Africa,0.22,3.77,186,186
Djibouti,DJI,2004,58.103,Africa,0.06,3.77,186,186
Djibouti,DJI,2005,58.548,Africa,0.45,3.77,186,186
Djibouti,DJI,2006,58.962,Africa,0.41,3.77,186,186
Djibouti,DJI,2007,59.362,Africa,0.4,3.77,186,186
Djibouti,DJI,2008,59.815,Africa,0.45,3.77,186,186
Djibouti,DJI,2009,60.351,Africa,0.54,3.77,186,186
Djibouti,DJI,2010,60.743,Africa,0.39,3.77,186,186
Djibouti,DJI,2011,61.337,Africa,0.59,3.77,186,186
Djibouti,DJI,2012,61.719,Africa,0.38,3.77,186,186
Djibouti,DJI,2013,62.116,Africa,0.4,3.77,186,186
Djibouti,DJI,2014,62.427,Africa,0.31,3.77,186,186
Djibouti,DJI,2015,62.833,Africa,0.41,3.77,186,186
Djibouti,DJI,2016,63.335,Africa,0.5,3.77,186,186
Djibouti,DJI,2017,63.71,Africa,0.38,3.77,186,186
Djibouti,DJI,2018,64.105,Africa,0.4,3.77,186,186
Djibouti,DJI,2019,64.381,Africa,0.28,3.77,186,186
Djibouti,DJI,2020,64.2,Africa,-0.18,3.77,186,186
Djibouti,DJI,2021,63.83,Africa,-0.37,3.77,186,186
Djibouti,DJI,2022,65.54,Africa,1.71,3.77,186,186
Djibouti,DJI,2023,65.987,Africa,0.45,3.77,186,186
Djibouti,DJI,2024,66.202,Africa,0.22,3.77,186,186
Dominica,DMA,1960,60.076,America,,0.11,145,145
Dominica,DMA,1961,61.022,America,0.95,0.11,145,145
Dominica,DMA,1962,61.894,America,0.87,0.11,145,145
Dominica,DMA,1963,62.612,America,0.72,0.11,145,145
Dominica,DMA,1964,63.278,America,0.67,0.11,145,145
Dominica,DMA,1965,63.913,America,0.63,0.11,145,145
Dominica,DMA,1966,64.457,America,0.54,0.11,145,145
Dominica,DMA,1967,64.856,America,0.4,0.11,145,145
Dominica,DMA,1968,65.277,America,0.42,0.11,145,145
Dominica,DMA,1969,65.704,America,0.43,0.11,145,145
Dominica,DMA,1970,66.208,America,0.5,0.11,145,145
Dominica,DMA,1971,66.763,America,0.56,0.11,145,145
Dominica,DMA,1972,67.468,America,0.7,0.11,145,145
Dominica,DMA,1973,68.097,America,0.63,0.11,145,145
Dominica,DMA,1974,68.585,America,0.49,0.11,145,145
Dominica,DMA,1975,69.059,America,0.47,0.11,145,145
Dominica,DMA,1976,69.411,America,0.35,0.11,145,145
Dominica,DMA,1977,69.715,America,0.3,0.11,145,145
Dominica,DMA,1978,70.115,America,0.4,0.11,145,145
Dominica,DMA,1979,69.195,America,-0.92,0.11,145,145
Dominica,DMA,1980,71.013,America,1.82,0.11,145,145
Dominica,DMA,1981,71.46,America,0.45,0.11,145,145
Dominica,DMA,1982,71.749,America,0.29,0.11,145,145
Dominica,DMA,1983,72.005,America,0.26,0.11,145,145
Dominica,DMA,1984,71.913,America,-0.09,0.11,145,145
Dominica,DMA,1985,71.918,America,0.01,0.11,145,145
Dominica,DMA,1986,71.671,America,-0.25,0.11,145,145
Dominica,DMA,1987,71.368,America,-0.3,0.11,145,145
Dominica,DMA,1988,70.974,America,-0.39,0.11,145,145
Dominica,DMA,1989,70.663,America,-0.31,0.11,145,145
Dominica,DMA,1990,70.471,America,-0.19,0.11,145,145
Dominica,DMA,1991,70.398,America,-0.07,0.11,145,145
Dominica,DMA,1992,70.473,America,0.08,0.11,145,145
Dominica,DMA,1993,70.612,America,0.14,0.11,145,145
Dominica,DMA,1994,70.777,America,0.17,0.11,145,145
Dominica,DMA,1995,70.832,America,0.05,0.11,145,145
Dominica,DMA,1996,71.039,America,0.21,0.11,145,145
Dominica,DMA,1997,71.195,America,0.16,0.11,145,145
Dominica,DMA,1998,71.352,America,0.16,0.11,145,145
Dominica,DMA,1999,71.527,America,0.17,0.11,145,145
Dominica,DMA,2000,71.715,America,0.19,0.11,145,145
Dominica,DMA,2001,71.862,America,0.15,0.11,145,145
Dominica,DMA,2002,71.927,America,0.07,0.11,145,145
Dominica,DMA,2003,71.942,America,0.01,0.11,145,145
Dominica,DMA,2004,71.987,America,0.05,0.11,145,145
Dominica,DMA,2005,72.016,America,0.03,0.11,145,145
Dominica,DMA,2006,72.007,America,-0.01,0.11,145,145
Dominica,DMA,2007,71.901,America,-0.11,0.11,145,145
Dominica,DMA,2008,71.945,America,0.04,0.11,145,145
Dominica,DMA,2009,71.835,America,-0.11,0.11,145,145
Dominica,DMA,2010,71.68,America,-0.15,0.11,145,145
Dominica,DMA,2011,71.517,America,-0.16,0.11,145,145
Dominica,DMA,2012,71.391,America,-0.13,0.11,145,145
Dominica,DMA,2013,71.228,America,-0.16,0.11,145,145
Dominica,DMA,2014,71.189,America,-0.04,0.11,145,145
Dominica,DMA,2015,69.968,America,-1.22,0.11,145,145
Dominica,DMA,2016,71.189,America,1.22,0.11,145,145
Dominica,DMA,2017,68.62,America,-2.57,0.11,145,145
Dominica,DMA,2018,71.378,America,2.76,0.11,145,145
Dominica,DMA,2019,71.305,America,-0.07,0.11,145,145
Dominica,DMA,2020,71.269,America,-0.04,0.11,145,145
Dominica,DMA,2021,69.832,America,-1.44,0.11,145,145
Dominica,DMA,2022,71.081,America,1.25,0.11,145,145
Dominica,DMA,2023,71.132,America,0.05,0.11,145,145
Dominica,DMA,2024,71.294,America,0.16,0.11,145,145
Denmark,DNK,1960,72.17658536585365,Europe,,1.55,33,33
Denmark,DNK,1961,72.43829268292684,Europe,0.26,1.55,33,33
Denmark,DNK,1962,72.31975609756098,Europe,-0.12,1.55,33,33
Denmark,DNK,1963,72.40048780487805,Europe,0.08,1.55,33,33
Denmark,DNK,1964,72.48512195121953,Europe,0.08,1.55,33,33
Denmark,DNK,1965,72.37073170731709,Europe,-0.11,1.55,33,33
Denmark,DNK,1966,72.44414634146342,Europe,0.07,1.55,33,33
Denmark,DNK,1967,72.92219512195122,Europe,0.48,1.55,33,33
Denmark,DNK,1968,73.12146341463415,Europe,0.2,1.55,33,33
Denmark,DNK,1969,73.22097560975611,Europe,0.1,1.55,33,33
Denmark,DNK,1970,73.34341463414634,Europe,0.12,1.55,33,33
Denmark,DNK,1971,73.41463414634147,Europe,0.07,1.55,33,33
Denmark,DNK,1972,73.43902439024392,Europe,0.02,1.55,33,33
Denmark,DNK,1973,73.68219512195122,Europe,0.24,1.55,33,33
Denmark,DNK,1974,73.80829268292683,Europe,0.13,1.55,33,33
Denmark,DNK,1975,74.07512195121953,Europe,0.27,1.55,33,33
Denmark,DNK,1976,73.73975609756098,Europe,-0.34,1.55,33,33
Denmark,DNK,1977,74.63243902439027,Europe,0.89,1.55,33,33
Denmark,DNK,1978,74.3929268292683,Europe,-0.24,1.55,33,33
Denmark,DNK,1979,74.21926829268293,Europe,-0.17,1.55,33,33
Denmark,DNK,1980,74.10170731707318,Europe,-0.12,1.55,33,33
Denmark,DNK,1981,74.23048780487807,Europe,0.13,1.55,33,33
Denmark,DNK,1982,74.55121951219512,Europe,0.32,1.55,33,33
Denmark,DNK,1983,74.42048780487806,Europe,-0.13,1.55,33,33
Denmark,DNK,1984,74.56219512195123,Europe,0.14,1.55,33,33
Denmark,DNK,1985,74.42756097560977,Europe,-0.13,1.55,33,33
Denmark,DNK,1986,74.57975609756097,Europe,0.15,1.55,33,33
Denmark,DNK,1987,74.69121951219513,Europe,0.11,1.55,33,33
Denmark,DNK,1988,74.77170731707318,Europe,0.08,1.55,33,33
Denmark,DNK,1989,74.79975609756097,Europe,0.03,1.55,33,33
Denmark,DNK,1990,74.80536585365854,Europe,0.01,1.55,33,33
Denmark,DNK,1991,75.1578048780488,Europe,0.35,1.55,33,33
Denmark,DNK,1992,75.19414634146342,Europe,0.04,1.55,33,33
Denmark,DNK,1993,75.1168292682927,Europe,-0.08,1.55,33,33
Denmark,DNK,1994,75.37512195121953,Europe,0.26,1.55,33,33
Denmark,DNK,1995,75.21268292682927,Europe,-0.16,1.55,33,33
Denmark,DNK,1996,75.59146341463416,Europe,0.38,1.55,33,33
Denmark,DNK,1997,75.94512195121952,Europe,0.35,1.55,33,33
Denmark,DNK,1998,76.13902439024392,Europe,0.19,1.55,33,33
Denmark,DNK,1999,76.34146341463415,Europe,0.2,1.55,33,33
Denmark,DNK,2000,76.59268292682927,Europe,0.25,1.55,33,33
Denmark,DNK,2001,76.79268292682929,Europe,0.2,1.55,33,33
Denmark,DNK,2002,76.89512195121951,Europe,0.1,1.55,33,33
Denmark,DNK,2003,77.1439024390244,Europe,0.25,1.55,33,33
Denmark,DNK,2004,77.49268292682927,Europe,0.35,1.55,33,33
Denmark,DNK,2005,77.84390243902439,Europe,0.35,1.55,33,33
Denmark,DNK,2006,78.09512195121954,Europe,0.25,1.55,33,33
Denmark,DNK,2007,78.19512195121952,Europe,0.1,1.55,33,33
Denmark,DNK,2008,78.44634146341464,Europe,0.25,1.55,33,33
Denmark,DNK,2009,78.59756097560977,Europe,0.15,1.55,33,33
Denmark,DNK,2010,79.10000000000001,Europe,0.5,1.55,33,33
Denmark,DNK,2011,79.80000000000001,Europe,0.7,1.55,33,33
Denmark,DNK,2012,80.05121951219512,Europe,0.25,1.55,33,33
Denmark,DNK,2013,80.30000000000001,Europe,0.25,1.55,33,33
Denmark,DNK,2014,80.7,Europe,0.4,1.55,33,33
Denmark,DNK,2015,80.70243902439024,Europe,0.0,1.55,33,33
Denmark,DNK,2016,80.85365853658537,Europe,0.15,1.55,33,33
Denmark,DNK,2017,81.10243902439025,Europe,0.25,1.55,33,33
Denmark,DNK,2018,80.95365853658537,Europe,-0.15,1.55,33,33
Denmark,DNK,2019,81.45121951219514,Europe,0.5,1.55,33,33
Denmark,DNK,2020,81.60243902439025,Europe,0.15,1.55,33,33
Denmark,DNK,2021,81.40487804878049,Europe,-0.2,1.55,33,33
Denmark,DNK,2022,81.3048780487805,Europe,-0.1,1.55,33,33
Denmark,DNK,2023,81.75365853658539,Europe,0.45,1.55,33,33
Denmark,DNK,2024,82.25365853658538,Europe,0.5,1.55,33,33
Dominican Republic,DOM,1960,51.705,America,,0.72,116,116
Dominican Republic,DOM,1961,52.447,America,0.74,0.72,116,116
Dominican Republic,DOM,1962,53.199,America,0.75,0.72,116,116
Dominican Republic,DOM,1963,53.754,America,0.55,0.72,116,116
Dominican Republic,DOM,1964,54.653,America,0.9,0.72,116,116
Dominican Republic,DOM,1965,52.842,America,-1.81,0.72,116,116
Dominican Republic,DOM,1966,55.965,America,3.12,0.72,116,116
Dominican Republic,DOM,1967,56.646,America,0.68,0.72,116,116
Dominican Republic,DOM,1968,57.272,America,0.63,0.72,116,116
Dominican Republic,DOM,1969,57.886,America,0.61,0.72,116,116
Dominican Republic,DOM,1970,58.493,America,0.61,0.72,116,116
Dominican Republic,DOM,1971,59.09,America,0.6,0.72,116,116
Dominican Republic,DOM,1972,59.661,America,0.57,0.72,116,116
Dominican Republic,DOM,1973,60.228,America,0.57,0.72,116,116
Dominican Republic,DOM,1974,60.757,America,0.53,0.72,116,116
Dominican Republic,DOM,1975,61.254,America,0.5,0.72,116,116
Dominican Republic,DOM,1976,61.739,America,0.48,0.72,116,116
Dominican Republic,DOM,1977,62.2,America,0.46,0.72,116,116
Dominican Republic,DOM,1978,62.624,America,0.42,0.72,116,116
Dominican Republic,DOM,1979,62.425,America,-0.2,0.72,116,116
Dominican Republic,DOM,1980,63.391,America,0.97,0.72,116,116
Dominican Republic,DOM,1981,63.776,America,0.39,0.72,116,116
Dominican Republic,DOM,1982,64.198,America,0.42,0.72,116,116
Dominican Republic,DOM,1983,64.63,America,0.43,0.72,116,116
Dominican Republic,DOM,1984,65.134,America,0.5,0.72,116,116
Dominican Republic,DOM,1985,65.614,America,0.48,0.72,116,116
Dominican Republic,DOM,1986,66.059,America,0.44,0.72,116,116
Dominican Republic,DOM,1987,66.49,America,0.43,0.72,116,116
Dominican Republic,DOM,1988,66.914,America,0.42,0.72,116,116
Dominican Republic,DOM,1989,67.331,America,0.42,0.72,116,116
Dominican Republic,DOM,1990,67.746,America,0.41,0.72,116,116
Dominican Republic,DOM,1991,68.154,America,0.41,0.72,116,116
Dominican Republic,DOM,1992,68.525,America,0.37,0.72,116,116
Dominican Republic,DOM,1993,68.86,America,0.33,0.72,116,116
Dominican Republic,DOM,1994,69.16,America,0.3,0.72,116,116
Dominican Republic,DOM,1995,69.394,America,0.23,0.72,116,116
Dominican Republic,DOM,1996,69.595,America,0.2,0.72,116,116
Dominican Republic,DOM,1997,69.809,America,0.21,0.72,116,116
Dominican Republic,DOM,1998,69.875,America,0.07,0.72,116,116
Dominican Republic,DOM,1999,70.178,America,0.3,0.72,116,116
Dominican Republic,DOM,2000,70.365,America,0.19,0.72,116,116
Dominican Republic,DOM,2001,70.553,America,0.19,0.72,116,116
Dominican Republic,DOM,2002,70.719,America,0.17,0.72,116,116
Dominican Republic,DOM,2003,70.856,America,0.14,0.72,116,116
Dominican Republic,DOM,2004,70.73,America,-0.13,0.72,116,116
Dominican Republic,DOM,2005,71.043,America,0.31,0.72,116,116
Dominican Republic,DOM,2006,71.054,America,0.01,0.72,116,116
Dominican Republic,DOM,2007,71.097,America,0.04,0.72,116,116
Dominican Republic,DOM,2008,71.331,America,0.23,0.72,116,116
Dominican Republic,DOM,2009,71.587,America,0.26,0.72,116,116
Dominican Republic,DOM,2010,72.039,America,0.45,0.72,116,116
Dominican Republic,DOM,2011,72.496,America,0.46,0.72,116,116
Dominican Republic,DOM,2012,72.817,America,0.32,0.72,116,116
Dominican Republic,DOM,2013,73.038,America,0.22,0.72,116,116
Dominican Republic,DOM,2014,73.145,America,0.11,0.72,116,116
Dominican Republic,DOM,2015,72.982,America,-0.16,0.72,116,116
Dominican Republic,DOM,2016,72.889,America,-0.09,0.72,116,116
Dominican Republic,DOM,2017,73.37,America,0.48,0.72,116,116
Dominican Republic,DOM,2018,73.555,America,0.19,0.72,116,116
Dominican Republic,DOM,2019,73.112,America,-0.44,0.72,116,116
Dominican Republic,DOM,2020,72.636,America,-0.48,0.72,116,116
Dominican Republic,DOM,2021,71.757,America,-0.88,0.72,116,116
Dominican Republic,DOM,2022,74.211,America,2.45,0.72,116,116
Dominican Republic,DOM,2023,73.72,America,-0.49,0.72,116,116
Dominican Republic,DOM,2024,73.868,America,0.15,0.72,116,116
Algeria,DZA,1960,40.839,Africa,,1.48,93,93
Algeria,DZA,1961,40.792,Africa,-0.05,1.48,93,93
Algeria,DZA,1962,39.527,Africa,-1.27,1.48,93,93
Algeria,DZA,1963,43.143,Africa,3.62,1.48,93,93
Algeria,DZA,1964,42.987,Africa,-0.16,1.48,93,93
Algeria,DZA,1965,42.846,Africa,-0.14,1.48,93,93
Algeria,DZA,1966,42.745,Africa,-0.1,1.48,93,93
Algeria,DZA,1967,42.731,Africa,-0.01,1.48,93,93
Algeria,DZA,1968,42.806,Africa,0.07,1.48,93,93
Algeria,DZA,1969,42.991,Africa,0.19,1.48,93,93
Algeria,DZA,1970,43.328,Africa,0.34,1.48,93,93
Algeria,DZA,1971,43.782,Africa,0.45,1.48,93,93
Algeria,DZA,1972,44.384,Africa,0.6,1.48,93,93
Algeria,DZA,1973,45.102,Africa,0.72,1.48,93,93
Algeria,DZA,1974,45.953,Africa,0.85,1.48,93,93
Algeria,DZA,1975,46.921,Africa,0.97,1.48,93,93
Algeria,DZA,1976,48.034,Africa,1.11,1.48,93,93
Algeria,DZA,1977,49.249,Africa,1.22,1.48,93,93
Algeria,DZA,1978,50.615,Africa,1.37,1.48,93,93
Algeria,DZA,1979,52.409,Africa,1.79,1.48,93,93
Algeria,DZA,1980,54.512,Africa,2.1,1.48,93,93
Algeria,DZA,1981,57.422,Africa,2.91,1.48,93,93
Algeria,DZA,1982,59.594,Africa,2.17,1.48,93,93
Algeria,DZA,1983,61.251,Africa,1.66,1.48,93,93
Algeria,DZA,1984,62.722,Africa,1.47,1.48,93,93
Algeria,DZA,1985,64.155,Africa,1.43,1.48,93,93
Algeria,DZA,1986,65.273,Africa,1.12,1.48,93,93
Algeria,DZA,1987,66.13,Africa,0.86,1.48,93,93
Algeria,DZA,1988,66.91,Africa,0.78,1.48,93,93
Algeria,DZA,1989,67.461,Africa,0.55,1.48,93,93
Algeria,DZA,1990,67.658,Africa,0.2,1.48,93,93
Algeria,DZA,1991,67.692,Africa,0.03,1.48,93,93
Algeria,DZA,1992,67.725,Africa,0.03,1.48,93,93
Algeria,DZA,1993,67.797,Africa,0.07,1.48,93,93
Algeria,DZA,1994,67.284,Africa,-0.51,1.48,93,93
Algeria,DZA,1995,67.691,Africa,0.41,1.48,93,93
Algeria,DZA,1996,68.219,Africa,0.53,1.48,93,93
Algeria,DZA,1997,68.859,Africa,0.64,1.48,93,93
Algeria,DZA,1998,69.327,Africa,0.47,1.48,93,93
Algeria,DZA,1999,70.088,Africa,0.76,1.48,93,93
Algeria,DZA,2000,70.576,Africa,0.49,1.48,93,93
Algeria,DZA,2001,71.025,Africa,0.45,1.48,93,93
Algeria,DZA,2002,71.644,Africa,0.62,1.48,93,93
Algeria,DZA,2003,71.906,Africa,0.26,1.48,93,93
Algeria,DZA,2004,72.536,Africa,0.63,1.48,93,93
Algeria,DZA,2005,72.836,Africa,0.3,1.48,93,93
Algeria,DZA,2006,73.116,Africa,0.28,1.48,93,93
Algeria,DZA,2007,73.346,Africa,0.23,1.48,93,93
Algeria,DZA,2008,73.618,Africa,0.27,1.48,93,93
Algeria,DZA,2009,73.871,Africa,0.25,1.48,93,93
Algeria,DZA,2010,74.144,Africa,0.27,1.48,93,93
Algeria,DZA,2011,74.383,Africa,0.24,1.48,93,93
Algeria,DZA,2012,74.609,Africa,0.23,1.48,93,93
Algeria,DZA,2013,74.809,Africa,0.2,1.48,93,93
Algeria,DZA,2014,74.992,Africa,0.18,1.48,93,93
Algeria,DZA,2015,75.159,Africa,0.17,1.48,93,93
Algeria,DZA,2016,75.31,Africa,0.15,1.48,93,93
Algeria,DZA,2017,75.431,Africa,0.12,1.48,93,93
Algeria,DZA,2018,75.555,Africa,0.12,1.48,93,93
Algeria,DZA,2019,75.682,Africa,0.13,1.48,93,93
Algeria,DZA,2020,73.257,Africa,-2.42,1.48,93,93
Algeria,DZA,2021,75.208,Africa,1.95,1.48,93,93
Algeria,DZA,2022,76.129,Africa,0.92,1.48,93,93
Algeria,DZA,2023,76.261,Africa,0.13,1.48,93,93
Algeria,DZA,2024,76.475,Africa,0.21,1.48,93,93
Ecuador,ECU,1960,53.396,America,,1.44,79,79
Ecuador,ECU,1961,54.052,America,0.66,1.44,79,79
Ecuador,ECU,1962,54.681,America,0.63,1.44,79,79
Ecuador,ECU,1963,55.322,America,0.64,1.44,79,79
Ecuador,ECU,1964,55.95,America,0.63,1.44,79,79
Ecuador,ECU,1965,56.524,America,0.57,1.44,79,79
Ecuador,ECU,1966,57.019,America,0.49,1.44,79,79
Ecuador,ECU,1967,57.482,America,0.46,1.44,79,79
Ecuador,ECU,1968,57.946,America,0.46,1.44,79,79
Ecuador,ECU,1969,58.267,America,0.32,1.44,79,79
Ecuador,ECU,1970,58.85,America,0.58,1.44,79,79
Ecuador,ECU,1971,59.343,America,0.49,1.44,79,79
Ecuador,ECU,1972,59.816,America,0.47,1.44,79,79
Ecuador,ECU,1973,60.306,America,0.49,1.44,79,79
Ecuador,ECU,1974,60.7,America,0.39,1.44,79,79
Ecuador,ECU,1975,61.085,America,0.38,1.44,79,79
Ecuador,ECU,1976,61.425,America,0.34,1.44,79,79
Ecuador,ECU,1977,61.935,America,0.51,1.44,79,79
Ecuador,ECU,1978,62.397,America,0.46,1.44,79,79
Ecuador,ECU,1979,62.854,America,0.46,1.44,79,79
Ecuador,ECU,1980,63.326,America,0.47,1.44,79,79
Ecuador,ECU,1981,63.809,America,0.48,1.44,79,79
Ecuador,ECU,1982,64.271,America,0.46,1.44,79,79
Ecuador,ECU,1983,64.659,America,0.39,1.44,79,79
Ecuador,ECU,1984,65.202,America,0.54,1.44,79,79
Ecuador,ECU,1985,65.625,America,0.42,1.44,79,79
Ecuador,ECU,1986,66.123,America,0.5,1.44,79,79
Ecuador,ECU,1987,66.587,America,0.46,1.44,79,79
Ecuador,ECU,1988,67.038,America,0.45,1.44,79,79
Ecuador,ECU,1989,67.817,America,0.78,1.44,79,79
Ecuador,ECU,1990,68.445,America,0.63,1.44,79,79
Ecuador,ECU,1991,69.04,America,0.6,1.44,79,79
Ecuador,ECU,1992,69.468,America,0.43,1.44,79,79
Ecuador,ECU,1993,70.07,America,0.6,1.44,79,79
Ecuador,ECU,1994,70.876,America,0.81,1.44,79,79
Ecuador,ECU,1995,71.349,America,0.47,1.44,79,79
Ecuador,ECU,1996,71.82,America,0.47,1.44,79,79
Ecuador,ECU,1997,72.007,America,0.19,1.44,79,79
Ecuador,ECU,1998,71.949,America,-0.06,1.44,79,79
Ecuador,ECU,1999,71.92,America,-0.03,1.44,79,79
Ecuador,ECU,2000,72.09,America,0.17,1.44,79,79
Ecuador,ECU,2001,72.571,America,0.48,1.44,79,79
Ecuador,ECU,2002,73.164,America,0.59,1.44,79,79
Ecuador,ECU,2003,73.632,America,0.47,1.44,79,79
Ecuador,ECU,2004,73.868,America,0.24,1.44,79,79
Ecuador,ECU,2005,73.909,America,0.04,1.44,79,79
Ecuador,ECU,2006,74.01,America,0.1,1.44,79,79
Ecuador,ECU,2007,74.226,America,0.22,1.44,79,79
Ecuador,ECU,2008,74.709,America,0.48,1.44,79,79
Ecuador,ECU,2009,74.901,America,0.19,1.44,79,79
Ecuador,ECU,2010,75.188,America,0.29,1.44,79,79
Ecuador,ECU,2011,75.179,America,-0.01,1.44,79,79
Ecuador,ECU,2012,75.486,America,0.31,1.44,79,79
Ecuador,ECU,2013,75.832,America,0.35,1.44,79,79
Ecuador,ECU,2014,76.141,America,0.31,1.44,79,79
Ecuador,ECU,2015,76.222,America,0.08,1.44,79,79
Ecuador,ECU,2016,76.094,America,-0.13,1.44,79,79
Ecuador,ECU,2017,76.22,America,0.13,1.44,79,79
Ecuador,ECU,2018,77.248,America,1.03,1.44,79,79
Ecuador,ECU,2019,77.286,America,0.04,1.44,79,79
Ecuador,ECU,2020,72.004,America,-5.28,1.44,79,79
Ecuador,ECU,2021,72.746,America,0.74,1.44,79,79
Ecuador,ECU,2022,76.577,America,3.83,1.44,79,79
Ecuador,ECU,2023,77.392,America,0.81,1.44,79,79
Ecuador,ECU,2024,77.579,America,0.19,1.44,79,79
"Egypt, Arab Rep.",EGY,1960,44.436,Africa,,1.89,140,140
"Egypt, Arab Rep.",EGY,1961,45.146,Africa,0.71,1.89,140,140
"Egypt, Arab Rep.",EGY,1962,45.844,Africa,0.7,1.89,140,140
"Egypt, Arab Rep.",EGY,1963,46.493,Africa,0.65,1.89,140,140
"Egypt, Arab Rep.",EGY,1964,47.075,Africa,0.58,1.89,140,140
"Egypt, Arab Rep.",EGY,1965,47.577,Africa,0.5,1.89,140,140
"Egypt, Arab Rep.",EGY,1966,47.988,Africa,0.41,1.89,140,140
"Egypt, Arab Rep.",EGY,1967,48.13,Africa,0.14,1.89,140,140
"Egypt, Arab Rep.",EGY,1968,48.602,Africa,0.47,1.89,140,140
"Egypt, Arab Rep.",EGY,1969,48.7,Africa,0.1,1.89,140,140
"Egypt, Arab Rep.",EGY,1970,49.0,Africa,0.3,1.89,140,140
"Egypt, Arab Rep.",EGY,1971,49.48,Africa,0.48,1.89,140,140
"Egypt, Arab Rep.",EGY,1972,49.908,Africa,0.43,1.89,140,140
"Egypt, Arab Rep.",EGY,1973,50.098,Africa,0.19,1.89,140,140
"Egypt, Arab Rep.",EGY,1974,51.044,Africa,0.95,1.89,140,140
"Egypt, Arab Rep.",EGY,1975,51.734,Africa,0.69,1.89,140,140
"Egypt, Arab Rep.",EGY,1976,52.484,Africa,0.75,1.89,140,140
"Egypt, Arab Rep.",EGY,1977,53.272,Africa,0.79,1.89,140,140
"Egypt, Arab Rep.",EGY,1978,54.075,Africa,0.8,1.89,140,140
"Egypt, Arab Rep.",EGY,1979,54.876,Africa,0.8,1.89,140,140
"Egypt, Arab Rep.",EGY,1980,55.673,Africa,0.8,1.89,140,140
"Egypt, Arab Rep.",EGY,1981,56.454,Africa,0.78,1.89,140,140
"Egypt, Arab Rep.",EGY,1982,57.219,Africa,0.77,1.89,140,140
"Egypt, Arab Rep.",EGY,1983,57.967,Africa,0.75,1.89,140,140
"Egypt, Arab Rep.",EGY,1984,58.697,Africa,0.73,1.89,140,140
"Egypt, Arab Rep.",EGY,1985,59.405,Africa,0.71,1.89,140,140
"Egypt, Arab Rep.",EGY,1986,60.085,Africa,0.68,1.89,140,140
"Egypt, Arab Rep.",EGY,1987,60.736,Africa,0.65,1.89,140,140
"Egypt, Arab Rep.",EGY,1988,61.358,Africa,0.62,1.89,140,140
"Egypt, Arab Rep.",EGY,1989,61.949,Africa,0.59,1.89,140,140
"Egypt, Arab Rep.",EGY,1990,62.513,Africa,0.56,1.89,140,140
"Egypt, Arab Rep.",EGY,1991,63.059,Africa,0.55,1.89,140,140
"Egypt, Arab Rep.",EGY,1992,63.585,Africa,0.53,1.89,140,140
"Egypt, Arab Rep.",EGY,1993,64.147,Africa,0.56,1.89,140,140
"Egypt, Arab Rep.",EGY,1994,64.663,Africa,0.52,1.89,140,140
"Egypt, Arab Rep.",EGY,1995,65.214,Africa,0.55,1.89,140,140
"Egypt, Arab Rep.",EGY,1996,65.733,Africa,0.52,1.89,140,140
"Egypt, Arab Rep.",EGY,1997,66.207,Africa,0.47,1.89,140,140
"Egypt, Arab Rep.",EGY,1998,66.635,Africa,0.43,1.89,140,140
"Egypt, Arab Rep.",EGY,1999,67.01,Africa,0.38,1.89,140,140
"Egypt, Arab Rep.",EGY,2000,67.332,Africa,0.32,1.89,140,140
"Egypt, Arab Rep.",EGY,2001,67.612,Africa,0.28,1.89,140,140
"Egypt, Arab Rep.",EGY,2002,67.846,Africa,0.23,1.89,140,140
"Egypt, Arab Rep.",EGY,2003,68.045,Africa,0.2,1.89,140,140
"Egypt, Arab Rep.",EGY,2004,68.211,Africa,0.17,1.89,140,140
"Egypt, Arab Rep.",EGY,2005,68.355,Africa,0.14,1.89,140,140
"Egypt, Arab Rep.",EGY,2006,68.493,Africa,0.14,1.89,140,140
"Egypt, Arab Rep.",EGY,2007,68.627,Africa,0.13,1.89,140,140
"Egypt, Arab Rep.",EGY,2008,68.761,Africa,0.13,1.89,140,140
"Egypt, Arab Rep.",EGY,2009,68.915,Africa,0.15,1.89,140,140
"Egypt, Arab Rep.",EGY,2010,69.078,Africa,0.16,1.89,140,140
"Egypt, Arab Rep.",EGY,2011,69.232,Africa,0.15,1.89,140,140
"Egypt, Arab Rep.",EGY,2012,69.464,Africa,0.23,1.89,140,140
"Egypt, Arab Rep.",EGY,2013,69.632,Africa,0.17,1.89,140,140
"Egypt, Arab Rep.",EGY,2014,69.911,Africa,0.28,1.89,140,140
"Egypt, Arab Rep.",EGY,2015,70.135,Africa,0.22,1.89,140,140
"Egypt, Arab Rep.",EGY,2016,70.437,Africa,0.3,1.89,140,140
"Egypt, Arab Rep.",EGY,2017,70.709,Africa,0.27,1.89,140,140
"Egypt, Arab Rep.",EGY,2018,70.974,Africa,0.27,1.89,140,140
"Egypt, Arab Rep.",EGY,2019,71.213,Africa,0.24,1.89,140,140
"Egypt, Arab Rep.",EGY,2020,69.79,Africa,-1.42,1.89,140,140
"Egypt, Arab Rep.",EGY,2021,68.976,Africa,-0.81,1.89,140,140
"Egypt, Arab Rep.",EGY,2022,71.01,Africa,2.03,1.89,140,140
"Egypt, Arab Rep.",EGY,2023,71.633,Africa,0.62,1.89,140,140
"Egypt, Arab Rep.",EGY,2024,71.806,Africa,0.17,1.89,140,140
Eritrea,ERI,1960,37.443,Africa,,3.38,162,162
Eritrea,ERI,1961,37.912,Africa,0.47,3.38,162,162
Eritrea,ERI,1962,38.346,Africa,0.43,3.38,162,162
Eritrea,ERI,1963,38.833,Africa,0.49,3.38,162,162
Eritrea,ERI,1964,39.184,Africa,0.35,3.38,162,162
Eritrea,ERI,1965,39.576,Africa,0.39,3.38,162,162
Eritrea,ERI,1966,37.634,Africa,-1.94,3.38,162,162
Eritrea,ERI,1967,40.151,Africa,2.52,3.38,162,162
Eritrea,ERI,1968,40.483,Africa,0.33,3.38,162,162
Eritrea,ERI,1969,40.792,Africa,0.31,3.38,162,162
Eritrea,ERI,1970,41.162,Africa,0.37,3.38,162,162
Eritrea,ERI,1971,41.527,Africa,0.37,3.38,162,162
Eritrea,ERI,1972,40.723,Africa,-0.8,3.38,162,162
Eritrea,ERI,1973,41.131,Africa,0.41,3.38,162,162
Eritrea,ERI,1974,39.001,Africa,-2.13,3.38,162,162
Eritrea,ERI,1975,39.031,Africa,0.03,3.38,162,162
Eritrea,ERI,1976,42.587,Africa,3.56,3.38,162,162
Eritrea,ERI,1977,42.984,Africa,0.4,3.38,162,162
Eritrea,ERI,1978,43.38,Africa,0.4,3.38,162,162
Eritrea,ERI,1979,43.78,Africa,0.4,3.38,162,162
Eritrea,ERI,1980,44.625,Africa,0.84,3.38,162,162
Eritrea,ERI,1981,44.974,Africa,0.35,3.38,162,162
Eritrea,ERI,1982,44.891,Africa,-0.08,3.38,162,162
Eritrea,ERI,1983,37.173,Africa,-7.72,3.38,162,162
Eritrea,ERI,1984,37.679,Africa,0.51,3.38,162,162
Eritrea,ERI,1985,38.586,Africa,0.91,3.38,162,162
Eritrea,ERI,1986,39.541,Africa,0.95,3.38,162,162
Eritrea,ERI,1987,47.363,Africa,7.82,3.38,162,162
Eritrea,ERI,1988,48.094,Africa,0.73,3.38,162,162
Eritrea,ERI,1989,47.802,Africa,-0.29,3.38,162,162
Eritrea,ERI,1990,49.733,Africa,1.93,3.38,162,162
Eritrea,ERI,1991,50.516,Africa,0.78,3.38,162,162
Eritrea,ERI,1992,52.436,Africa,1.92,3.38,162,162
Eritrea,ERI,1993,53.189,Africa,0.75,3.38,162,162
Eritrea,ERI,1994,54.027,Africa,0.84,3.38,162,162
Eritrea,ERI,1995,54.822,Africa,0.8,3.38,162,162
Eritrea,ERI,1996,55.498,Africa,0.68,3.38,162,162
Eritrea,ERI,1997,56.155,Africa,0.66,3.38,162,162
Eritrea,ERI,1998,49.997,Africa,-6.16,3.38,162,162
Eritrea,ERI,1999,44.506,Africa,-5.49,3.38,162,162
Eritrea,ERI,2000,56.285,Africa,11.78,3.38,162,162
Eritrea,ERI,2001,58.359,Africa,2.07,3.38,162,162
Eritrea,ERI,2002,58.941,Africa,0.58,3.38,162,162
Eritrea,ERI,2003,59.455,Africa,0.51,3.38,162,162
Eritrea,ERI,2004,60.063,Africa,0.61,3.38,162,162
Eritrea,ERI,2005,60.628,Africa,0.56,3.38,162,162
Eritrea,ERI,2006,61.457,Africa,0.83,3.38,162,162
Eritrea,ERI,2007,61.998,Africa,0.54,3.38,162,162
Eritrea,ERI,2008,62.422,Africa,0.42,3.38,162,162
Eritrea,ERI,2009,63.203,Africa,0.78,3.38,162,162
Eritrea,ERI,2010,63.665,Africa,0.46,3.38,162,162
Eritrea,ERI,2011,64.231,Africa,0.57,3.38,162,162
Eritrea,ERI,2012,64.697,Africa,0.47,3.38,162,162
Eritrea,ERI,2013,65.005,Africa,0.31,3.38,162,162
Eritrea,ERI,2014,65.517,Africa,0.51,3.38,162,162
Eritrea,ERI,2015,65.909,Africa,0.39,3.38,162,162
Eritrea,ERI,2016,66.242,Africa,0.33,3.38,162,162
Eritrea,ERI,2017,66.612,Africa,0.37,3.38,162,162
Eritrea,ERI,2018,66.979,Africa,0.37,3.38,162,162
Eritrea,ERI,2019,67.306,Africa,0.33,3.38,162,162
Eritrea,ERI,2020,66.98,Africa,-0.33,3.38,162,162
Eritrea,ERI,2021,66.94,Africa,-0.04,3.38,162,162
Eritrea,ERI,2022,67.789,Africa,0.85,3.38,162,162
Eritrea,ERI,2023,68.624,Africa,0.83,3.38,162,162
Eritrea,ERI,2024,68.893,Africa,0.27,3.38,162,162
Spain,ESP,1960,69.10926829268294,Europe,,0.66,12,12
Spain,ESP,1961,69.48048780487805,Europe,0.37,0.66,12,12
Spain,ESP,1962,69.51902439024391,Europe,0.04,0.66,12,12
Spain,ESP,1963,69.68121951219513,Europe,0.16,0.66,12,12
Spain,ESP,1964,70.39975609756098,Europe,0.72,0.66,12,12
Spain,ESP,1965,70.80926829268293,Europe,0.41,0.66,12,12
Spain,ESP,1966,71.05512195121952,Europe,0.25,0.66,12,12
Spain,ESP,1967,71.25292682926829,Europe,0.2,0.66,12,12
Spain,ESP,1968,71.53780487804879,Europe,0.28,0.66,12,12
Spain,ESP,1969,71.05756097560976,Europe,-0.48,0.66,12,12
Spain,ESP,1970,72.02731707317074,Europe,0.97,0.66,12,12
Spain,ESP,1971,71.63024390243903,Europe,-0.4,0.66,12,12
Spain,ESP,1972,72.8180487804878,Europe,1.19,0.66,12,12
Spain,ESP,1973,72.61073170731709,Europe,-0.21,0.66,12,12
Spain,ESP,1974,72.96975609756099,Europe,0.36,0.66,12,12
Spain,ESP,1975,73.31878048780487,Europe,0.35,0.66,12,12
Spain,ESP,1976,73.6426829268293,Europe,0.32,0.66,12,12
Spain,ESP,1977,74.1319512195122,Europe,0.49,0.66,12,12
Spain,ESP,1978,74.29560975609756,Europe,0.16,0.66,12,12
Spain,ESP,1979,74.81878048780487,Europe,0.52,0.66,12,12
Spain,ESP,1980,75.34926829268294,Europe,0.53,0.66,12,12
Spain,ESP,1981,75.52853658536587,Europe,0.18,0.66,12,12
Spain,ESP,1982,76.13414634146342,Europe,0.61,0.66,12,12
Spain,ESP,1983,75.9090243902439,Europe,-0.23,0.66,12,12
Spain,ESP,1984,76.29536585365855,Europe,0.39,0.66,12,12
Spain,ESP,1985,76.25951219512196,Europe,-0.04,0.66,12,12
Spain,ESP,1986,76.51048780487805,Europe,0.25,0.66,12,12
Spain,ESP,1987,76.72804878048782,Europe,0.22,0.66,12,12
Spain,ESP,1988,76.74707317073171,Europe,0.02,0.66,12,12
Spain,ESP,1989,76.81365853658538,Europe,0.07,0.66,12,12
Spain,ESP,1990,76.83756097560976,Europe,0.02,0.66,12,12
Spain,ESP,1991,76.97121951219513,Europe,0.13,0.66,12,12
Spain,ESP,1992,77.41,Europe,0.44,0.66,12,12
Spain,ESP,1993,77.54658536585367,Europe,0.14,0.66,12,12
Spain,ESP,1994,77.90146341463415,Europe,0.35,0.66,12,12
Spain,ESP,1995,77.98073170731708,Europe,0.08,0.66,12,12
Spain,ESP,1996,78.12048780487805,Europe,0.14,0.66,12,12
Spain,ESP,1997,78.60414634146342,Europe,0.48,0.66,12,12
Spain,ESP,1998,78.66585365853659,Europe,0.06,0.66,12,12
Spain,ESP,1999,78.71707317073172,Europe,0.05,0.66,12,12
Spain,ESP,2000,78.96585365853659,Europe,0.25,0.66,12,12
Spain,ESP,2001,79.36829268292684,Europe,0.4,0.66,12,12
Spain,ESP,2002,79.56829268292684,Europe,0.2,0.66,12,12
Spain,ESP,2003,79.61951219512197,Europe,0.05,0.66,12,12
Spain,ESP,2004,79.87073170731709,Europe,0.25,0.66,12,12
Spain,ESP,2005,80.17073170731709,Europe,0.3,0.66,12,12
Spain,ESP,2006,80.8219512195122,Europe,0.65,0.66,12,12
Spain,ESP,2007,80.87317073170732,Europe,0.05,0.66,12,12
Spain,ESP,2008,81.17560975609757,Europe,0.3,0.66,12,12
Spain,ESP,2009,81.47560975609755,Europe,0.3,0.66,12,12
Spain,ESP,2010,81.6268292682927,Europe,0.15,0.66,12,12
Spain,ESP,2011,82.47560975609757,Europe,0.85,0.66,12,12
Spain,ESP,2012,82.4268292682927,Europe,-0.05,0.66,12,12
Spain,ESP,2013,83.07804878048782,Europe,0.65,0.66,12,12
Spain,ESP,2014,83.22926829268293,Europe,0.15,0.66,12,12
Spain,ESP,2015,82.83170731707318,Europe,-0.4,0.66,12,12
Spain,ESP,2016,83.32926829268293,Europe,0.5,0.66,12,12
Spain,ESP,2017,83.28292682926829,Europe,-0.05,0.66,12,12
Spain,ESP,2018,83.43170731707319,Europe,0.15,0.66,12,12
Spain,ESP,2019,83.83170731707318,Europe,0.4,0.66,12,12
Spain,ESP,2020,82.23170731707317,Europe,-1.6,0.66,12,12
Spain,ESP,2021,83.1780487804878,Europe,0.95,0.66,12,12
Spain,ESP,2022,83.13414634146342,Europe,-0.04,0.66,12,12
Spain,ESP,2023,83.93414634146342,Europe,0.8,0.66,12,12
Spain,ESP,2024,83.8878048780488,Europe,-0.05,0.66,12,12
Estonia,EST,1960,68.74926829268296,Europe,,2.26,56,56
Estonia,EST,1961,69.07787804878049,Europe,0.33,2.26,56,56
Estonia,EST,1962,69.29202439024391,Europe,0.21,2.26,56,56
Estonia,EST,1963,69.32156097560977,Europe,0.03,2.26,56,56
Estonia,EST,1964,70.07209756097562,Europe,0.75,2.26,56,56
Estonia,EST,1965,70.17658536585367,Europe,0.1,2.26,56,56
Estonia,EST,1966,70.14646341463416,Europe,-0.03,2.26,56,56
Estonia,EST,1967,70.43241463414635,Europe,0.29,2.26,56,56
Estonia,EST,1968,70.08078048780489,Europe,-0.35,2.26,56,56
Estonia,EST,1969,69.78946341463416,Europe,-0.29,2.26,56,56
Estonia,EST,1970,69.92421951219512,Europe,0.13,2.26,56,56
Estonia,EST,1971,70.12256097560976,Europe,0.2,2.26,56,56
Estonia,EST,1972,69.92919512195122,Europe,-0.19,2.26,56,56
Estonia,EST,1973,70.2300243902439,Europe,0.3,2.26,56,56
Estonia,EST,1974,70.34619512195123,Europe,0.12,2.26,56,56
Estonia,EST,1975,69.70812195121951,Europe,-0.64,2.26,56,56
Estonia,EST,1976,69.34507317073171,Europe,-0.36,2.26,56,56
Estonia,EST,1977,69.4489512195122,Europe,0.1,2.26,56,56
Estonia,EST,1978,69.29726829268294,Europe,-0.15,2.26,56,56
Estonia,EST,1979,69.05431707317074,Europe,-0.24,2.26,56,56
Estonia,EST,1980,69.1147804878049,Europe,0.06,2.26,56,56
Estonia,EST,1981,68.9780487804878,Europe,-0.14,2.26,56,56
Estonia,EST,1982,69.1268292682927,Europe,0.15,2.26,56,56
Estonia,EST,1983,69.37560975609756,Europe,0.25,2.26,56,56
Estonia,EST,1984,69.27804878048782,Europe,-0.1,2.26,56,56
Estonia,EST,1985,69.38048780487806,Europe,0.1,2.26,56,56
Estonia,EST,1986,70.08536585365854,Europe,0.7,2.26,56,56
Estonia,EST,1987,70.64390243902439,Europe,0.56,2.26,56,56
Estonia,EST,1988,70.69756097560976,Europe,0.05,2.26,56,56
Estonia,EST,1989,70.0390243902439,Europe,-0.66,2.26,56,56
Estonia,EST,1990,69.47560975609757,Europe,-0.56,2.26,56,56
Estonia,EST,1991,69.37317073170732,Europe,-0.1,2.26,56,56
Estonia,EST,1992,68.86341463414635,Europe,-0.51,2.26,56,56
Estonia,EST,1993,67.90975609756099,Europe,-0.95,2.26,56,56
Estonia,EST,1994,66.5,Europe,-1.41,2.26,56,56
Estonia,EST,1995,67.54390243902438,Europe,1.04,2.26,56,56
Estonia,EST,1996,69.61219512195122,Europe,2.07,2.26,56,56
Estonia,EST,1997,69.80975609756099,Europe,0.2,2.26,56,56
Estonia,EST,1998,69.35853658536585,Europe,-0.45,2.26,56,56
Estonia,EST,1999,70.06341463414634,Europe,0.7,2.26,56,56
Estonia,EST,2000,70.41707317073173,Europe,0.35,2.26,56,56
Estonia,EST,2001,70.25853658536586,Europe,-0.16,2.26,56,56
Estonia,EST,2002,70.9048780487805,Europe,0.65,2.26,56,56
Estonia,EST,2003,71.3170731707317,Europe,0.41,2.26,56,56
Estonia,EST,2004,71.90975609756097,Europe,0.59,2.26,56,56
Estonia,EST,2005,72.56829268292682,Europe,0.66,2.26,56,56
Estonia,EST,2006,72.69146341463414,Europe,0.12,2.26,56,56
Estonia,EST,2007,72.81463414634148,Europe,0.12,2.26,56,56
Estonia,EST,2008,73.77073170731708,Europe,0.96,2.26,56,56
Estonia,EST,2009,74.82439024390244,Europe,1.05,2.26,56,56
Estonia,EST,2010,75.42926829268293,Europe,0.6,2.26,56,56
Estonia,EST,2011,76.22926829268293,Europe,0.8,2.26,56,56
Estonia,EST,2012,76.3268292682927,Europe,0.1,2.26,56,56
Estonia,EST,2013,77.14146341463415,Europe,0.81,2.26,56,56
Estonia,EST,2014,77.03414634146343,Europe,-0.11,2.26,56,56
Estonia,EST,2015,77.59024390243903,Europe,0.56,2.26,56,56
Estonia,EST,2016,77.64146341463416,Europe,0.05,2.26,56,56
Estonia,EST,2017,78.09268292682927,Europe,0.45,2.26,56,56
Estonia,EST,2018,78.2439024390244,Europe,0.15,2.26,56,56
Estonia,EST,2019,78.64634146341466,Europe,0.4,2.26,56,56
Estonia,EST,2020,78.59512195121953,Europe,-0.05,2.26,56,56
Estonia,EST,2021,76.9439024390244,Europe,-1.65,2.26,56,56
Estonia,EST,2022,77.84390243902439,Europe,0.9,2.26,56,56
Estonia,EST,2023,78.79268292682927,Europe,0.95,2.26,56,56
Estonia,EST,2024,79.29512195121953,Europe,0.5,2.26,56,56
Ethiopia,ETH,1960,39.615,Africa,,4.68,170,170
Ethiopia,ETH,1961,40.198,Africa,0.58,4.68,170,170
Ethiopia,ETH,1962,40.531,Africa,0.33,4.68,170,170
Ethiopia,ETH,1963,40.967,Africa,0.44,4.68,170,170
Ethiopia,ETH,1964,41.261,Africa,0.29,4.68,170,170
Ethiopia,ETH,1965,41.413,Africa,0.15,4.68,170,170
Ethiopia,ETH,1966,39.343,Africa,-2.07,4.68,170,170
Ethiopia,ETH,1967,41.941,Africa,2.6,4.68,170,170
Ethiopia,ETH,1968,42.092,Africa,0.15,4.68,170,170
Ethiopia,ETH,1969,42.131,Africa,0.04,4.68,170,170
Ethiopia,ETH,1970,42.115,Africa,-0.02,4.68,170,170
Ethiopia,ETH,1971,42.216,Africa,0.1,4.68,170,170
Ethiopia,ETH,1972,41.035,Africa,-1.18,4.68,170,170
Ethiopia,ETH,1973,41.103,Africa,0.07,4.68,170,170
Ethiopia,ETH,1974,39.083,Africa,-2.02,4.68,170,170
Ethiopia,ETH,1975,38.941,Africa,-0.14,4.68,170,170
Ethiopia,ETH,1976,41.32,Africa,2.38,4.68,170,170
Ethiopia,ETH,1977,41.397,Africa,0.08,4.68,170,170
Ethiopia,ETH,1978,41.506,Africa,0.11,4.68,170,170
Ethiopia,ETH,1979,42.376,Africa,0.87,4.68,170,170
Ethiopia,ETH,1980,42.815,Africa,0.44,4.68,170,170
Ethiopia,ETH,1981,43.084,Africa,0.27,4.68,170,170
Ethiopia,ETH,1982,43.434,Africa,0.35,4.68,170,170
Ethiopia,ETH,1983,36.319,Africa,-7.11,4.68,170,170
Ethiopia,ETH,1984,36.737,Africa,0.42,4.68,170,170
Ethiopia,ETH,1985,37.747,Africa,1.01,4.68,170,170
Ethiopia,ETH,1986,38.371,Africa,0.62,4.68,170,170
Ethiopia,ETH,1987,45.892,Africa,7.52,4.68,170,170
Ethiopia,ETH,1988,45.682,Africa,-0.21,4.68,170,170
Ethiopia,ETH,1989,45.644,Africa,-0.04,4.68,170,170
Ethiopia,ETH,1990,45.117,Africa,-0.53,4.68,170,170
Ethiopia,ETH,1991,46.657,Africa,1.54,4.68,170,170
Ethiopia,ETH,1992,47.279,Africa,0.62,4.68,170,170
Ethiopia,ETH,1993,47.676,Africa,0.4,4.68,170,170
Ethiopia,ETH,1994,47.926,Africa,0.25,4.68,170,170
Ethiopia,ETH,1995,48.156,Africa,0.23,4.68,170,170
Ethiopia,ETH,1996,48.697,Africa,0.54,4.68,170,170
Ethiopia,ETH,1997,49.21,Africa,0.51,4.68,170,170
Ethiopia,ETH,1998,49.785,Africa,0.57,4.68,170,170
Ethiopia,ETH,1999,49.486,Africa,-0.3,4.68,170,170
Ethiopia,ETH,2000,50.88,Africa,1.39,4.68,170,170
Ethiopia,ETH,2001,51.428,Africa,0.55,4.68,170,170
Ethiopia,ETH,2002,52.085,Africa,0.66,4.68,170,170
Ethiopia,ETH,2003,52.877,Africa,0.79,4.68,170,170
Ethiopia,ETH,2004,53.735,Africa,0.86,4.68,170,170
Ethiopia,ETH,2005,54.364,Africa,0.63,4.68,170,170
Ethiopia,ETH,2006,55.402,Africa,1.04,4.68,170,170
Ethiopia,ETH,2007,56.566,Africa,1.16,4.68,170,170
Ethiopia,ETH,2008,57.733,Africa,1.17,4.68,170,170
Ethiopia,ETH,2009,58.715,Africa,0.98,4.68,170,170
Ethiopia,ETH,2010,59.709,Africa,0.99,4.68,170,170
Ethiopia,ETH,2011,60.595,Africa,0.89,4.68,170,170
Ethiopia,ETH,2012,61.443,Africa,0.85,4.68,170,170
Ethiopia,ETH,2013,62.161,Africa,0.72,4.68,170,170
Ethiopia,ETH,2014,62.927,Africa,0.77,4.68,170,170
Ethiopia,ETH,2015,63.592,Africa,0.66,4.68,170,170
Ethiopia,ETH,2016,64.162,Africa,0.57,4.68,170,170
Ethiopia,ETH,2017,64.766,Africa,0.6,4.68,170,170
Ethiopia,ETH,2018,65.257,Africa,0.49,4.68,170,170
Ethiopia,ETH,2019,65.741,Africa,0.48,4.68,170,170
Ethiopia,ETH,2020,65.969,Africa,0.23,4.68,170,170
Ethiopia,ETH,2021,65.33,Africa,-0.64,4.68,170,170
Ethiopia,ETH,2022,66.897,Africa,1.57,4.68,170,170
Ethiopia,ETH,2023,67.315,Africa,0.42,4.68,170,170
Ethiopia,ETH,2024,67.603,Africa,0.29,4.68,170,170
Finland,FIN,1960,68.81975609756098,Europe,,1.16,30,30
Finland,FIN,1961,68.84414634146341,Europe,0.02,1.16,30,30
Finland,FIN,1962,68.57780487804878,Europe,-0.27,1.16,30,30
Finland,FIN,1963,69.01268292682927,Europe,0.43,1.16,30,30
Finland,FIN,1964,69.2209756097561,Europe,0.21,1.16,30,30
Finland,FIN,1965,68.97780487804877,Europe,-0.24,1.16,30,30
Finland,FIN,1966,69.47707317073171,Europe,0.5,1.16,30,30
Finland,FIN,1967,69.66658536585368,Europe,0.19,1.16,30,30
Finland,FIN,1968,69.61634146341464,Europe,-0.05,1.16,30,30
Finland,FIN,1969,69.50341463414635,Europe,-0.11,1.16,30,30
Finland,FIN,1970,70.17951219512196,Europe,0.68,1.16,30,30
Finland,FIN,1971,70.01756097560977,Europe,-0.16,1.16,30,30
Finland,FIN,1972,70.70731707317073,Europe,0.69,1.16,30,30
Finland,FIN,1973,71.22365853658538,Europe,0.52,1.16,30,30
Finland,FIN,1974,71.1348780487805,Europe,-0.09,1.16,30,30
Finland,FIN,1975,71.67365853658538,Europe,0.54,1.16,30,30
Finland,FIN,1976,71.81292682926829,Europe,0.14,1.16,30,30
Finland,FIN,1977,72.35024390243902,Europe,0.54,1.16,30,30
Finland,FIN,1978,72.89707317073173,Europe,0.55,1.16,30,30
Finland,FIN,1979,73.15536585365855,Europe,0.26,1.16,30,30
Finland,FIN,1980,73.44,Europe,0.28,1.16,30,30
Finland,FIN,1981,73.74658536585366,Europe,0.31,1.16,30,30
Finland,FIN,1982,74.29804878048782,Europe,0.55,1.16,30,30
Finland,FIN,1983,74.2009756097561,Europe,-0.1,1.16,30,30
Finland,FIN,1984,74.51902439024391,Europe,0.32,1.16,30,30
Finland,FIN,1985,74.2229268292683,Europe,-0.3,1.16,30,30
Finland,FIN,1986,74.56000000000002,Europe,0.34,1.16,30,30
Finland,FIN,1987,74.5919512195122,Europe,0.03,1.16,30,30
Finland,FIN,1988,74.57707317073171,Europe,-0.01,1.16,30,30
Finland,FIN,1989,74.79219512195124,Europe,0.22,1.16,30,30
Finland,FIN,1990,74.81317073170732,Europe,0.02,1.16,30,30
Finland,FIN,1991,75.22756097560976,Europe,0.41,1.16,30,30
Finland,FIN,1992,75.45536585365855,Europe,0.23,1.16,30,30
Finland,FIN,1993,75.70512195121952,Europe,0.25,1.16,30,30
Finland,FIN,1994,76.39560975609756,Europe,0.69,1.16,30,30
Finland,FIN,1995,76.40951219512196,Europe,0.01,1.16,30,30
Finland,FIN,1996,76.69341463414635,Europe,0.28,1.16,30,30
Finland,FIN,1997,76.87853658536586,Europe,0.19,1.16,30,30
Finland,FIN,1998,77.09073170731708,Europe,0.21,1.16,30,30
Finland,FIN,1999,77.29121951219513,Europe,0.2,1.16,30,30
Finland,FIN,2000,77.4658536585366,Europe,0.17,1.16,30,30
Finland,FIN,2001,77.96585365853659,Europe,0.5,1.16,30,30
Finland,FIN,2002,78.11951219512196,Europe,0.15,1.16,30,30
Finland,FIN,2003,78.36829268292684,Europe,0.25,1.16,30,30
Finland,FIN,2004,78.71463414634148,Europe,0.35,1.16,30,30
Finland,FIN,2005,78.8170731707317,Europe,0.1,1.16,30,30
Finland,FIN,2006,79.21463414634147,Europe,0.4,1.16,30,30
Finland,FIN,2007,79.26341463414636,Europe,0.05,1.16,30,30
Finland,FIN,2008,79.56829268292684,Europe,0.3,1.16,30,30
Finland,FIN,2009,79.71951219512196,Europe,0.15,1.16,30,30
Finland,FIN,2010,79.87073170731709,Europe,0.15,1.16,30,30
Finland,FIN,2011,80.47073170731709,Europe,0.6,1.16,30,30
Finland,FIN,2012,80.6268292682927,Europe,0.16,1.16,30,30
Finland,FIN,2013,80.97560975609757,Europe,0.35,1.16,30,30
Finland,FIN,2014,81.18048780487807,Europe,0.2,1.16,30,30
Finland,FIN,2015,81.48048780487807,Europe,0.3,1.16,30,30
Finland,FIN,2016,81.42926829268293,Europe,-0.05,1.16,30,30
Finland,FIN,2017,81.6317073170732,Europe,0.2,1.16,30,30
Finland,FIN,2018,81.73414634146343,Europe,0.1,1.16,30,30
Finland,FIN,2019,81.9829268292683,Europe,0.25,1.16,30,30
Finland,FIN,2020,81.93170731707318,Europe,-0.05,1.16,30,30
Finland,FIN,2021,81.88536585365854,Europe,-0.05,1.16,30,30
Finland,FIN,2022,81.1878048780488,Europe,-0.7,1.16,30,30
Finland,FIN,2023,81.58536585365854,Europe,0.4,1.16,30,30
Finland,FIN,2024,82.33658536585368,Europe,0.75,1.16,30,30
Fiji,FJI,1960,58.602,Oceania,,0.88,173,173
Fiji,FJI,1961,59.102,Oceania,0.5,0.88,173,173
Fiji,FJI,1962,59.654,Oceania,0.55,0.88,173,173
Fiji,FJI,1963,60.155,Oceania,0.5,0.88,173,173
Fiji,FJI,1964,60.714,Oceania,0.56,0.88,173,173
Fiji,FJI,1965,61.413,Oceania,0.7,0.88,173,173
Fiji,FJI,1966,61.565,Oceania,0.15,0.88,173,173
Fiji,FJI,1967,61.442,Oceania,-0.12,0.88,173,173
Fiji,FJI,1968,61.719,Oceania,0.28,0.88,173,173
Fiji,FJI,1969,61.397,Oceania,-0.32,0.88,173,173
Fiji,FJI,1970,61.652,Oceania,0.26,0.88,173,173
Fiji,FJI,1971,61.74,Oceania,0.09,0.88,173,173
Fiji,FJI,1972,61.63,Oceania,-0.11,0.88,173,173
Fiji,FJI,1973,60.649,Oceania,-0.98,0.88,173,173
Fiji,FJI,1974,61.194,Oceania,0.55,0.88,173,173
Fiji,FJI,1975,61.689,Oceania,0.49,0.88,173,173
Fiji,FJI,1976,62.1,Oceania,0.41,0.88,173,173
Fiji,FJI,1977,62.691,Oceania,0.59,0.88,173,173
Fiji,FJI,1978,63.065,Oceania,0.37,0.88,173,173
Fiji,FJI,1979,62.305,Oceania,-0.76,0.88,173,173
Fiji,FJI,1980,62.406,Oceania,0.1,0.88,173,173
Fiji,FJI,1981,62.255,Oceania,-0.15,0.88,173,173
Fiji,FJI,1982,62.195,Oceania,-0.06,0.88,173,173
Fiji,FJI,1983,62.916,Oceania,0.72,0.88,173,173
Fiji,FJI,1984,63.238,Oceania,0.32,0.88,173,173
Fiji,FJI,1985,63.998,Oceania,0.76,0.88,173,173
Fiji,FJI,1986,63.961,Oceania,-0.04,0.88,173,173
Fiji,FJI,1987,64.278,Oceania,0.32,0.88,173,173
Fiji,FJI,1988,64.951,Oceania,0.67,0.88,173,173
Fiji,FJI,1989,65.386,Oceania,0.44,0.88,173,173
Fiji,FJI,1990,65.056,Oceania,-0.33,0.88,173,173
Fiji,FJI,1991,65.457,Oceania,0.4,0.88,173,173
Fiji,FJI,1992,65.407,Oceania,-0.05,0.88,173,173
Fiji,FJI,1993,65.51,Oceania,0.1,0.88,173,173
Fiji,FJI,1994,65.796,Oceania,0.29,0.88,173,173
Fiji,FJI,1995,66.007,Oceania,0.21,0.88,173,173
Fiji,FJI,1996,66.202,Oceania,0.19,0.88,173,173
Fiji,FJI,1997,66.293,Oceania,0.09,0.88,173,173
Fiji,FJI,1998,66.536,Oceania,0.24,0.88,173,173
Fiji,FJI,1999,66.728,Oceania,0.19,0.88,173,173
Fiji,FJI,2000,66.194,Oceania,-0.53,0.88,173,173
Fiji,FJI,2001,66.205,Oceania,0.01,0.88,173,173
Fiji,FJI,2002,65.492,Oceania,-0.71,0.88,173,173
Fiji,FJI,2003,65.653,Oceania,0.16,0.88,173,173
Fiji,FJI,2004,65.841,Oceania,0.19,0.88,173,173
Fiji,FJI,2005,65.983,Oceania,0.14,0.88,173,173
Fiji,FJI,2006,66.126,Oceania,0.14,0.88,173,173
Fiji,FJI,2007,66.161,Oceania,0.03,0.88,173,173
Fiji,FJI,2008,66.32,Oceania,0.16,0.88,173,173
Fiji,FJI,2009,66.347,Oceania,0.03,0.88,173,173
Fiji,FJI,2010,66.778,Oceania,0.43,0.88,173,173
Fiji,FJI,2011,66.88,Oceania,0.1,0.88,173,173
Fiji,FJI,2012,65.812,Oceania,-1.07,0.88,173,173
Fiji,FJI,2013,66.545,Oceania,0.73,0.88,173,173
Fiji,FJI,2014,66.581,Oceania,0.04,0.88,173,173
Fiji,FJI,2015,66.48,Oceania,-0.1,0.88,173,173
Fiji,FJI,2016,66.657,Oceania,0.18,0.88,173,173
Fiji,FJI,2017,67.06,Oceania,0.4,0.88,173,173
Fiji,FJI,2018,66.965,Oceania,-0.09,0.88,173,173
Fiji,FJI,2019,67.009,Oceania,0.04,0.88,173,173
Fiji,FJI,2020,66.924,Oceania,-0.08,0.88,173,173
Fiji,FJI,2021,64.904,Oceania,-2.02,0.88,173,173
Fiji,FJI,2022,67.148,Oceania,2.24,0.88,173,173
Fiji,FJI,2023,67.316,Oceania,0.17,0.88,173,173
Fiji,FJI,2024,67.463,Oceania,0.15,0.88,173,173
France,FRA,1960,69.86829268292684,Europe,,0.26,24,24
France,FRA,1961,70.11707317073171,Europe,0.25,0.26,24,24
France,FRA,1962,70.31463414634148,Europe,0.2,0.26,24,24
France,FRA,1963,70.51463414634148,Europe,0.2,0.26,24,24
France,FRA,1964,70.66341463414635,Europe,0.15,0.26,24,24
France,FRA,1965,70.81219512195123,Europe,0.15,0.26,24,24
France,FRA,1966,70.96097560975612,Europe,0.15,0.26,24,24
France,FRA,1967,71.16097560975611,Europe,0.2,0.26,24,24
France,FRA,1968,71.30975609756098,Europe,0.15,0.26,24,24
France,FRA,1969,71.45853658536586,Europe,0.15,0.26,24,24
France,FRA,1970,71.65853658536587,Europe,0.2,0.26,24,24
France,FRA,1971,71.90731707317073,Europe,0.25,0.26,24,24
France,FRA,1972,72.10731707317073,Europe,0.2,0.26,24,24
France,FRA,1973,72.35609756097561,Europe,0.25,0.26,24,24
France,FRA,1974,72.60487804878048,Europe,0.25,0.26,24,24
France,FRA,1975,72.85365853658539,Europe,0.25,0.26,24,24
France,FRA,1976,73.10243902439025,Europe,0.25,0.26,24,24
France,FRA,1977,73.35121951219513,Europe,0.25,0.26,24,24
France,FRA,1978,73.60243902439025,Europe,0.25,0.26,24,24
France,FRA,1979,73.85121951219513,Europe,0.25,0.26,24,24
France,FRA,1980,74.05121951219513,Europe,0.2,0.26,24,24
France,FRA,1981,74.30000000000001,Europe,0.25,0.26,24,24
France,FRA,1982,74.50000000000001,Europe,0.2,0.26,24,24
France,FRA,1983,74.80000000000001,Europe,0.3,0.26,24,24
France,FRA,1984,75.0,Europe,0.2,0.26,24,24
France,FRA,1985,75.30000000000001,Europe,0.3,0.26,24,24
France,FRA,1986,75.60000000000001,Europe,0.3,0.26,24,24
France,FRA,1987,75.8,Europe,0.2,0.26,24,24
France,FRA,1988,76.10000000000001,Europe,0.3,0.26,24,24
France,FRA,1989,76.34878048780487,Europe,0.25,0.26,24,24
France,FRA,1990,76.60000000000001,Europe,0.25,0.26,24,24
France,FRA,1991,76.84878048780489,Europe,0.25,0.26,24,24
France,FRA,1992,77.10000000000001,Europe,0.25,0.26,24,24
France,FRA,1993,77.30000000000001,Europe,0.2,0.26,24,24
France,FRA,1994,77.64878048780488,Europe,0.35,0.26,24,24
France,FRA,1995,77.75121951219512,Europe,0.1,0.26,24,24
France,FRA,1996,77.95365853658538,Europe,0.2,0.26,24,24
France,FRA,1997,78.3048780487805,Europe,0.35,0.26,24,24
France,FRA,1998,78.60487804878049,Europe,0.3,0.26,24,24
France,FRA,1999,78.7560975609756,Europe,0.15,0.26,24,24
France,FRA,2000,79.05609756097562,Europe,0.3,0.26,24,24
France,FRA,2001,79.15853658536587,Europe,0.1,0.26,24,24
France,FRA,2002,79.26097560975612,Europe,0.1,0.26,24,24
France,FRA,2003,79.11463414634147,Europe,-0.15,0.26,24,24
France,FRA,2004,80.16341463414635,Europe,1.05,0.26,24,24
France,FRA,2005,80.16341463414635,Europe,0.0,0.26,24,24
France,FRA,2006,80.81219512195123,Europe,0.65,0.26,24,24
France,FRA,2007,81.11219512195123,Europe,0.3,0.26,24,24
France,FRA,2008,81.21463414634148,Europe,0.1,0.26,24,24
France,FRA,2009,81.41463414634147,Europe,0.2,0.26,24,24
France,FRA,2010,81.66341463414635,Europe,0.25,0.26,24,24
France,FRA,2011,82.11463414634147,Europe,0.45,0.26,24,24
France,FRA,2012,81.96829268292684,Europe,-0.15,0.26,24,24
France,FRA,2013,82.21951219512196,Europe,0.25,0.26,24,24
France,FRA,2014,82.71951219512195,Europe,0.5,0.26,24,24
France,FRA,2015,82.3219512195122,Europe,-0.4,0.26,24,24
France,FRA,2016,82.57317073170732,Europe,0.25,0.26,24,24
France,FRA,2017,82.57560975609756,Europe,0.0,0.26,24,24
France,FRA,2018,82.67560975609757,Europe,0.1,0.26,24,24
France,FRA,2019,82.8268292682927,Europe,0.15,0.26,24,24
France,FRA,2020,82.17560975609757,Europe,-0.65,0.26,24,24
France,FRA,2021,82.32439024390244,Europe,0.15,0.26,24,24
France,FRA,2022,82.12926829268294,Europe,-0.2,0.26,24,24
France,FRA,2023,82.83170731707318,Europe,0.7,0.26,24,24
France,FRA,2024,82.98048780487807,Europe,0.15,0.26,24,24
Faroe Islands,FRO,1960,72.10792682926831,Europe,,1.49,20,20
Faroe Islands,FRO,1961,72.71212195121952,Europe,0.6,1.49,20,20
Faroe Islands,FRO,1962,73.17578048780489,Europe,0.46,1.49,20,20
Faroe Islands,FRO,1963,73.5539024390244,Europe,0.38,1.49,20,20
Faroe Islands,FRO,1964,73.8559268292683,Europe,0.3,1.49,20,20
Faroe Islands,FRO,1965,74.10646341463415,Europe,0.25,1.49,20,20
Faroe Islands,FRO,1966,74.31619512195124,Europe,0.21,1.49,20,20
Faroe Islands,FRO,1967,74.49960975609757,Europe,0.18,1.49,20,20
Faroe Islands,FRO,1968,74.69617073170734,Europe,0.2,1.49,20,20
Faroe Islands,FRO,1969,74.8429268292683,Europe,0.15,1.49,20,20
Faroe Islands,FRO,1970,74.97660975609756,Europe,0.13,1.49,20,20
Faroe Islands,FRO,1971,75.11717073170733,Europe,0.14,1.49,20,20
Faroe Islands,FRO,1972,75.21441463414635,Europe,0.1,1.49,20,20
Faroe Islands,FRO,1973,75.32724390243904,Europe,0.11,1.49,20,20
Faroe Islands,FRO,1974,75.36756097560976,Europe,0.04,1.49,20,20
Faroe Islands,FRO,1975,75.44434146341464,Europe,0.08,1.49,20,20
Faroe Islands,FRO,1976,75.51234146341464,Europe,0.07,1.49,20,20
Faroe Islands,FRO,1977,75.63351219512195,Europe,0.12,1.49,20,20
Faroe Islands,FRO,1978,75.72002439024392,Europe,0.09,1.49,20,20
Faroe Islands,FRO,1979,75.76278048780487,Europe,0.04,1.49,20,20
Faroe Islands,FRO,1980,75.84843902439026,Europe,0.09,1.49,20,20
Faroe Islands,FRO,1981,75.93685365853659,Europe,0.09,1.49,20,20
Faroe Islands,FRO,1982,76.00231707317074,Europe,0.07,1.49,20,20
Faroe Islands,FRO,1983,76.05780487804878,Europe,0.06,1.49,20,20
Faroe Islands,FRO,1984,76.12034146341463,Europe,0.06,1.49,20,20
Faroe Islands,FRO,1985,76.19817073170734,Europe,0.08,1.49,20,20
Faroe Islands,FRO,1986,75.1639024390244,Europe,-1.03,1.49,20,20
Faroe Islands,FRO,1987,75.40276829268294,Europe,0.24,1.49,20,20
Faroe Islands,FRO,1988,75.6422292682927,Europe,0.24,1.49,20,20
Faroe Islands,FRO,1989,75.8810756097561,Europe,0.24,1.49,20,20
Faroe Islands,FRO,1990,76.11880243902439,Europe,0.24,1.49,20,20
Faroe Islands,FRO,1991,76.35557317073172,Europe,0.24,1.49,20,20
Faroe Islands,FRO,1992,76.59182195121953,Europe,0.24,1.49,20,20
Faroe Islands,FRO,1993,76.82869756097561,Europe,0.24,1.49,20,20
Faroe Islands,FRO,1994,77.0694536585366,Europe,0.24,1.49,20,20
Faroe Islands,FRO,1995,77.32282439024392,Europe,0.25,1.49,20,20
Faroe Islands,FRO,1996,77.56196341463415,Europe,0.24,1.49,20,20
Faroe Islands,FRO,1997,77.78544146341463,Europe,0.22,1.49,20,20
Faroe Islands,FRO,1998,77.99799512195123,Europe,0.21,1.49,20,20
Faroe Islands,FRO,1999,78.20877317073172,Europe,0.21,1.49,20,20
Faroe Islands,FRO,2000,78.41190731707319,Europe,0.2,1.49,20,20
Faroe Islands,FRO,2001,78.60172926829269,Europe,0.19,1.49,20,20
Faroe Islands,FRO,2002,78.78765853658537,Europe,0.19,1.49,20,20
Faroe Islands,FRO,2003,78.98480731707318,Europe,0.2,1.49,20,20
Faroe Islands,FRO,2004,79.20498048780487,Europe,0.22,1.49,20,20
Faroe Islands,FRO,2005,79.44534634146342,Europe,0.24,1.49,20,20
Faroe Islands,FRO,2006,79.68986097560976,Europe,0.24,1.49,20,20
Faroe Islands,FRO,2007,79.92382439024391,Europe,0.23,1.49,20,20
Faroe Islands,FRO,2008,80.14608048780488,Europe,0.22,1.49,20,20
Faroe Islands,FRO,2009,80.36953170731708,Europe,0.22,1.49,20,20
Faroe Islands,FRO,2010,80.60495609756099,Europe,0.24,1.49,20,20
Faroe Islands,FRO,2011,80.85180975609758,Europe,0.25,1.49,20,20
Faroe Islands,FRO,2012,81.10609512195123,Europe,0.25,1.49,20,20
Faroe Islands,FRO,2013,81.35664390243903,Europe,0.25,1.49,20,20
Faroe Islands,FRO,2014,81.59120487804879,Europe,0.23,1.49,20,20
Faroe Islands,FRO,2015,81.7995975609756,Europe,0.21,1.49,20,20
Faroe Islands,FRO,2016,81.96211219512196,Europe,0.16,1.49,20,20
Faroe Islands,FRO,2017,82.10629268292683,Europe,0.14,1.49,20,20
Faroe Islands,FRO,2018,82.2486024390244,Europe,0.14,1.49,20,20
Faroe Islands,FRO,2019,82.39128292682928,Europe,0.14,1.49,20,20
Faroe Islands,FRO,2020,82.53419268292684,Europe,0.14,1.49,20,20
Faroe Islands,FRO,2021,82.67632195121953,Europe,0.14,1.49,20,20
Faroe Islands,FRO,2022,82.8162292682927,Europe,0.14,1.49,20,20
Faroe Islands,FRO,2023,82.95211951219514,Europe,0.14,1.49,20,20
Faroe Islands,FRO,2024,83.08324634146342,Europe,0.13,1.49,20,20
"Micronesia, Fed. Sts.",FSM,1960,54.195,Oceania,,2.06,174,174
"Micronesia, Fed. Sts.",FSM,1961,54.736,Oceania,0.54,2.06,174,174
"Micronesia, Fed. Sts.",FSM,1962,55.393,Oceania,0.66,2.06,174,174
"Micronesia, Fed. Sts.",FSM,1963,56.004,Oceania,0.61,2.06,174,174
"Micronesia, Fed. Sts.",FSM,1964,56.655,Oceania,0.65,2.06,174,174
"Micronesia, Fed. Sts.",FSM,1965,57.199,Oceania,0.54,2.06,174,174
"Micronesia, Fed. Sts.",FSM,1966,57.75,Oceania,0.55,2.06,174,174
"Micronesia, Fed. Sts.",FSM,1967,58.305,Oceania,0.55,2.06,174,174
"Micronesia, Fed. Sts.",FSM,1968,58.827,Oceania,0.52,2.06,174,174
"Micronesia, Fed. Sts.",FSM,1969,59.309,Oceania,0.48,2.06,174,174
"Micronesia, Fed. Sts.",FSM,1970,59.774,Oceania,0.47,2.06,174,174
"Micronesia, Fed. Sts.",FSM,1971,60.182,Oceania,0.41,2.06,174,174
"Micronesia, Fed. Sts.",FSM,1972,60.608,Oceania,0.43,2.06,174,174
"Micronesia, Fed. Sts.",FSM,1973,60.955,Oceania,0.35,2.06,174,174
"Micronesia, Fed. Sts.",FSM,1974,61.319,Oceania,0.36,2.06,174,174
"Micronesia, Fed. Sts.",FSM,1975,61.617,Oceania,0.3,2.06,174,174
"Micronesia, Fed. Sts.",FSM,1976,61.885,Oceania,0.27,2.06,174,174
"Micronesia, Fed. Sts.",FSM,1977,62.118,Oceania,0.23,2.06,174,174
"Micronesia, Fed. Sts.",FSM,1978,62.306,Oceania,0.19,2.06,174,174
"Micronesia, Fed. Sts.",FSM,1979,62.46,Oceania,0.15,2.06,174,174
"Micronesia, Fed. Sts.",FSM,1980,62.556,Oceania,0.1,2.06,174,174
"Micronesia, Fed. Sts.",FSM,1981,62.668,Oceania,0.11,2.06,174,174
"Micronesia, Fed. Sts.",FSM,1982,62.747,Oceania,0.08,2.06,174,174
"Micronesia, Fed. Sts.",FSM,1983,62.829,Oceania,0.08,2.06,174,174
"Micronesia, Fed. Sts.",FSM,1984,62.923,Oceania,0.09,2.06,174,174
"Micronesia, Fed. Sts.",FSM,1985,63.028,Oceania,0.1,2.06,174,174
"Micronesia, Fed. Sts.",FSM,1986,63.151,Oceania,0.12,2.06,174,174
"Micronesia, Fed. Sts.",FSM,1987,63.206,Oceania,0.05,2.06,174,174
"Micronesia, Fed. Sts.",FSM,1988,63.461,Oceania,0.25,2.06,174,174
"Micronesia, Fed. Sts.",FSM,1989,63.617,Oceania,0.16,2.06,174,174
"Micronesia, Fed. Sts.",FSM,1990,63.722,Oceania,0.11,2.06,174,174
"Micronesia, Fed. Sts.",FSM,1991,63.881,Oceania,0.16,2.06,174,174
"Micronesia, Fed. Sts.",FSM,1992,63.996,Oceania,0.12,2.06,174,174
"Micronesia, Fed. Sts.",FSM,1993,64.041,Oceania,0.04,2.06,174,174
"Micronesia, Fed. Sts.",FSM,1994,64.082,Oceania,0.04,2.06,174,174
"Micronesia, Fed. Sts.",FSM,1995,64.142,Oceania,0.06,2.06,174,174
"Micronesia, Fed. Sts.",FSM,1996,64.253,Oceania,0.11,2.06,174,174
"Micronesia, Fed. Sts.",FSM,1997,64.371,Oceania,0.12,2.06,174,174
"Micronesia, Fed. Sts.",FSM,1998,64.509,Oceania,0.14,2.06,174,174
"Micronesia, Fed. Sts.",FSM,1999,64.626,Oceania,0.12,2.06,174,174
"Micronesia, Fed. Sts.",FSM,2000,64.317,Oceania,-0.31,2.06,174,174
"Micronesia, Fed. Sts.",FSM,2001,64.801,Oceania,0.48,2.06,174,174
"Micronesia, Fed. Sts.",FSM,2002,63.907,Oceania,-0.89,2.06,174,174
"Micronesia, Fed. Sts.",FSM,2003,64.915,Oceania,1.01,2.06,174,174
"Micronesia, Fed. Sts.",FSM,2004,64.898,Oceania,-0.02,2.06,174,174
"Micronesia, Fed. Sts.",FSM,2005,64.906,Oceania,0.01,2.06,174,174
"Micronesia, Fed. Sts.",FSM,2006,64.859,Oceania,-0.05,2.06,174,174
"Micronesia, Fed. Sts.",FSM,2007,64.844,Oceania,-0.02,2.06,174,174
"Micronesia, Fed. Sts.",FSM,2008,64.849,Oceania,0.01,2.06,174,174
"Micronesia, Fed. Sts.",FSM,2009,64.865,Oceania,0.02,2.06,174,174
"Micronesia, Fed. Sts.",FSM,2010,64.892,Oceania,0.03,2.06,174,174
"Micronesia, Fed. Sts.",FSM,2011,64.969,Oceania,0.08,2.06,174,174
"Micronesia, Fed. Sts.",FSM,2012,65.08,Oceania,0.11,2.06,174,174
"Micronesia, Fed. Sts.",FSM,2013,65.179,Oceania,0.1,2.06,174,174
"Micronesia, Fed. Sts.",FSM,2014,65.294,Oceania,0.11,2.06,174,174
"Micronesia, Fed. Sts.",FSM,2015,65.306,Oceania,0.01,2.06,174,174
"Micronesia, Fed. Sts.",FSM,2016,65.576,Oceania,0.27,2.06,174,174
"Micronesia, Fed. Sts.",FSM,2017,65.761,Oceania,0.19,2.06,174,174
"Micronesia, Fed. Sts.",FSM,2018,65.943,Oceania,0.18,2.06,174,174
"Micronesia, Fed. Sts.",FSM,2019,66.196,Oceania,0.25,2.06,174,174
"Micronesia, Fed. Sts.",FSM,2020,65.878,Oceania,-0.32,2.06,174,174
"Micronesia, Fed. Sts.",FSM,2021,66.152,Oceania,0.27,2.06,174,174
"Micronesia, Fed. Sts.",FSM,2022,66.961,Oceania,0.81,2.06,174,174
"Micronesia, Fed. Sts.",FSM,2023,67.198,Oceania,0.24,2.06,174,174
"Micronesia, Fed. Sts.",FSM,2024,67.357,Oceania,0.16,2.06,174,174
Gabon,GAB,1960,46.443,Africa,,2.44,165,165
Gabon,GAB,1961,47.115,Africa,0.67,2.44,165,165
Gabon,GAB,1962,47.777,Africa,0.66,2.44,165,165
Gabon,GAB,1963,48.425,Africa,0.65,2.44,165,165
Gabon,GAB,1964,48.994,Africa,0.57,2.44,165,165
Gabon,GAB,1965,49.71,Africa,0.72,2.44,165,165
Gabon,GAB,1966,50.322,Africa,0.61,2.44,165,165
Gabon,GAB,1967,50.928,Africa,0.61,2.44,165,165
Gabon,GAB,1968,51.545,Africa,0.62,2.44,165,165
Gabon,GAB,1969,52.127,Africa,0.58,2.44,165,165
Gabon,GAB,1970,52.697,Africa,0.57,2.44,165,165
Gabon,GAB,1971,53.259,Africa,0.56,2.44,165,165
Gabon,GAB,1972,53.811,Africa,0.55,2.44,165,165
Gabon,GAB,1973,54.352,Africa,0.54,2.44,165,165
Gabon,GAB,1974,54.911,Africa,0.56,2.44,165,165
Gabon,GAB,1975,55.455,Africa,0.54,2.44,165,165
Gabon,GAB,1976,55.97,Africa,0.52,2.44,165,165
Gabon,GAB,1977,56.467,Africa,0.5,2.44,165,165
Gabon,GAB,1978,56.954,Africa,0.49,2.44,165,165
Gabon,GAB,1979,57.438,Africa,0.48,2.44,165,165
Gabon,GAB,1980,57.893,Africa,0.45,2.44,165,165
Gabon,GAB,1981,58.332,Africa,0.44,2.44,165,165
Gabon,GAB,1982,58.644,Africa,0.31,2.44,165,165
Gabon,GAB,1983,58.994,Africa,0.35,2.44,165,165
Gabon,GAB,1984,59.34,Africa,0.35,2.44,165,165
Gabon,GAB,1985,59.665,Africa,0.32,2.44,165,165
Gabon,GAB,1986,59.956,Africa,0.29,2.44,165,165
Gabon,GAB,1987,60.2,Africa,0.24,2.44,165,165
Gabon,GAB,1988,60.398,Africa,0.2,2.44,165,165
Gabon,GAB,1989,60.584,Africa,0.19,2.44,165,165
Gabon,GAB,1990,60.736,Africa,0.15,2.44,165,165
Gabon,GAB,1991,60.891,Africa,0.16,2.44,165,165
Gabon,GAB,1992,61.013,Africa,0.12,2.44,165,165
Gabon,GAB,1993,61.125,Africa,0.11,2.44,165,165
Gabon,GAB,1994,61.183,Africa,0.06,2.44,165,165
Gabon,GAB,1995,61.27,Africa,0.09,2.44,165,165
Gabon,GAB,1996,61.265,Africa,-0.01,2.44,165,165
Gabon,GAB,1997,61.395,Africa,0.13,2.44,165,165
Gabon,GAB,1998,61.506,Africa,0.11,2.44,165,165
Gabon,GAB,1999,61.658,Africa,0.15,2.44,165,165
Gabon,GAB,2000,61.81,Africa,0.15,2.44,165,165
Gabon,GAB,2001,61.982,Africa,0.17,2.44,165,165
Gabon,GAB,2002,62.175,Africa,0.19,2.44,165,165
Gabon,GAB,2003,62.463,Africa,0.29,2.44,165,165
Gabon,GAB,2004,62.694,Africa,0.23,2.44,165,165
Gabon,GAB,2005,62.978,Africa,0.28,2.44,165,165
Gabon,GAB,2006,63.259,Africa,0.28,2.44,165,165
Gabon,GAB,2007,63.619,Africa,0.36,2.44,165,165
Gabon,GAB,2008,64.011,Africa,0.39,2.44,165,165
Gabon,GAB,2009,64.361,Africa,0.35,2.44,165,165
Gabon,GAB,2010,64.715,Africa,0.35,2.44,165,165
Gabon,GAB,2011,65.102,Africa,0.39,2.44,165,165
Gabon,GAB,2012,65.438,Africa,0.34,2.44,165,165
Gabon,GAB,2013,65.751,Africa,0.31,2.44,165,165
Gabon,GAB,2014,66.07,Africa,0.32,2.44,165,165
Gabon,GAB,2015,66.336,Africa,0.27,2.44,165,165
Gabon,GAB,2016,66.583,Africa,0.25,2.44,165,165
Gabon,GAB,2017,66.816,Africa,0.23,2.44,165,165
Gabon,GAB,2018,67.043,Africa,0.23,2.44,165,165
Gabon,GAB,2019,67.337,Africa,0.29,2.44,165,165
Gabon,GAB,2020,67.073,Africa,-0.26,2.44,165,165
Gabon,GAB,2021,67.072,Africa,-0.0,2.44,165,165
Gabon,GAB,2022,67.713,Africa,0.64,2.44,165,165
Gabon,GAB,2023,68.337,Africa,0.62,2.44,165,165
Gabon,GAB,2024,68.511,Africa,0.17,2.44,165,165
United Kingdom,GBR,1960,71.1268292682927,Europe,,0.08,42,42
United Kingdom,GBR,1961,70.87804878048782,Europe,-0.25,0.08,42,42
United Kingdom,GBR,1962,70.92682926829269,Europe,0.05,0.08,42,42
United Kingdom,GBR,1963,70.8268292682927,Europe,-0.1,0.08,42,42
United Kingdom,GBR,1964,71.62439024390244,Europe,0.8,0.08,42,42
United Kingdom,GBR,1965,71.62439024390244,Europe,0.0,0.08,42,42
United Kingdom,GBR,1966,71.57317073170732,Europe,-0.05,0.08,42,42
United Kingdom,GBR,1967,72.12439024390244,Europe,0.55,0.08,42,42
United Kingdom,GBR,1968,71.72439024390246,Europe,-0.4,0.08,42,42
United Kingdom,GBR,1969,71.7219512195122,Europe,-0.0,0.08,42,42
United Kingdom,GBR,1970,71.97317073170733,Europe,0.25,0.08,42,42
United Kingdom,GBR,1971,72.27317073170734,Europe,0.3,0.08,42,42
United Kingdom,GBR,1972,72.12439024390244,Europe,-0.15,0.08,42,42
United Kingdom,GBR,1973,72.32439024390244,Europe,0.2,0.08,42,42
United Kingdom,GBR,1974,72.52439024390245,Europe,0.2,0.08,42,42
United Kingdom,GBR,1975,72.72439024390245,Europe,0.2,0.08,42,42
United Kingdom,GBR,1976,72.77560975609757,Europe,0.05,0.08,42,42
United Kingdom,GBR,1977,73.22439024390245,Europe,0.45,0.08,42,42
United Kingdom,GBR,1978,73.17560975609756,Europe,-0.05,0.08,42,42
United Kingdom,GBR,1979,73.27560975609757,Europe,0.1,0.08,42,42
United Kingdom,GBR,1980,73.67560975609757,Europe,0.4,0.08,42,42
United Kingdom,GBR,1981,74.02682926829269,Europe,0.35,0.08,42,42
United Kingdom,GBR,1982,74.17804878048781,Europe,0.15,0.08,42,42
United Kingdom,GBR,1983,74.37804878048782,Europe,0.2,0.08,42,42
United Kingdom,GBR,1984,74.77804878048782,Europe,0.4,0.08,42,42
United Kingdom,GBR,1985,74.62926829268294,Europe,-0.15,0.08,42,42
United Kingdom,GBR,1986,74.92926829268295,Europe,0.3,0.08,42,42
United Kingdom,GBR,1987,75.28048780487805,Europe,0.35,0.08,42,42
United Kingdom,GBR,1988,75.38048780487806,Europe,0.1,0.08,42,42
United Kingdom,GBR,1989,75.58292682926832,Europe,0.2,0.08,42,42
United Kingdom,GBR,1990,75.88048780487806,Europe,0.3,0.08,42,42
United Kingdom,GBR,1991,76.08292682926832,Europe,0.2,0.08,42,42
United Kingdom,GBR,1992,76.43414634146342,Europe,0.35,0.08,42,42
United Kingdom,GBR,1993,76.38536585365853,Europe,-0.05,0.08,42,42
United Kingdom,GBR,1994,76.88536585365854,Europe,0.5,0.08,42,42
United Kingdom,GBR,1995,76.83658536585367,Europe,-0.05,0.08,42,42
United Kingdom,GBR,1996,77.08780487804879,Europe,0.25,0.08,42,42
United Kingdom,GBR,1997,77.21097560975612,Europe,0.12,0.08,42,42
United Kingdom,GBR,1998,77.19024390243904,Europe,-0.02,0.08,42,42
United Kingdom,GBR,1999,77.39024390243904,Europe,0.2,0.08,42,42
United Kingdom,GBR,2000,77.74146341463415,Europe,0.35,0.08,42,42
United Kingdom,GBR,2001,77.99268292682927,Europe,0.25,0.08,42,42
United Kingdom,GBR,2002,78.14390243902439,Europe,0.15,0.08,42,42
United Kingdom,GBR,2003,78.44634146341464,Europe,0.3,0.08,42,42
United Kingdom,GBR,2004,78.74634146341464,Europe,0.3,0.08,42,42
United Kingdom,GBR,2005,79.04878048780489,Europe,0.3,0.08,42,42
United Kingdom,GBR,2006,79.2487804878049,Europe,0.2,0.08,42,42
United Kingdom,GBR,2007,79.44878048780488,Europe,0.2,0.08,42,42
United Kingdom,GBR,2008,79.60000000000001,Europe,0.15,0.08,42,42
United Kingdom,GBR,2009,80.05121951219512,Europe,0.45,0.08,42,42
United Kingdom,GBR,2010,80.40243902439025,Europe,0.35,0.08,42,42
United Kingdom,GBR,2011,80.95121951219512,Europe,0.55,0.08,42,42
United Kingdom,GBR,2012,80.90487804878049,Europe,-0.05,0.08,42,42
United Kingdom,GBR,2013,81.0048780487805,Europe,0.1,0.08,42,42
United Kingdom,GBR,2014,81.3048780487805,Europe,0.3,0.08,42,42
United Kingdom,GBR,2015,80.95609756097562,Europe,-0.35,0.08,42,42
United Kingdom,GBR,2016,81.15609756097562,Europe,0.2,0.08,42,42
United Kingdom,GBR,2017,81.2560975609756,Europe,0.1,0.08,42,42
United Kingdom,GBR,2018,81.2560975609756,Europe,0.0,0.08,42,42
United Kingdom,GBR,2019,81.36912195121953,Europe,0.11,0.08,42,42
United Kingdom,GBR,2020,80.33175609756098,Europe,-1.04,0.08,42,42
United Kingdom,GBR,2021,80.64731707317074,Europe,0.32,0.08,42,42
United Kingdom,GBR,2022,81.01121951219511,Europe,0.36,0.08,42,42
United Kingdom,GBR,2023,81.2380975609756,Europe,0.23,0.08,42,42
United Kingdom,GBR,2024,81.3868536585366,Europe,0.15,0.08,42,42
Georgia,GEO,1960,61.347,Asia,,1.55,111,111
Georgia,GEO,1961,61.72,Asia,0.37,1.55,111,111
Georgia,GEO,1962,62.078,Asia,0.36,1.55,111,111
Georgia,GEO,1963,62.457,Asia,0.38,1.55,111,111
Georgia,GEO,1964,62.818,Asia,0.36,1.55,111,111
Georgia,GEO,1965,63.097,Asia,0.28,1.55,111,111
Georgia,GEO,1966,63.397,Asia,0.3,1.55,111,111
Georgia,GEO,1967,63.772,Asia,0.38,1.55,111,111
Georgia,GEO,1968,64.139,Asia,0.37,1.55,111,111
Georgia,GEO,1969,64.509,Asia,0.37,1.55,111,111
Georgia,GEO,1970,64.869,Asia,0.36,1.55,111,111
Georgia,GEO,1971,65.189,Asia,0.32,1.55,111,111
Georgia,GEO,1972,65.516,Asia,0.33,1.55,111,111
Georgia,GEO,1973,65.851,Asia,0.33,1.55,111,111
Georgia,GEO,1974,66.18,Asia,0.33,1.55,111,111
Georgia,GEO,1975,66.512,Asia,0.33,1.55,111,111
Georgia,GEO,1976,66.894,Asia,0.38,1.55,111,111
Georgia,GEO,1977,67.246,Asia,0.35,1.55,111,111
Georgia,GEO,1978,67.597,Asia,0.35,1.55,111,111
Georgia,GEO,1979,67.942,Asia,0.34,1.55,111,111
Georgia,GEO,1980,68.273,Asia,0.33,1.55,111,111
Georgia,GEO,1981,68.741,Asia,0.47,1.55,111,111
Georgia,GEO,1982,69.109,Asia,0.37,1.55,111,111
Georgia,GEO,1983,69.135,Asia,0.03,1.55,111,111
Georgia,GEO,1984,68.795,Asia,-0.34,1.55,111,111
Georgia,GEO,1985,69.006,Asia,0.21,1.55,111,111
Georgia,GEO,1986,69.225,Asia,0.22,1.55,111,111
Georgia,GEO,1987,69.219,Asia,-0.01,1.55,111,111
Georgia,GEO,1988,68.825,Asia,-0.39,1.55,111,111
Georgia,GEO,1989,68.635,Asia,-0.19,1.55,111,111
Georgia,GEO,1990,68.679,Asia,0.04,1.55,111,111
Georgia,GEO,1991,68.202,Asia,-0.48,1.55,111,111
Georgia,GEO,1992,67.78,Asia,-0.42,1.55,111,111
Georgia,GEO,1993,67.405,Asia,-0.38,1.55,111,111
Georgia,GEO,1994,68.669,Asia,1.26,1.55,111,111
Georgia,GEO,1995,69.398,Asia,0.73,1.55,111,111
Georgia,GEO,1996,70.637,Asia,1.24,1.55,111,111
Georgia,GEO,1997,69.683,Asia,-0.95,1.55,111,111
Georgia,GEO,1998,69.787,Asia,0.1,1.55,111,111
Georgia,GEO,1999,70.012,Asia,0.22,1.55,111,111
Georgia,GEO,2000,70.091,Asia,0.08,1.55,111,111
Georgia,GEO,2001,70.371,Asia,0.28,1.55,111,111
Georgia,GEO,2002,70.438,Asia,0.07,1.55,111,111
Georgia,GEO,2003,71.377,Asia,0.94,1.55,111,111
Georgia,GEO,2004,71.011,Asia,-0.37,1.55,111,111
Georgia,GEO,2005,70.689,Asia,-0.32,1.55,111,111
Georgia,GEO,2006,70.983,Asia,0.29,1.55,111,111
Georgia,GEO,2007,70.985,Asia,0.0,1.55,111,111
Georgia,GEO,2008,70.949,Asia,-0.04,1.55,111,111
Georgia,GEO,2009,71.058,Asia,0.11,1.55,111,111
Georgia,GEO,2010,71.732,Asia,0.67,1.55,111,111
Georgia,GEO,2011,72.485,Asia,0.75,1.55,111,111
Georgia,GEO,2012,72.672,Asia,0.19,1.55,111,111
Georgia,GEO,2013,73.025,Asia,0.35,1.55,111,111
Georgia,GEO,2014,73.105,Asia,0.08,1.55,111,111
Georgia,GEO,2015,73.241,Asia,0.14,1.55,111,111
Georgia,GEO,2016,73.136,Asia,-0.11,1.55,111,111
Georgia,GEO,2017,73.435,Asia,0.3,1.55,111,111
Georgia,GEO,2018,73.985,Asia,0.55,1.55,111,111
Georgia,GEO,2019,74.165,Asia,0.18,1.55,111,111
Georgia,GEO,2020,73.509,Asia,-0.66,1.55,111,111
Georgia,GEO,2021,71.635,Asia,-1.87,1.55,111,111
Georgia,GEO,2022,74.141,Asia,2.51,1.55,111,111
Georgia,GEO,2023,74.496,Asia,0.35,1.55,111,111
Georgia,GEO,2024,74.657,Asia,0.16,1.55,111,111
Ghana,GHA,1960,46.942,Africa,,2.86,189,189
Ghana,GHA,1961,47.127,Africa,0.19,2.86,189,189
Ghana,GHA,1962,47.335,Africa,0.21,2.86,189,189
Ghana,GHA,1963,47.476,Africa,0.14,2.86,189,189
Ghana,GHA,1964,47.637,Africa,0.16,2.86,189,189
Ghana,GHA,1965,47.689,Africa,0.05,2.86,189,189
Ghana,GHA,1966,47.708,Africa,0.02,2.86,189,189
Ghana,GHA,1967,47.734,Africa,0.03,2.86,189,189
Ghana,GHA,1968,47.758,Africa,0.02,2.86,189,189
Ghana,GHA,1969,47.895,Africa,0.14,2.86,189,189
Ghana,GHA,1970,47.888,Africa,-0.01,2.86,189,189
Ghana,GHA,1971,47.949,Africa,0.06,2.86,189,189
Ghana,GHA,1972,48.274,Africa,0.33,2.86,189,189
Ghana,GHA,1973,48.577,Africa,0.3,2.86,189,189
Ghana,GHA,1974,48.918,Africa,0.34,2.86,189,189
Ghana,GHA,1975,49.323,Africa,0.41,2.86,189,189
Ghana,GHA,1976,49.732,Africa,0.41,2.86,189,189
Ghana,GHA,1977,50.079,Africa,0.35,2.86,189,189
Ghana,GHA,1978,50.461,Africa,0.38,2.86,189,189
Ghana,GHA,1979,50.787,Africa,0.33,2.86,189,189
Ghana,GHA,1980,51.059,Africa,0.27,2.86,189,189
Ghana,GHA,1981,51.313,Africa,0.25,2.86,189,189
Ghana,GHA,1982,51.425,Africa,0.11,2.86,189,189
Ghana,GHA,1983,51.78,Africa,0.36,2.86,189,189
Ghana,GHA,1984,52.232,Africa,0.45,2.86,189,189
Ghana,GHA,1985,52.732,Africa,0.5,2.86,189,189
Ghana,GHA,1986,53.276,Africa,0.54,2.86,189,189
Ghana,GHA,1987,53.818,Africa,0.54,2.86,189,189
Ghana,GHA,1988,54.396,Africa,0.58,2.86,189,189
Ghana,GHA,1989,54.936,Africa,0.54,2.86,189,189
Ghana,GHA,1990,55.395,Africa,0.46,2.86,189,189
Ghana,GHA,1991,55.722,Africa,0.33,2.86,189,189
Ghana,GHA,1992,56.055,Africa,0.33,2.86,189,189
Ghana,GHA,1993,56.286,Africa,0.23,2.86,189,189
Ghana,GHA,1994,56.234,Africa,-0.05,2.86,189,189
Ghana,GHA,1995,56.662,Africa,0.43,2.86,189,189
Ghana,GHA,1996,56.957,Africa,0.3,2.86,189,189
Ghana,GHA,1997,57.241,Africa,0.28,2.86,189,189
Ghana,GHA,1998,57.525,Africa,0.28,2.86,189,189
Ghana,GHA,1999,57.835,Africa,0.31,2.86,189,189
Ghana,GHA,2000,58.139,Africa,0.3,2.86,189,189
Ghana,GHA,2001,58.403,Africa,0.26,2.86,189,189
Ghana,GHA,2002,58.709,Africa,0.31,2.86,189,189
Ghana,GHA,2003,59.014,Africa,0.3,2.86,189,189
Ghana,GHA,2004,59.316,Africa,0.3,2.86,189,189
Ghana,GHA,2005,59.638,Africa,0.32,2.86,189,189
Ghana,GHA,2006,59.975,Africa,0.34,2.86,189,189
Ghana,GHA,2007,60.282,Africa,0.31,2.86,189,189
Ghana,GHA,2008,60.578,Africa,0.3,2.86,189,189
Ghana,GHA,2009,60.928,Africa,0.35,2.86,189,189
Ghana,GHA,2010,61.297,Africa,0.37,2.86,189,189
Ghana,GHA,2011,61.617,Africa,0.32,2.86,189,189
Ghana,GHA,2012,61.995,Africa,0.38,2.86,189,189
Ghana,GHA,2013,62.397,Africa,0.4,2.86,189,189
Ghana,GHA,2014,62.832,Africa,0.44,2.86,189,189
Ghana,GHA,2015,63.175,Africa,0.34,2.86,189,189
Ghana,GHA,2016,63.522,Africa,0.35,2.86,189,189
Ghana,GHA,2017,63.829,Africa,0.31,2.86,189,189
Ghana,GHA,2018,64.138,Africa,0.31,2.86,189,189
Ghana,GHA,2019,64.455,Africa,0.32,2.86,189,189
Ghana,GHA,2020,64.309,Africa,-0.15,2.86,189,189
Ghana,GHA,2021,64.286,Africa,-0.02,2.86,189,189
Ghana,GHA,2022,65.246,Africa,0.96,2.86,189,189
Ghana,GHA,2023,65.498,Africa,0.25,2.86,189,189
Ghana,GHA,2024,65.695,Africa,0.2,2.86,189,189
Gibraltar,GIB,1960,70.209,Europe,,0.99,13,13
Gibraltar,GIB,1961,70.165,Europe,-0.04,0.99,13,13
Gibraltar,GIB,1962,70.174,Europe,0.01,0.99,13,13
Gibraltar,GIB,1963,70.249,Europe,0.07,0.99,13,13
Gibraltar,GIB,1964,70.438,Europe,0.19,0.99,13,13
Gibraltar,GIB,1965,70.755,Europe,0.32,0.99,13,13
Gibraltar,GIB,1966,71.178,Europe,0.42,0.99,13,13
Gibraltar,GIB,1967,71.54,Europe,0.36,0.99,13,13
Gibraltar,GIB,1968,71.709,Europe,0.17,0.99,13,13
Gibraltar,GIB,1969,71.812,Europe,0.1,0.99,13,13
Gibraltar,GIB,1970,71.888,Europe,0.08,0.99,13,13
Gibraltar,GIB,1971,72.103,Europe,0.21,0.99,13,13
Gibraltar,GIB,1972,72.356,Europe,0.25,0.99,13,13
Gibraltar,GIB,1973,72.707,Europe,0.35,0.99,13,13
Gibraltar,GIB,1974,73.053,Europe,0.35,0.99,13,13
Gibraltar,GIB,1975,73.322,Europe,0.27,0.99,13,13
Gibraltar,GIB,1976,73.443,Europe,0.12,0.99,13,13
Gibraltar,GIB,1977,73.479,Europe,0.04,0.99,13,13
Gibraltar,GIB,1978,73.512,Europe,0.03,0.99,13,13
Gibraltar,GIB,1979,73.585,Europe,0.07,0.99,13,13
Gibraltar,GIB,1980,73.755,Europe,0.17,0.99,13,13
Gibraltar,GIB,1981,73.999,Europe,0.24,0.99,13,13
Gibraltar,GIB,1982,74.325,Europe,0.33,0.99,13,13
Gibraltar,GIB,1983,74.613,Europe,0.29,0.99,13,13
Gibraltar,GIB,1984,74.935,Europe,0.32,0.99,13,13
Gibraltar,GIB,1985,75.232,Europe,0.3,0.99,13,13
Gibraltar,GIB,1986,75.557,Europe,0.33,0.99,13,13
Gibraltar,GIB,1987,75.871,Europe,0.31,0.99,13,13
Gibraltar,GIB,1988,76.18,Europe,0.31,0.99,13,13
Gibraltar,GIB,1989,76.474,Europe,0.29,0.99,13,13
Gibraltar,GIB,1990,76.814,Europe,0.34,0.99,13,13
Gibraltar,GIB,1991,77.118,Europe,0.3,0.99,13,13
Gibraltar,GIB,1992,77.412,Europe,0.29,0.99,13,13
Gibraltar,GIB,1993,77.722,Europe,0.31,0.99,13,13
Gibraltar,GIB,1994,78.052,Europe,0.33,0.99,13,13
Gibraltar,GIB,1995,78.345,Europe,0.29,0.99,13,13
Gibraltar,GIB,1996,78.696,Europe,0.35,0.99,13,13
Gibraltar,GIB,1997,79.097,Europe,0.4,0.99,13,13
Gibraltar,GIB,1998,79.477,Europe,0.38,0.99,13,13
Gibraltar,GIB,1999,79.812,Europe,0.33,0.99,13,13
Gibraltar,GIB,2000,80.145,Europe,0.33,0.99,13,13
Gibraltar,GIB,2001,80.419,Europe,0.27,0.99,13,13
Gibraltar,GIB,2002,80.59,Europe,0.17,0.99,13,13
Gibraltar,GIB,2003,80.713,Europe,0.12,0.99,13,13
Gibraltar,GIB,2004,80.856,Europe,0.14,0.99,13,13
Gibraltar,GIB,2005,80.991,Europe,0.14,0.99,13,13
Gibraltar,GIB,2006,81.103,Europe,0.11,0.99,13,13
Gibraltar,GIB,2007,81.269,Europe,0.17,0.99,13,13
Gibraltar,GIB,2008,81.541,Europe,0.27,0.99,13,13
Gibraltar,GIB,2009,81.807,Europe,0.27,0.99,13,13
Gibraltar,GIB,2010,82.08,Europe,0.27,0.99,13,13
Gibraltar,GIB,2011,82.333,Europe,0.25,0.99,13,13
Gibraltar,GIB,2012,82.527,Europe,0.19,0.99,13,13
Gibraltar,GIB,2013,82.586,Europe,0.06,0.99,13,13
Gibraltar,GIB,2014,82.644,Europe,0.06,0.99,13,13
Gibraltar,GIB,2015,82.668,Europe,0.02,0.99,13,13
Gibraltar,GIB,2016,82.741,Europe,0.07,0.99,13,13
Gibraltar,GIB,2017,82.858,Europe,0.12,0.99,13,13
Gibraltar,GIB,2018,83.028,Europe,0.17,0.99,13,13
Gibraltar,GIB,2019,83.183,Europe,0.16,0.99,13,13
Gibraltar,GIB,2020,83.07,Europe,-0.11,0.99,13,13
Gibraltar,GIB,2021,80.274,Europe,-2.8,0.99,13,13
Gibraltar,GIB,2022,83.517,Europe,3.24,0.99,13,13
Gibraltar,GIB,2023,83.553,Europe,0.04,0.99,13,13
Gibraltar,GIB,2024,83.63,Europe,0.08,0.99,13,13
Guinea,GIN,1960,36.623,Africa,,3.32,210,210
Guinea,GIN,1961,36.816,Africa,0.19,3.32,210,210
Guinea,GIN,1962,36.997,Africa,0.18,3.32,210,210
Guinea,GIN,1963,37.196,Africa,0.2,3.32,210,210
Guinea,GIN,1964,37.415,Africa,0.22,3.32,210,210
Guinea,GIN,1965,37.653,Africa,0.24,3.32,210,210
Guinea,GIN,1966,37.959,Africa,0.31,3.32,210,210
Guinea,GIN,1967,38.224,Africa,0.26,3.32,210,210
Guinea,GIN,1968,38.501,Africa,0.28,3.32,210,210
Guinea,GIN,1969,38.824,Africa,0.32,3.32,210,210
Guinea,GIN,1970,39.06,Africa,0.24,3.32,210,210
Guinea,GIN,1971,39.372,Africa,0.31,3.32,210,210
Guinea,GIN,1972,39.683,Africa,0.31,3.32,210,210
Guinea,GIN,1973,39.937,Africa,0.25,3.32,210,210
Guinea,GIN,1974,40.229,Africa,0.29,3.32,210,210
Guinea,GIN,1975,40.606,Africa,0.38,3.32,210,210
Guinea,GIN,1976,41.028,Africa,0.42,3.32,210,210
Guinea,GIN,1977,41.409,Africa,0.38,3.32,210,210
Guinea,GIN,1978,41.882,Africa,0.47,3.32,210,210
Guinea,GIN,1979,42.343,Africa,0.46,3.32,210,210
Guinea,GIN,1980,42.842,Africa,0.5,3.32,210,210
Guinea,GIN,1981,43.33,Africa,0.49,3.32,210,210
Guinea,GIN,1982,43.863,Africa,0.53,3.32,210,210
Guinea,GIN,1983,44.226,Africa,0.36,3.32,210,210
Guinea,GIN,1984,44.858,Africa,0.63,3.32,210,210
Guinea,GIN,1985,45.31,Africa,0.45,3.32,210,210
Guinea,GIN,1986,45.719,Africa,0.41,3.32,210,210
Guinea,GIN,1987,46.107,Africa,0.39,3.32,210,210
Guinea,GIN,1988,46.478,Africa,0.37,3.32,210,210
Guinea,GIN,1989,46.86,Africa,0.38,3.32,210,210
Guinea,GIN,1990,47.252,Africa,0.39,3.32,210,210
Guinea,GIN,1991,47.781,Africa,0.53,3.32,210,210
Guinea,GIN,1992,48.266,Africa,0.48,3.32,210,210
Guinea,GIN,1993,48.819,Africa,0.55,3.32,210,210
Guinea,GIN,1994,49.188,Africa,0.37,3.32,210,210
Guinea,GIN,1995,49.836,Africa,0.65,3.32,210,210
Guinea,GIN,1996,50.546,Africa,0.71,3.32,210,210
Guinea,GIN,1997,51.113,Africa,0.57,3.32,210,210
Guinea,GIN,1998,51.61,Africa,0.5,3.32,210,210
Guinea,GIN,1999,51.987,Africa,0.38,3.32,210,210
Guinea,GIN,2000,52.42,Africa,0.43,3.32,210,210
Guinea,GIN,2001,52.669,Africa,0.25,3.32,210,210
Guinea,GIN,2002,53.2,Africa,0.53,3.32,210,210
Guinea,GIN,2003,53.589,Africa,0.39,3.32,210,210
Guinea,GIN,2004,53.975,Africa,0.39,3.32,210,210
Guinea,GIN,2005,54.422,Africa,0.45,3.32,210,210
Guinea,GIN,2006,54.875,Africa,0.45,3.32,210,210
Guinea,GIN,2007,55.233,Africa,0.36,3.32,210,210
Guinea,GIN,2008,55.703,Africa,0.47,3.32,210,210
Guinea,GIN,2009,56.052,Africa,0.35,3.32,210,210
Guinea,GIN,2010,56.431,Africa,0.38,3.32,210,210
Guinea,GIN,2011,56.778,Africa,0.35,3.32,210,210
Guinea,GIN,2012,57.117,Africa,0.34,3.32,210,210
Guinea,GIN,2013,57.459,Africa,0.34,3.32,210,210
Guinea,GIN,2014,57.581,Africa,0.12,3.32,210,210
Guinea,GIN,2015,57.899,Africa,0.32,3.32,210,210
Guinea,GIN,2016,58.49,Africa,0.59,3.32,210,210
Guinea,GIN,2017,58.715,Africa,0.23,3.32,210,210
Guinea,GIN,2018,59.043,Africa,0.33,3.32,210,210
Guinea,GIN,2019,59.379,Africa,0.34,3.32,210,210
Guinea,GIN,2020,59.35,Africa,-0.03,3.32,210,210
Guinea,GIN,2021,59.373,Africa,0.02,3.32,210,210
Guinea,GIN,2022,60.432,Africa,1.06,3.32,210,210
Guinea,GIN,2023,60.74,Africa,0.31,3.32,210,210
Guinea,GIN,2024,60.904,Africa,0.16,3.32,210,210
"Gambia, The",GMB,1960,34.574,Africa,,3.48,187,187
"Gambia, The",GMB,1961,35.063,Africa,0.49,3.48,187,187
"Gambia, The",GMB,1962,35.599,Africa,0.54,3.48,187,187
"Gambia, The",GMB,1963,36.086,Africa,0.49,3.48,187,187
"Gambia, The",GMB,1964,36.579,Africa,0.49,3.48,187,187
"Gambia, The",GMB,1965,37.12,Africa,0.54,3.48,187,187
"Gambia, The",GMB,1966,37.559,Africa,0.44,3.48,187,187
"Gambia, The",GMB,1967,38.063,Africa,0.5,3.48,187,187
"Gambia, The",GMB,1968,38.533,Africa,0.47,3.48,187,187
"Gambia, The",GMB,1969,39.004,Africa,0.47,3.48,187,187
"Gambia, The",GMB,1970,39.532,Africa,0.53,3.48,187,187
"Gambia, The",GMB,1971,40.048,Africa,0.52,3.48,187,187
"Gambia, The",GMB,1972,40.549,Africa,0.5,3.48,187,187
"Gambia, The",GMB,1973,41.088,Africa,0.54,3.48,187,187
"Gambia, The",GMB,1974,41.676,Africa,0.59,3.48,187,187
"Gambia, The",GMB,1975,42.192,Africa,0.52,3.48,187,187
"Gambia, The",GMB,1976,42.876,Africa,0.68,3.48,187,187
"Gambia, The",GMB,1977,43.366,Africa,0.49,3.48,187,187
"Gambia, The",GMB,1978,43.573,Africa,0.21,3.48,187,187
"Gambia, The",GMB,1979,44.517,Africa,0.94,3.48,187,187
"Gambia, The",GMB,1980,44.977,Africa,0.46,3.48,187,187
"Gambia, The",GMB,1981,44.489,Africa,-0.49,3.48,187,187
"Gambia, The",GMB,1982,46.25,Africa,1.76,3.48,187,187
"Gambia, The",GMB,1983,46.892,Africa,0.64,3.48,187,187
"Gambia, The",GMB,1984,47.513,Africa,0.62,3.48,187,187
"Gambia, The",GMB,1985,48.151,Africa,0.64,3.48,187,187
"Gambia, The",GMB,1986,48.798,Africa,0.65,3.48,187,187
"Gambia, The",GMB,1987,49.392,Africa,0.59,3.48,187,187
"Gambia, The",GMB,1988,50.146,Africa,0.75,3.48,187,187
"Gambia, The",GMB,1989,50.725,Africa,0.58,3.48,187,187
"Gambia, The",GMB,1990,51.278,Africa,0.55,3.48,187,187
"Gambia, The",GMB,1991,51.857,Africa,0.58,3.48,187,187
"Gambia, The",GMB,1992,52.477,Africa,0.62,3.48,187,187
"Gambia, The",GMB,1993,53.15,Africa,0.67,3.48,187,187
"Gambia, The",GMB,1994,53.768,Africa,0.62,3.48,187,187
"Gambia, The",GMB,1995,54.292,Africa,0.52,3.48,187,187
"Gambia, The",GMB,1996,54.849,Africa,0.56,3.48,187,187
"Gambia, The",GMB,1997,55.225,Africa,0.38,3.48,187,187
"Gambia, The",GMB,1998,56.007,Africa,0.78,3.48,187,187
"Gambia, The",GMB,1999,56.466,Africa,0.46,3.48,187,187
"Gambia, The",GMB,2000,56.899,Africa,0.43,3.48,187,187
"Gambia, The",GMB,2001,57.283,Africa,0.38,3.48,187,187
"Gambia, The",GMB,2002,57.736,Africa,0.45,3.48,187,187
"Gambia, The",GMB,2003,58.223,Africa,0.49,3.48,187,187
"Gambia, The",GMB,2004,58.749,Africa,0.53,3.48,187,187
"Gambia, The",GMB,2005,59.11,Africa,0.36,3.48,187,187
"Gambia, The",GMB,2006,59.667,Africa,0.56,3.48,187,187
"Gambia, The",GMB,2007,60.001,Africa,0.33,3.48,187,187
"Gambia, The",GMB,2008,60.473,Africa,0.47,3.48,187,187
"Gambia, The",GMB,2009,60.735,Africa,0.26,3.48,187,187
"Gambia, The",GMB,2010,61.167,Africa,0.43,3.48,187,187
"Gambia, The",GMB,2011,61.561,Africa,0.39,3.48,187,187
"Gambia, The",GMB,2012,61.9,Africa,0.34,3.48,187,187
"Gambia, The",GMB,2013,62.252,Africa,0.35,3.48,187,187
"Gambia, The",GMB,2014,62.576,Africa,0.32,3.48,187,187
"Gambia, The",GMB,2015,62.971,Africa,0.39,3.48,187,187
"Gambia, The",GMB,2016,63.386,Africa,0.42,3.48,187,187
"Gambia, The",GMB,2017,63.708,Africa,0.32,3.48,187,187
"Gambia, The",GMB,2018,64.034,Africa,0.33,3.48,187,187
"Gambia, The",GMB,2019,64.427,Africa,0.39,3.48,187,187
"Gambia, The",GMB,2020,64.418,Africa,-0.01,3.48,187,187
"Gambia, The",GMB,2021,63.847,Africa,-0.57,3.48,187,187
"Gambia, The",GMB,2022,64.859,Africa,1.01,3.48,187,187
"Gambia, The",GMB,2023,65.86,Africa,1.0,3.48,187,187
"Gambia, The",GMB,2024,66.057,Africa,0.2,3.48,187,187
Guinea-Bissau,GNB,1960,37.554,Africa,,4.78,193,193
Guinea-Bissau,GNB,1961,37.788,Africa,0.23,4.78,193,193
Guinea-Bissau,GNB,1962,38.032,Africa,0.24,4.78,193,193
Guinea-Bissau,GNB,1963,35.644,Africa,-2.39,4.78,193,193
Guinea-Bissau,GNB,1964,35.807,Africa,0.16,4.78,193,193
Guinea-Bissau,GNB,1965,35.92,Africa,0.11,4.78,193,193
Guinea-Bissau,GNB,1966,36.083,Africa,0.16,4.78,193,193
Guinea-Bissau,GNB,1967,36.344,Africa,0.26,4.78,193,193
Guinea-Bissau,GNB,1968,36.672,Africa,0.33,4.78,193,193
Guinea-Bissau,GNB,1969,36.959,Africa,0.29,4.78,193,193
Guinea-Bissau,GNB,1970,37.258,Africa,0.3,4.78,193,193
Guinea-Bissau,GNB,1971,37.538,Africa,0.28,4.78,193,193
Guinea-Bissau,GNB,1972,37.82,Africa,0.28,4.78,193,193
Guinea-Bissau,GNB,1973,38.17,Africa,0.35,4.78,193,193
Guinea-Bissau,GNB,1974,41.613,Africa,3.44,4.78,193,193
Guinea-Bissau,GNB,1975,41.934,Africa,0.32,4.78,193,193
Guinea-Bissau,GNB,1976,42.253,Africa,0.32,4.78,193,193
Guinea-Bissau,GNB,1977,42.578,Africa,0.33,4.78,193,193
Guinea-Bissau,GNB,1978,42.908,Africa,0.33,4.78,193,193
Guinea-Bissau,GNB,1979,43.239,Africa,0.33,4.78,193,193
Guinea-Bissau,GNB,1980,43.57,Africa,0.33,4.78,193,193
Guinea-Bissau,GNB,1981,43.926,Africa,0.36,4.78,193,193
Guinea-Bissau,GNB,1982,44.293,Africa,0.37,4.78,193,193
Guinea-Bissau,GNB,1983,44.6,Africa,0.31,4.78,193,193
Guinea-Bissau,GNB,1984,44.943,Africa,0.34,4.78,193,193
Guinea-Bissau,GNB,1985,45.266,Africa,0.32,4.78,193,193
Guinea-Bissau,GNB,1986,45.523,Africa,0.26,4.78,193,193
Guinea-Bissau,GNB,1987,45.844,Africa,0.32,4.78,193,193
Guinea-Bissau,GNB,1988,46.279,Africa,0.44,4.78,193,193
Guinea-Bissau,GNB,1989,46.614,Africa,0.33,4.78,193,193
Guinea-Bissau,GNB,1990,46.89,Africa,0.28,4.78,193,193
Guinea-Bissau,GNB,1991,47.201,Africa,0.31,4.78,193,193
Guinea-Bissau,GNB,1992,47.518,Africa,0.32,4.78,193,193
Guinea-Bissau,GNB,1993,47.84,Africa,0.32,4.78,193,193
Guinea-Bissau,GNB,1994,47.775,Africa,-0.07,4.78,193,193
Guinea-Bissau,GNB,1995,48.531,Africa,0.76,4.78,193,193
Guinea-Bissau,GNB,1996,48.772,Africa,0.24,4.78,193,193
Guinea-Bissau,GNB,1997,48.033,Africa,-0.74,4.78,193,193
Guinea-Bissau,GNB,1998,48.123,Africa,0.09,4.78,193,193
Guinea-Bissau,GNB,1999,48.492,Africa,0.37,4.78,193,193
Guinea-Bissau,GNB,2000,50.565,Africa,2.07,4.78,193,193
Guinea-Bissau,GNB,2001,51.054,Africa,0.49,4.78,193,193
Guinea-Bissau,GNB,2002,51.608,Africa,0.55,4.78,193,193
Guinea-Bissau,GNB,2003,52.186,Africa,0.58,4.78,193,193
Guinea-Bissau,GNB,2004,52.8,Africa,0.61,4.78,193,193
Guinea-Bissau,GNB,2005,52.949,Africa,0.15,4.78,193,193
Guinea-Bissau,GNB,2006,54.089,Africa,1.14,4.78,193,193
Guinea-Bissau,GNB,2007,54.87,Africa,0.78,4.78,193,193
Guinea-Bissau,GNB,2008,55.3,Africa,0.43,4.78,193,193
Guinea-Bissau,GNB,2009,56.297,Africa,1.0,4.78,193,193
Guinea-Bissau,GNB,2010,56.999,Africa,0.7,4.78,193,193
Guinea-Bissau,GNB,2011,57.663,Africa,0.66,4.78,193,193
Guinea-Bissau,GNB,2012,58.27,Africa,0.61,4.78,193,193
Guinea-Bissau,GNB,2013,58.879,Africa,0.61,4.78,193,193
Guinea-Bissau,GNB,2014,59.476,Africa,0.6,4.78,193,193
Guinea-Bissau,GNB,2015,60.071,Africa,0.59,4.78,193,193
Guinea-Bissau,GNB,2016,60.619,Africa,0.55,4.78,193,193
Guinea-Bissau,GNB,2017,61.148,Africa,0.53,4.78,193,193
Guinea-Bissau,GNB,2018,61.652,Africa,0.5,4.78,193,193
Guinea-Bissau,GNB,2019,62.161,Africa,0.51,4.78,193,193
Guinea-Bissau,GNB,2020,61.343,Africa,-0.82,4.78,193,193
Guinea-Bissau,GNB,2021,61.653,Africa,0.31,4.78,193,193
Guinea-Bissau,GNB,2022,63.605,Africa,1.95,4.78,193,193
Guinea-Bissau,GNB,2023,64.085,Africa,0.48,4.78,193,193
Guinea-Bissau,GNB,2024,64.254,Africa,0.17,4.78,193,193
Equatorial Guinea,GNQ,1960,42.742,Africa,,3.68,195,195
Equatorial Guinea,GNQ,1961,43.008,Africa,0.27,3.68,195,195
Equatorial Guinea,GNQ,1962,43.275,Africa,0.27,3.68,195,195
Equatorial Guinea,GNQ,1963,43.54,Africa,0.27,3.68,195,195
Equatorial Guinea,GNQ,1964,43.805,Africa,0.27,3.68,195,195
Equatorial Guinea,GNQ,1965,44.069,Africa,0.26,3.68,195,195
Equatorial Guinea,GNQ,1966,44.334,Africa,0.27,3.68,195,195
Equatorial Guinea,GNQ,1967,44.595,Africa,0.26,3.68,195,195
Equatorial Guinea,GNQ,1968,44.852,Africa,0.26,3.68,195,195
Equatorial Guinea,GNQ,1969,31.0,Africa,-13.85,3.68,195,195
Equatorial Guinea,GNQ,1970,31.086,Africa,0.09,3.68,195,195
Equatorial Guinea,GNQ,1971,37.229,Africa,6.14,3.68,195,195
Equatorial Guinea,GNQ,1972,44.441,Africa,7.21,3.68,195,195
Equatorial Guinea,GNQ,1973,44.658,Africa,0.22,3.68,195,195
Equatorial Guinea,GNQ,1974,41.486,Africa,-3.17,3.68,195,195
Equatorial Guinea,GNQ,1975,37.32,Africa,-4.17,3.68,195,195
Equatorial Guinea,GNQ,1976,30.537,Africa,-6.78,3.68,195,195
Equatorial Guinea,GNQ,1977,42.008,Africa,11.47,3.68,195,195
Equatorial Guinea,GNQ,1978,42.331,Africa,0.32,3.68,195,195
Equatorial Guinea,GNQ,1979,43.033,Africa,0.7,3.68,195,195
Equatorial Guinea,GNQ,1980,48.78,Africa,5.75,3.68,195,195
Equatorial Guinea,GNQ,1981,49.107,Africa,0.33,3.68,195,195
Equatorial Guinea,GNQ,1982,49.666,Africa,0.56,3.68,195,195
Equatorial Guinea,GNQ,1983,50.046,Africa,0.38,3.68,195,195
Equatorial Guinea,GNQ,1984,50.195,Africa,0.15,3.68,195,195
Equatorial Guinea,GNQ,1985,50.599,Africa,0.4,3.68,195,195
Equatorial Guinea,GNQ,1986,50.848,Africa,0.25,3.68,195,195
Equatorial Guinea,GNQ,1987,50.99,Africa,0.14,3.68,195,195
Equatorial Guinea,GNQ,1988,51.184,Africa,0.19,3.68,195,195
Equatorial Guinea,GNQ,1989,51.292,Africa,0.11,3.68,195,195
Equatorial Guinea,GNQ,1990,51.397,Africa,0.1,3.68,195,195
Equatorial Guinea,GNQ,1991,51.497,Africa,0.1,3.68,195,195
Equatorial Guinea,GNQ,1992,51.579,Africa,0.08,3.68,195,195
Equatorial Guinea,GNQ,1993,51.671,Africa,0.09,3.68,195,195
Equatorial Guinea,GNQ,1994,51.785,Africa,0.11,3.68,195,195
Equatorial Guinea,GNQ,1995,51.926,Africa,0.14,3.68,195,195
Equatorial Guinea,GNQ,1996,52.123,Africa,0.2,3.68,195,195
Equatorial Guinea,GNQ,1997,52.365,Africa,0.24,3.68,195,195
Equatorial Guinea,GNQ,1998,52.646,Africa,0.28,3.68,195,195
Equatorial Guinea,GNQ,1999,53.001,Africa,0.35,3.68,195,195
Equatorial Guinea,GNQ,2000,53.395,Africa,0.39,3.68,195,195
Equatorial Guinea,GNQ,2001,53.827,Africa,0.43,3.68,195,195
Equatorial Guinea,GNQ,2002,54.324,Africa,0.5,3.68,195,195
Equatorial Guinea,GNQ,2003,54.791,Africa,0.47,3.68,195,195
Equatorial Guinea,GNQ,2004,55.307,Africa,0.52,3.68,195,195
Equatorial Guinea,GNQ,2005,55.766,Africa,0.46,3.68,195,195
Equatorial Guinea,GNQ,2006,56.354,Africa,0.59,3.68,195,195
Equatorial Guinea,GNQ,2007,56.857,Africa,0.5,3.68,195,195
Equatorial Guinea,GNQ,2008,57.384,Africa,0.53,3.68,195,195
Equatorial Guinea,GNQ,2009,57.881,Africa,0.5,3.68,195,195
Equatorial Guinea,GNQ,2010,58.344,Africa,0.46,3.68,195,195
Equatorial Guinea,GNQ,2011,58.827,Africa,0.48,3.68,195,195
Equatorial Guinea,GNQ,2012,59.301,Africa,0.47,3.68,195,195
Equatorial Guinea,GNQ,2013,59.784,Africa,0.48,3.68,195,195
Equatorial Guinea,GNQ,2014,60.228,Africa,0.44,3.68,195,195
Equatorial Guinea,GNQ,2015,60.635,Africa,0.41,3.68,195,195
Equatorial Guinea,GNQ,2016,61.081,Africa,0.45,3.68,195,195
Equatorial Guinea,GNQ,2017,61.481,Africa,0.4,3.68,195,195
Equatorial Guinea,GNQ,2018,61.915,Africa,0.43,3.68,195,195
Equatorial Guinea,GNQ,2019,62.297,Africa,0.38,3.68,195,195
Equatorial Guinea,GNQ,2020,62.141,Africa,-0.16,3.68,195,195
Equatorial Guinea,GNQ,2021,62.447,Africa,0.31,3.68,195,195
Equatorial Guinea,GNQ,2022,63.355,Africa,0.91,3.68,195,195
Equatorial Guinea,GNQ,2023,63.707,Africa,0.35,3.68,195,195
Equatorial Guinea,GNQ,2024,63.906,Africa,0.2,3.68,195,195
Greece,GRC,1960,70.43431707317075,Europe,,0.45,39,39
Greece,GRC,1961,70.28302439024391,Europe,-0.15,0.45,39,39
Greece,GRC,1962,70.22460975609756,Europe,-0.06,0.45,39,39
Greece,GRC,1963,70.5639756097561,Europe,0.34,0.45,39,39
Greece,GRC,1964,70.45817073170733,Europe,-0.11,0.45,39,39
Greece,GRC,1965,71.39168292682929,Europe,0.93,0.45,39,39
Greece,GRC,1966,71.80051219512197,Europe,0.41,0.45,39,39
Greece,GRC,1967,71.307,Europe,-0.49,0.45,39,39
Greece,GRC,1968,71.40373170731708,Europe,0.1,0.45,39,39
Greece,GRC,1969,71.9788780487805,Europe,0.58,0.45,39,39
Greece,GRC,1970,72.68078048780488,Europe,0.7,0.45,39,39
Greece,GRC,1971,72.86717073170732,Europe,0.19,0.45,39,39
Greece,GRC,1972,72.65624390243903,Europe,-0.21,0.45,39,39
Greece,GRC,1973,72.90592682926831,Europe,0.25,0.45,39,39
Greece,GRC,1974,73.39436585365854,Europe,0.49,0.45,39,39
Greece,GRC,1975,73.40117073170732,Europe,0.01,0.45,39,39
Greece,GRC,1976,73.67912195121951,Europe,0.28,0.45,39,39
Greece,GRC,1977,73.68034146341465,Europe,0.0,0.45,39,39
Greece,GRC,1978,74.36317073170733,Europe,0.68,0.45,39,39
Greece,GRC,1979,74.59282926829269,Europe,0.23,0.45,39,39
Greece,GRC,1980,74.50656097560976,Europe,-0.09,0.45,39,39
Greece,GRC,1981,74.91568292682928,Europe,0.41,0.45,39,39
Greece,GRC,1982,75.20268292682928,Europe,0.29,0.45,39,39
Greece,GRC,1983,75.48041463414634,Europe,0.28,0.45,39,39
Greece,GRC,1984,75.75760975609757,Europe,0.28,0.45,39,39
Greece,GRC,1985,76.0950487804878,Europe,0.34,0.45,39,39
Greece,GRC,1986,76.48821951219514,Europe,0.39,0.45,39,39
Greece,GRC,1987,76.05585365853658,Europe,-0.43,0.45,39,39
Greece,GRC,1988,76.94819512195123,Europe,0.89,0.45,39,39
Greece,GRC,1989,76.6878048780488,Europe,-0.26,0.45,39,39
Greece,GRC,1990,76.93902439024392,Europe,0.25,0.45,39,39
Greece,GRC,1991,77.13658536585366,Europe,0.2,0.45,39,39
Greece,GRC,1992,77.3829268292683,Europe,0.25,0.45,39,39
Greece,GRC,1993,77.39024390243904,Europe,0.01,0.45,39,39
Greece,GRC,1994,77.63902439024392,Europe,0.25,0.45,39,39
Greece,GRC,1995,77.58536585365854,Europe,-0.05,0.45,39,39
Greece,GRC,1996,77.68536585365854,Europe,0.1,0.45,39,39
Greece,GRC,1997,78.13658536585366,Europe,0.45,0.45,39,39
Greece,GRC,1998,77.83902439024392,Europe,-0.3,0.45,39,39
Greece,GRC,1999,77.98780487804879,Europe,0.15,0.45,39,39
Greece,GRC,2000,77.8878048780488,Europe,-0.1,0.45,39,39
Greece,GRC,2001,78.38780487804878,Europe,0.5,0.45,39,39
Greece,GRC,2002,78.64146341463415,Europe,0.25,0.45,39,39
Greece,GRC,2003,78.84146341463415,Europe,0.2,0.45,39,39
Greece,GRC,2004,79.0390243902439,Europe,0.2,0.45,39,39
Greece,GRC,2005,79.23902439024391,Europe,0.2,0.45,39,39
Greece,GRC,2006,79.43902439024392,Europe,0.2,0.45,39,39
Greece,GRC,2007,79.43902439024392,Europe,0.0,0.45,39,39
Greece,GRC,2008,79.93902439024392,Europe,0.5,0.45,39,39
Greece,GRC,2009,80.18780487804878,Europe,0.25,0.45,39,39
Greece,GRC,2010,80.3878048780488,Europe,0.2,0.45,39,39
Greece,GRC,2011,80.73170731707317,Europe,0.34,0.45,39,39
Greece,GRC,2012,80.63414634146342,Europe,-0.1,0.45,39,39
Greece,GRC,2013,81.28536585365853,Europe,0.65,0.45,39,39
Greece,GRC,2014,81.38536585365853,Europe,0.1,0.45,39,39
Greece,GRC,2015,81.03658536585367,Europe,-0.35,0.45,39,39
Greece,GRC,2016,81.3878048780488,Europe,0.35,0.45,39,39
Greece,GRC,2017,81.28780487804877,Europe,-0.1,0.45,39,39
Greece,GRC,2018,81.7878048780488,Europe,0.5,0.45,39,39
Greece,GRC,2019,81.63902439024392,Europe,-0.15,0.45,39,39
Greece,GRC,2020,81.28780487804877,Europe,-0.35,0.45,39,39
Greece,GRC,2021,80.0829268292683,Europe,-1.2,0.45,39,39
Greece,GRC,2022,80.78780487804879,Europe,0.7,0.45,39,39
Greece,GRC,2023,81.73658536585367,Europe,0.95,0.45,39,39
Greece,GRC,2024,81.83902439024392,Europe,0.1,0.45,39,39
Grenada,GRD,1960,63.144,America,,0.32,104,104
Grenada,GRD,1961,63.553,America,0.41,0.32,104,104
Grenada,GRD,1962,63.752,America,0.2,0.32,104,104
Grenada,GRD,1963,63.783,America,0.03,0.32,104,104
Grenada,GRD,1964,64.199,America,0.42,0.32,104,104
Grenada,GRD,1965,64.78,America,0.58,0.32,104,104
Grenada,GRD,1966,65.649,America,0.87,0.32,104,104
Grenada,GRD,1967,66.46,America,0.81,0.32,104,104
Grenada,GRD,1968,66.912,America,0.45,0.32,104,104
Grenada,GRD,1969,66.975,America,0.06,0.32,104,104
Grenada,GRD,1970,66.856,America,-0.12,0.32,104,104
Grenada,GRD,1971,66.874,America,0.02,0.32,104,104
Grenada,GRD,1972,67.151,America,0.28,0.32,104,104
Grenada,GRD,1973,67.557,America,0.41,0.32,104,104
Grenada,GRD,1974,67.884,America,0.33,0.32,104,104
Grenada,GRD,1975,68.004,America,0.12,0.32,104,104
Grenada,GRD,1976,67.949,America,-0.06,0.32,104,104
Grenada,GRD,1977,67.869,America,-0.08,0.32,104,104
Grenada,GRD,1978,67.856,America,-0.01,0.32,104,104
Grenada,GRD,1979,67.941,America,0.09,0.32,104,104
Grenada,GRD,1980,68.117,America,0.18,0.32,104,104
Grenada,GRD,1981,68.348,America,0.23,0.32,104,104
Grenada,GRD,1982,68.597,America,0.25,0.32,104,104
Grenada,GRD,1983,64.333,America,-4.26,0.32,104,104
Grenada,GRD,1984,69.095,America,4.76,0.32,104,104
Grenada,GRD,1985,69.338,America,0.24,0.32,104,104
Grenada,GRD,1986,69.574,America,0.24,0.32,104,104
Grenada,GRD,1987,69.808,America,0.23,0.32,104,104
Grenada,GRD,1988,70.045,America,0.24,0.32,104,104
Grenada,GRD,1989,70.289,America,0.24,0.32,104,104
Grenada,GRD,1990,70.546,America,0.26,0.32,104,104
Grenada,GRD,1991,70.823,America,0.28,0.32,104,104
Grenada,GRD,1992,71.125,America,0.3,0.32,104,104
Grenada,GRD,1993,71.45,America,0.33,0.32,104,104
Grenada,GRD,1994,71.78,America,0.33,0.32,104,104
Grenada,GRD,1995,72.094,America,0.31,0.32,104,104
Grenada,GRD,1996,72.373,America,0.28,0.32,104,104
Grenada,GRD,1997,72.6,America,0.23,0.32,104,104
Grenada,GRD,1998,72.762,America,0.16,0.32,104,104
Grenada,GRD,1999,72.873,America,0.11,0.32,104,104
Grenada,GRD,2000,72.955,America,0.08,0.32,104,104
Grenada,GRD,2001,73.034,America,0.08,0.32,104,104
Grenada,GRD,2002,73.142,America,0.11,0.32,104,104
Grenada,GRD,2003,73.291,America,0.15,0.32,104,104
Grenada,GRD,2004,72.447,America,-0.84,0.32,104,104
Grenada,GRD,2005,73.7,America,1.25,0.32,104,104
Grenada,GRD,2006,73.93,America,0.23,0.32,104,104
Grenada,GRD,2007,74.159,America,0.23,0.32,104,104
Grenada,GRD,2008,74.374,America,0.21,0.32,104,104
Grenada,GRD,2009,74.567,America,0.19,0.32,104,104
Grenada,GRD,2010,74.731,America,0.16,0.32,104,104
Grenada,GRD,2011,74.861,America,0.13,0.32,104,104
Grenada,GRD,2012,74.961,America,0.1,0.32,104,104
Grenada,GRD,2013,75.022,America,0.06,0.32,104,104
Grenada,GRD,2014,75.045,America,0.02,0.32,104,104
Grenada,GRD,2015,75.037,America,-0.01,0.32,104,104
Grenada,GRD,2016,75.01,America,-0.03,0.32,104,104
Grenada,GRD,2017,74.977,America,-0.03,0.32,104,104
Grenada,GRD,2018,74.957,America,-0.02,0.32,104,104
Grenada,GRD,2019,74.971,America,0.01,0.32,104,104
Grenada,GRD,2020,75.019,America,0.05,0.32,104,104
Grenada,GRD,2021,74.522,America,-0.5,0.32,104,104
Grenada,GRD,2022,75.151,America,0.63,0.32,104,104
Grenada,GRD,2023,75.205,America,0.05,0.32,104,104
Grenada,GRD,2024,75.367,America,0.16,0.32,104,104
Greenland,GRL,1960,58.55224390243903,America,,-0.23,152,152
Greenland,GRL,1961,59.42612195121952,America,0.87,-0.23,152,152
Greenland,GRL,1962,60.02912195121952,America,0.6,-0.23,152,152
Greenland,GRL,1963,60.45353658536587,America,0.42,-0.23,152,152
Greenland,GRL,1964,60.90836585365855,America,0.45,-0.23,152,152
Greenland,GRL,1965,61.42139024390245,America,0.51,-0.23,152,152
Greenland,GRL,1966,61.801829268292686,America,0.38,-0.23,152,152
Greenland,GRL,1967,62.33634146341464,America,0.53,-0.23,152,152
Greenland,GRL,1968,62.75963414634147,America,0.42,-0.23,152,152
Greenland,GRL,1969,63.12160975609757,America,0.36,-0.23,152,152
Greenland,GRL,1970,63.11565853658537,America,-0.01,-0.23,152,152
Greenland,GRL,1971,63.0539756097561,America,-0.06,-0.23,152,152
Greenland,GRL,1972,62.79736585365854,America,-0.26,-0.23,152,152
Greenland,GRL,1973,62.44748780487805,America,-0.35,-0.23,152,152
Greenland,GRL,1974,62.02551219512196,America,-0.42,-0.23,152,152
Greenland,GRL,1975,61.83202439024391,America,-0.19,-0.23,152,152
Greenland,GRL,1976,61.80582926829269,America,-0.03,-0.23,152,152
Greenland,GRL,1977,61.8398780487805,America,0.03,-0.23,152,152
Greenland,GRL,1978,63.41463414634147,America,1.57,-0.23,152,152
Greenland,GRL,1979,63.9548780487805,America,0.54,-0.23,152,152
Greenland,GRL,1980,63.449756097560986,America,-0.51,-0.23,152,152
Greenland,GRL,1981,63.07487804878048,America,-0.37,-0.23,152,152
Greenland,GRL,1982,63.192682926829285,America,0.12,-0.23,152,152
Greenland,GRL,1983,63.3,America,0.11,-0.23,152,152
Greenland,GRL,1984,63.46658536585367,America,0.17,-0.23,152,152
Greenland,GRL,1985,63.833658536585375,America,0.37,-0.23,152,152
Greenland,GRL,1986,64.24878048780488,America,0.42,-0.23,152,152
Greenland,GRL,1987,64.65414634146342,America,0.41,-0.23,152,152
Greenland,GRL,1988,64.58243902439025,America,-0.07,-0.23,152,152
Greenland,GRL,1989,64.66756097560977,America,0.09,-0.23,152,152
Greenland,GRL,1990,65.06829268292682,America,0.4,-0.23,152,152
Greenland,GRL,1991,65.03170731707317,America,-0.04,-0.23,152,152
Greenland,GRL,1992,65.1960975609756,America,0.16,-0.23,152,152
Greenland,GRL,1993,65.58536585365853,America,0.39,-0.23,152,152
Greenland,GRL,1994,65.9009756097561,America,0.32,-0.23,152,152
Greenland,GRL,1995,65.64414634146341,America,-0.26,-0.23,152,152
Greenland,GRL,1996,65.76731707317074,America,0.12,-0.23,152,152
Greenland,GRL,1997,65.7980487804878,America,0.03,-0.23,152,152
Greenland,GRL,1998,66.15707317073172,America,0.36,-0.23,152,152
Greenland,GRL,1999,65.83365853658538,America,-0.32,-0.23,152,152
Greenland,GRL,2000,64.80341463414635,America,-1.03,-0.23,152,152
Greenland,GRL,2001,65.0058536585366,America,0.2,-0.23,152,152
Greenland,GRL,2002,65.41951219512197,America,0.41,-0.23,152,152
Greenland,GRL,2003,66.1229268292683,America,0.7,-0.23,152,152
Greenland,GRL,2004,66.80804878048781,America,0.69,-0.23,152,152
Greenland,GRL,2005,67.30512195121952,America,0.5,-0.23,152,152
Greenland,GRL,2006,67.8180487804878,America,0.51,-0.23,152,152
Greenland,GRL,2007,68.2739024390244,America,0.46,-0.23,152,152
Greenland,GRL,2008,68.5660975609756,America,0.29,-0.23,152,152
Greenland,GRL,2009,69.03219512195122,America,0.47,-0.23,152,152
Greenland,GRL,2010,69.34975609756098,America,0.32,-0.23,152,152
Greenland,GRL,2011,69.61463414634147,America,0.26,-0.23,152,152
Greenland,GRL,2012,69.95951219512196,America,0.34,-0.23,152,152
Greenland,GRL,2013,70.29170731707318,America,0.33,-0.23,152,152
Greenland,GRL,2014,70.50829268292684,America,0.22,-0.23,152,152
Greenland,GRL,2015,70.90975609756099,America,0.4,-0.23,152,152
Greenland,GRL,2016,71.19902439024392,America,0.29,-0.23,152,152
Greenland,GRL,2017,71.25634146341464,America,0.06,-0.23,152,152
Greenland,GRL,2018,71.36097560975611,America,0.1,-0.23,152,152
Greenland,GRL,2019,71.40926829268294,America,0.05,-0.23,152,152
Greenland,GRL,2020,71.2858536585366,America,-0.12,-0.23,152,152
Greenland,GRL,2021,71.26146341463416,America,-0.02,-0.23,152,152
Greenland,GRL,2022,71.23024390243903,America,-0.03,-0.23,152,152
Greenland,GRL,2023,70.97243902439024,America,-0.26,-0.23,152,152
Greenland,GRL,2024,70.27341463414635,America,-0.7,-0.23,152,152
Guatemala,GTM,1960,45.76,America,,1.8,128,128
Guatemala,GTM,1961,46.12,America,0.36,1.8,128,128
Guatemala,GTM,1962,46.492,America,0.37,1.8,128,128
Guatemala,GTM,1963,46.622,America,0.13,1.8,128,128
Guatemala,GTM,1964,47.055,America,0.43,1.8,128,128
Guatemala,GTM,1965,47.185,America,0.13,1.8,128,128
Guatemala,GTM,1966,47.511,America,0.33,1.8,128,128
Guatemala,GTM,1967,47.727,America,0.22,1.8,128,128
Guatemala,GTM,1968,47.758,America,0.03,1.8,128,128
Guatemala,GTM,1969,47.521,America,-0.24,1.8,128,128
Guatemala,GTM,1970,48.507,America,0.99,1.8,128,128
Guatemala,GTM,1971,50.276,America,1.77,1.8,128,128
Guatemala,GTM,1972,51.817,America,1.54,1.8,128,128
Guatemala,GTM,1973,52.848,America,1.03,1.8,128,128
Guatemala,GTM,1974,53.023,America,0.18,1.8,128,128
Guatemala,GTM,1975,52.832,America,-0.19,1.8,128,128
Guatemala,GTM,1976,47.617,America,-5.22,1.8,128,128
Guatemala,GTM,1977,55.184,America,7.57,1.8,128,128
Guatemala,GTM,1978,56.412,America,1.23,1.8,128,128
Guatemala,GTM,1979,56.6,America,0.19,1.8,128,128
Guatemala,GTM,1980,55.297,America,-1.3,1.8,128,128
Guatemala,GTM,1981,54.709,America,-0.59,1.8,128,128
Guatemala,GTM,1982,48.863,America,-5.85,1.8,128,128
Guatemala,GTM,1983,57.913,America,9.05,1.8,128,128
Guatemala,GTM,1984,59.074,America,1.16,1.8,128,128
Guatemala,GTM,1985,59.788,America,0.71,1.8,128,128
Guatemala,GTM,1986,60.341,America,0.55,1.8,128,128
Guatemala,GTM,1987,60.991,America,0.65,1.8,128,128
Guatemala,GTM,1988,61.538,America,0.55,1.8,128,128
Guatemala,GTM,1989,61.745,America,0.21,1.8,128,128
Guatemala,GTM,1990,61.767,America,0.02,1.8,128,128
Guatemala,GTM,1991,61.926,America,0.16,1.8,128,128
Guatemala,GTM,1992,61.992,America,0.07,1.8,128,128
Guatemala,GTM,1993,62.442,America,0.45,1.8,128,128
Guatemala,GTM,1994,63.026,America,0.58,1.8,128,128
Guatemala,GTM,1995,63.662,America,0.64,1.8,128,128
Guatemala,GTM,1996,64.54,America,0.88,1.8,128,128
Guatemala,GTM,1997,65.249,America,0.71,1.8,128,128
Guatemala,GTM,1998,65.969,America,0.72,1.8,128,128
Guatemala,GTM,1999,66.634,America,0.67,1.8,128,128
Guatemala,GTM,2000,67.102,America,0.47,1.8,128,128
Guatemala,GTM,2001,67.436,America,0.33,1.8,128,128
Guatemala,GTM,2002,67.835,America,0.4,1.8,128,128
Guatemala,GTM,2003,68.204,America,0.37,1.8,128,128
Guatemala,GTM,2004,68.245,America,0.04,1.8,128,128
Guatemala,GTM,2005,68.167,America,-0.08,1.8,128,128
Guatemala,GTM,2006,68.79,America,0.62,1.8,128,128
Guatemala,GTM,2007,69.299,America,0.51,1.8,128,128
Guatemala,GTM,2008,69.493,America,0.19,1.8,128,128
Guatemala,GTM,2009,69.676,America,0.18,1.8,128,128
Guatemala,GTM,2010,69.885,America,0.21,1.8,128,128
Guatemala,GTM,2011,70.321,America,0.44,1.8,128,128
Guatemala,GTM,2012,70.722,America,0.4,1.8,128,128
Guatemala,GTM,2013,70.878,America,0.16,1.8,128,128
Guatemala,GTM,2014,70.942,America,0.06,1.8,128,128
Guatemala,GTM,2015,70.915,America,-0.03,1.8,128,128
Guatemala,GTM,2016,71.215,America,0.3,1.8,128,128
Guatemala,GTM,2017,71.583,America,0.37,1.8,128,128
Guatemala,GTM,2018,71.496,America,-0.09,1.8,128,128
Guatemala,GTM,2019,71.639,America,0.14,1.8,128,128
Guatemala,GTM,2020,69.971,America,-1.67,1.8,128,128
Guatemala,GTM,2021,67.858,America,-2.11,1.8,128,128
Guatemala,GTM,2022,71.206,America,3.35,1.8,128,128
Guatemala,GTM,2023,72.602,America,1.4,1.8,128,128
Guatemala,GTM,2024,72.746,America,0.14,1.8,128,128
Guam,GUM,1960,62.882,Oceania,,1.0,82,82
Guam,GUM,1961,63.226,Oceania,0.34,1.0,82,82
Guam,GUM,1962,63.349,Oceania,0.12,1.0,82,82
Guam,GUM,1963,63.833,Oceania,0.48,1.0,82,82
Guam,GUM,1964,64.104,Oceania,0.27,1.0,82,82
Guam,GUM,1965,64.367,Oceania,0.26,1.0,82,82
Guam,GUM,1966,64.639,Oceania,0.27,1.0,82,82
Guam,GUM,1967,64.916,Oceania,0.28,1.0,82,82
Guam,GUM,1968,65.201,Oceania,0.28,1.0,82,82
Guam,GUM,1969,65.499,Oceania,0.3,1.0,82,82
Guam,GUM,1970,65.811,Oceania,0.31,1.0,82,82
Guam,GUM,1971,66.064,Oceania,0.25,1.0,82,82
Guam,GUM,1972,66.469,Oceania,0.41,1.0,82,82
Guam,GUM,1973,66.93,Oceania,0.46,1.0,82,82
Guam,GUM,1974,67.532,Oceania,0.6,1.0,82,82
Guam,GUM,1975,68.011,Oceania,0.48,1.0,82,82
Guam,GUM,1976,68.275,Oceania,0.26,1.0,82,82
Guam,GUM,1977,69.024,Oceania,0.75,1.0,82,82
Guam,GUM,1978,69.57,Oceania,0.55,1.0,82,82
Guam,GUM,1979,70.116,Oceania,0.55,1.0,82,82
Guam,GUM,1980,70.674,Oceania,0.56,1.0,82,82
Guam,GUM,1981,71.18,Oceania,0.51,1.0,82,82
Guam,GUM,1982,71.681,Oceania,0.5,1.0,82,82
Guam,GUM,1983,72.141,Oceania,0.46,1.0,82,82
Guam,GUM,1984,72.589,Oceania,0.45,1.0,82,82
Guam,GUM,1985,73.07,Oceania,0.48,1.0,82,82
Guam,GUM,1986,73.324,Oceania,0.25,1.0,82,82
Guam,GUM,1987,73.468,Oceania,0.14,1.0,82,82
Guam,GUM,1988,73.429,Oceania,-0.04,1.0,82,82
Guam,GUM,1989,73.503,Oceania,0.07,1.0,82,82
Guam,GUM,1990,73.455,Oceania,-0.05,1.0,82,82
Guam,GUM,1991,73.518,Oceania,0.06,1.0,82,82
Guam,GUM,1992,73.632,Oceania,0.11,1.0,82,82
Guam,GUM,1993,74.004,Oceania,0.37,1.0,82,82
Guam,GUM,1994,74.344,Oceania,0.34,1.0,82,82
Guam,GUM,1995,74.511,Oceania,0.17,1.0,82,82
Guam,GUM,1996,74.638,Oceania,0.13,1.0,82,82
Guam,GUM,1997,74.7,Oceania,0.06,1.0,82,82
Guam,GUM,1998,74.753,Oceania,0.05,1.0,82,82
Guam,GUM,1999,74.789,Oceania,0.04,1.0,82,82
Guam,GUM,2000,74.894,Oceania,0.11,1.0,82,82
Guam,GUM,2001,75.195,Oceania,0.3,1.0,82,82
Guam,GUM,2002,75.506,Oceania,0.31,1.0,82,82
Guam,GUM,2003,75.885,Oceania,0.38,1.0,82,82
Guam,GUM,2004,76.114,Oceania,0.23,1.0,82,82
Guam,GUM,2005,76.427,Oceania,0.31,1.0,82,82
Guam,GUM,2006,76.477,Oceania,0.05,1.0,82,82
Guam,GUM,2007,76.397,Oceania,-0.08,1.0,82,82
Guam,GUM,2008,76.233,Oceania,-0.16,1.0,82,82
Guam,GUM,2009,76.141,Oceania,-0.09,1.0,82,82
Guam,GUM,2010,76.095,Oceania,-0.05,1.0,82,82
Guam,GUM,2011,76.153,Oceania,0.06,1.0,82,82
Guam,GUM,2012,76.237,Oceania,0.08,1.0,82,82
Guam,GUM,2013,76.361,Oceania,0.12,1.0,82,82
Guam,GUM,2014,76.423,Oceania,0.06,1.0,82,82
Guam,GUM,2015,76.444,Oceania,0.02,1.0,82,82
Guam,GUM,2016,76.449,Oceania,0.0,1.0,82,82
Guam,GUM,2017,76.463,Oceania,0.01,1.0,82,82
Guam,GUM,2018,76.561,Oceania,0.1,1.0,82,82
Guam,GUM,2019,76.645,Oceania,0.08,1.0,82,82
Guam,GUM,2020,75.529,Oceania,-1.12,1.0,82,82
Guam,GUM,2021,75.434,Oceania,-0.09,1.0,82,82
Guam,GUM,2022,77.102,Oceania,1.67,1.0,82,82
Guam,GUM,2023,77.209,Oceania,0.11,1.0,82,82
Guam,GUM,2024,77.422,Oceania,0.21,1.0,82,82
Guyana,GUY,1960,57.51,America,,2.98,151,151
Guyana,GUY,1961,57.912,America,0.4,2.98,151,151
Guyana,GUY,1962,58.303,America,0.39,2.98,151,151
Guyana,GUY,1963,58.644,America,0.34,2.98,151,151
Guyana,GUY,1964,58.958,America,0.31,2.98,151,151
Guyana,GUY,1965,59.137,America,0.18,2.98,151,151
Guyana,GUY,1966,59.329,America,0.19,2.98,151,151
Guyana,GUY,1967,59.53,America,0.2,2.98,151,151
Guyana,GUY,1968,59.69,America,0.16,2.98,151,151
Guyana,GUY,1969,59.835,America,0.15,2.98,151,151
Guyana,GUY,1970,59.961,America,0.13,2.98,151,151
Guyana,GUY,1971,60.068,America,0.11,2.98,151,151
Guyana,GUY,1972,60.133,America,0.07,2.98,151,151
Guyana,GUY,1973,60.211,America,0.08,2.98,151,151
Guyana,GUY,1974,60.305,America,0.09,2.98,151,151
Guyana,GUY,1975,60.375,America,0.07,2.98,151,151
Guyana,GUY,1976,60.449,America,0.07,2.98,151,151
Guyana,GUY,1977,60.558,America,0.11,2.98,151,151
Guyana,GUY,1978,60.646,America,0.09,2.98,151,151
Guyana,GUY,1979,60.735,America,0.09,2.98,151,151
Guyana,GUY,1980,60.808,America,0.07,2.98,151,151
Guyana,GUY,1981,60.91,America,0.1,2.98,151,151
Guyana,GUY,1982,61.01,America,0.1,2.98,151,151
Guyana,GUY,1983,61.157,America,0.15,2.98,151,151
Guyana,GUY,1984,61.255,America,0.1,2.98,151,151
Guyana,GUY,1985,61.379,America,0.12,2.98,151,151
Guyana,GUY,1986,61.521,America,0.14,2.98,151,151
Guyana,GUY,1987,61.698,America,0.18,2.98,151,151
Guyana,GUY,1988,61.849,America,0.15,2.98,151,151
Guyana,GUY,1989,62.054,America,0.21,2.98,151,151
Guyana,GUY,1990,62.254,America,0.2,2.98,151,151
Guyana,GUY,1991,62.463,America,0.21,2.98,151,151
Guyana,GUY,1992,62.816,America,0.35,2.98,151,151
Guyana,GUY,1993,63.016,America,0.2,2.98,151,151
Guyana,GUY,1994,63.007,America,-0.01,2.98,151,151
Guyana,GUY,1995,62.668,America,-0.34,2.98,151,151
Guyana,GUY,1996,62.691,America,0.02,2.98,151,151
Guyana,GUY,1997,62.879,America,0.19,2.98,151,151
Guyana,GUY,1998,63.429,America,0.55,2.98,151,151
Guyana,GUY,1999,63.772,America,0.34,2.98,151,151
Guyana,GUY,2000,64.075,America,0.3,2.98,151,151
Guyana,GUY,2001,64.38,America,0.3,2.98,151,151
Guyana,GUY,2002,64.183,America,-0.2,2.98,151,151
Guyana,GUY,2003,64.117,America,-0.07,2.98,151,151
Guyana,GUY,2004,64.214,America,0.1,2.98,151,151
Guyana,GUY,2005,64.392,America,0.18,2.98,151,151
Guyana,GUY,2006,64.848,America,0.46,2.98,151,151
Guyana,GUY,2007,65.462,America,0.61,2.98,151,151
Guyana,GUY,2008,65.721,America,0.26,2.98,151,151
Guyana,GUY,2009,66.03,America,0.31,2.98,151,151
Guyana,GUY,2010,66.204,America,0.17,2.98,151,151
Guyana,GUY,2011,66.469,America,0.27,2.98,151,151
Guyana,GUY,2012,66.443,America,-0.03,2.98,151,151
Guyana,GUY,2013,66.71,America,0.27,2.98,151,151
Guyana,GUY,2014,67.334,America,0.62,2.98,151,151
Guyana,GUY,2015,67.719,America,0.38,2.98,151,151
Guyana,GUY,2016,68.069,America,0.35,2.98,151,151
Guyana,GUY,2017,68.543,America,0.47,2.98,151,151
Guyana,GUY,2018,68.829,America,0.29,2.98,151,151
Guyana,GUY,2019,69.067,America,0.24,2.98,151,151
Guyana,GUY,2020,67.751,America,-1.32,2.98,151,151
Guyana,GUY,2021,64.323,America,-3.43,2.98,151,151
Guyana,GUY,2022,69.888,America,5.57,2.98,151,151
Guyana,GUY,2023,70.18,America,0.29,2.98,151,151
Guyana,GUY,2024,70.319,America,0.14,2.98,151,151
"Hong Kong SAR, China",HKG,1960,65.69712195121951,Asia,,1.46,3,3
"Hong Kong SAR, China",HKG,1961,66.44165853658536,Asia,0.74,1.46,3,3
"Hong Kong SAR, China",HKG,1962,66.91046341463415,Asia,0.47,1.46,3,3
"Hong Kong SAR, China",HKG,1963,67.64517073170732,Asia,0.73,1.46,3,3
"Hong Kong SAR, China",HKG,1964,68.21909756097563,Asia,0.57,1.46,3,3
"Hong Kong SAR, China",HKG,1965,68.86680487804878,Asia,0.65,1.46,3,3
"Hong Kong SAR, China",HKG,1966,69.2658536585366,Asia,0.4,1.46,3,3
"Hong Kong SAR, China",HKG,1967,69.82785365853658,Asia,0.56,1.46,3,3
"Hong Kong SAR, China",HKG,1968,70.21702439024392,Asia,0.39,1.46,3,3
"Hong Kong SAR, China",HKG,1969,70.62717073170734,Asia,0.41,1.46,3,3
"Hong Kong SAR, China",HKG,1970,70.93468292682927,Asia,0.31,1.46,3,3
"Hong Kong SAR, China",HKG,1971,71.4680487804878,Asia,0.53,1.46,3,3
"Hong Kong SAR, China",HKG,1972,71.45097560975611,Asia,-0.02,1.46,3,3
"Hong Kong SAR, China",HKG,1973,72.09024390243903,Asia,0.64,1.46,3,3
"Hong Kong SAR, China",HKG,1974,72.59780487804879,Asia,0.51,1.46,3,3
"Hong Kong SAR, China",HKG,1975,73.36219512195122,Asia,0.76,1.46,3,3
"Hong Kong SAR, China",HKG,1976,72.78902439024391,Asia,-0.57,1.46,3,3
"Hong Kong SAR, China",HKG,1977,73.34926829268292,Asia,0.56,1.46,3,3
"Hong Kong SAR, China",HKG,1978,73.54073170731708,Asia,0.19,1.46,3,3
"Hong Kong SAR, China",HKG,1979,73.66317073170732,Asia,0.12,1.46,3,3
"Hong Kong SAR, China",HKG,1980,74.65341463414636,Asia,0.99,1.46,3,3
"Hong Kong SAR, China",HKG,1981,75.34902439024391,Asia,0.7,1.46,3,3
"Hong Kong SAR, China",HKG,1982,75.43853658536587,Asia,0.09,1.46,3,3
"Hong Kong SAR, China",HKG,1983,75.28634146341463,Asia,-0.15,1.46,3,3
"Hong Kong SAR, China",HKG,1984,76.00951219512196,Asia,0.72,1.46,3,3
"Hong Kong SAR, China",HKG,1985,76.42926829268293,Asia,0.42,1.46,3,3
"Hong Kong SAR, China",HKG,1986,76.68439024390244,Asia,0.26,1.46,3,3
"Hong Kong SAR, China",HKG,1987,76.89780487804877,Asia,0.21,1.46,3,3
"Hong Kong SAR, China",HKG,1988,77.08341463414635,Asia,0.19,1.46,3,3
"Hong Kong SAR, China",HKG,1989,77.02878048780488,Asia,-0.05,1.46,3,3
"Hong Kong SAR, China",HKG,1990,77.37073170731709,Asia,0.34,1.46,3,3
"Hong Kong SAR, China",HKG,1991,77.8729268292683,Asia,0.5,1.46,3,3
"Hong Kong SAR, China",HKG,1992,77.67341463414635,Asia,-0.2,1.46,3,3
"Hong Kong SAR, China",HKG,1993,78.01609756097561,Asia,0.34,1.46,3,3
"Hong Kong SAR, China",HKG,1994,78.54365853658537,Asia,0.53,1.46,3,3
"Hong Kong SAR, China",HKG,1995,78.67878048780487,Asia,0.14,1.46,3,3
"Hong Kong SAR, China",HKG,1996,79.62756097560977,Asia,0.95,1.46,3,3
"Hong Kong SAR, China",HKG,1997,80.11219512195123,Asia,0.48,1.46,3,3
"Hong Kong SAR, China",HKG,1998,80.10682926829269,Asia,-0.01,1.46,3,3
"Hong Kong SAR, China",HKG,1999,80.37268292682928,Asia,0.27,1.46,3,3
"Hong Kong SAR, China",HKG,2000,80.87317073170733,Asia,0.5,1.46,3,3
"Hong Kong SAR, China",HKG,2001,81.41926829268293,Asia,0.55,1.46,3,3
"Hong Kong SAR, China",HKG,2002,81.45219512195125,Asia,0.03,1.46,3,3
"Hong Kong SAR, China",HKG,2003,81.34341463414636,Asia,-0.11,1.46,3,3
"Hong Kong SAR, China",HKG,2004,81.79926829268294,Asia,0.46,1.46,3,3
"Hong Kong SAR, China",HKG,2005,81.6090243902439,Asia,-0.19,1.46,3,3
"Hong Kong SAR, China",HKG,2006,82.3848780487805,Asia,0.78,1.46,3,3
"Hong Kong SAR, China",HKG,2007,82.36682926829269,Asia,-0.02,1.46,3,3
"Hong Kong SAR, China",HKG,2008,82.34048780487805,Asia,-0.03,1.46,3,3
"Hong Kong SAR, China",HKG,2009,82.77512195121953,Asia,0.43,1.46,3,3
"Hong Kong SAR, China",HKG,2010,82.95756097560975,Asia,0.18,1.46,3,3
"Hong Kong SAR, China",HKG,2011,83.4119512195122,Asia,0.45,1.46,3,3
"Hong Kong SAR, China",HKG,2012,83.45024390243903,Asia,0.04,1.46,3,3
"Hong Kong SAR, China",HKG,2013,83.83121951219512,Asia,0.38,1.46,3,3
"Hong Kong SAR, China",HKG,2014,83.93560975609756,Asia,0.1,1.46,3,3
"Hong Kong SAR, China",HKG,2015,84.25268292682928,Asia,0.32,1.46,3,3
"Hong Kong SAR, China",HKG,2016,84.21146341463415,Asia,-0.04,1.46,3,3
"Hong Kong SAR, China",HKG,2017,84.69560975609757,Asia,0.48,1.46,3,3
"Hong Kong SAR, China",HKG,2018,84.86975609756098,Asia,0.17,1.46,3,3
"Hong Kong SAR, China",HKG,2019,85.1558536585366,Asia,0.29,1.46,3,3
"Hong Kong SAR, China",HKG,2020,85.49634146341464,Asia,0.34,1.46,3,3
"Hong Kong SAR, China",HKG,2021,85.53268292682927,Asia,0.04,1.46,3,3
"Hong Kong SAR, China",HKG,2022,83.66097560975611,Asia,-1.87,1.46,3,3
"Hong Kong SAR, China",HKG,2023,85.24731707317075,Asia,1.59,1.46,3,3
"Hong Kong SAR, China",HKG,2024,85.39268292682928,Asia,0.15,1.46,3,3
Honduras,HND,1960,47.149,America,,2.01,125,125
Honduras,HND,1961,47.71,America,0.56,2.01,125,125
Honduras,HND,1962,48.647,America,0.94,2.01,125,125
Honduras,HND,1963,49.385,America,0.74,2.01,125,125
Honduras,HND,1964,50.197,America,0.81,2.01,125,125
Honduras,HND,1965,50.863,America,0.67,2.01,125,125
Honduras,HND,1966,51.588,America,0.73,2.01,125,125
Honduras,HND,1967,52.331,America,0.74,2.01,125,125
Honduras,HND,1968,53.041,America,0.71,2.01,125,125
Honduras,HND,1969,53.712,America,0.67,2.01,125,125
Honduras,HND,1970,54.36,America,0.65,2.01,125,125
Honduras,HND,1971,55.012,America,0.65,2.01,125,125
Honduras,HND,1972,55.689,America,0.68,2.01,125,125
Honduras,HND,1973,54.565,America,-1.12,2.01,125,125
Honduras,HND,1974,52.519,America,-2.05,2.01,125,125
Honduras,HND,1975,57.523,America,5.0,2.01,125,125
Honduras,HND,1976,58.151,America,0.63,2.01,125,125
Honduras,HND,1977,58.704,America,0.55,2.01,125,125
Honduras,HND,1978,59.248,America,0.54,2.01,125,125
Honduras,HND,1979,59.829,America,0.58,2.01,125,125
Honduras,HND,1980,60.388,America,0.56,2.01,125,125
Honduras,HND,1981,61.033,America,0.65,2.01,125,125
Honduras,HND,1982,61.688,America,0.66,2.01,125,125
Honduras,HND,1983,62.408,America,0.72,2.01,125,125
Honduras,HND,1984,62.819,America,0.41,2.01,125,125
Honduras,HND,1985,63.223,America,0.4,2.01,125,125
Honduras,HND,1986,63.651,America,0.43,2.01,125,125
Honduras,HND,1987,64.066,America,0.41,2.01,125,125
Honduras,HND,1988,64.393,America,0.33,2.01,125,125
Honduras,HND,1989,64.782,America,0.39,2.01,125,125
Honduras,HND,1990,65.183,America,0.4,2.01,125,125
Honduras,HND,1991,65.584,America,0.4,2.01,125,125
Honduras,HND,1992,65.908,America,0.32,2.01,125,125
Honduras,HND,1993,66.074,America,0.17,2.01,125,125
Honduras,HND,1994,66.523,America,0.45,2.01,125,125
Honduras,HND,1995,66.919,America,0.4,2.01,125,125
Honduras,HND,1996,67.263,America,0.34,2.01,125,125
Honduras,HND,1997,67.542,America,0.28,2.01,125,125
Honduras,HND,1998,62.432,America,-5.11,2.01,125,125
Honduras,HND,1999,68.005,America,5.57,2.01,125,125
Honduras,HND,2000,68.302,America,0.3,2.01,125,125
Honduras,HND,2001,68.491,America,0.19,2.01,125,125
Honduras,HND,2002,68.714,America,0.22,2.01,125,125
Honduras,HND,2003,68.874,America,0.16,2.01,125,125
Honduras,HND,2004,69.05,America,0.18,2.01,125,125
Honduras,HND,2005,69.198,America,0.15,2.01,125,125
Honduras,HND,2006,69.364,America,0.17,2.01,125,125
Honduras,HND,2007,69.539,America,0.17,2.01,125,125
Honduras,HND,2008,69.657,America,0.12,2.01,125,125
Honduras,HND,2009,69.823,America,0.17,2.01,125,125
Honduras,HND,2010,69.77,America,-0.05,2.01,125,125
Honduras,HND,2011,70.116,America,0.35,2.01,125,125
Honduras,HND,2012,70.46,America,0.34,2.01,125,125
Honduras,HND,2013,70.765,America,0.31,2.01,125,125
Honduras,HND,2014,71.032,America,0.27,2.01,125,125
Honduras,HND,2015,71.323,America,0.29,2.01,125,125
Honduras,HND,2016,71.615,America,0.29,2.01,125,125
Honduras,HND,2017,71.805,America,0.19,2.01,125,125
Honduras,HND,2018,72.001,America,0.2,2.01,125,125
Honduras,HND,2019,72.124,America,0.12,2.01,125,125
Honduras,HND,2020,70.864,America,-1.26,2.01,125,125
Honduras,HND,2021,69.492,America,-1.37,2.01,125,125
Honduras,HND,2022,72.715,America,3.22,2.01,125,125
Honduras,HND,2023,72.884,America,0.17,2.01,125,125
Honduras,HND,2024,73.044,America,0.16,2.01,125,125
Croatia,HRV,1960,65.74648780487806,Europe,,1.2,59,59
Croatia,HRV,1961,66.34614634146342,Europe,0.6,1.2,59,59
Croatia,HRV,1962,67.06526829268293,Europe,0.72,1.2,59,59
Croatia,HRV,1963,67.42214634146342,Europe,0.36,1.2,59,59
Croatia,HRV,1964,67.84887804878049,Europe,0.43,1.2,59,59
Croatia,HRV,1965,68.27819512195123,Europe,0.43,1.2,59,59
Croatia,HRV,1966,68.71182926829269,Europe,0.43,1.2,59,59
Croatia,HRV,1967,68.84502439024392,Europe,0.13,1.2,59,59
Croatia,HRV,1968,68.69907317073171,Europe,-0.15,1.2,59,59
Croatia,HRV,1969,68.76629268292683,Europe,0.07,1.2,59,59
Croatia,HRV,1970,68.98912195121953,Europe,0.22,1.2,59,59
Croatia,HRV,1971,69.26417073170732,Europe,0.28,1.2,59,59
Croatia,HRV,1972,69.5739268292683,Europe,0.31,1.2,59,59
Croatia,HRV,1973,69.92390243902439,Europe,0.35,1.2,59,59
Croatia,HRV,1974,70.43334146341464,Europe,0.51,1.2,59,59
Croatia,HRV,1975,70.00195121951221,Europe,-0.43,1.2,59,59
Croatia,HRV,1976,70.45536585365853,Europe,0.45,1.2,59,59
Croatia,HRV,1977,70.74439024390244,Europe,0.29,1.2,59,59
Croatia,HRV,1978,70.53878048780489,Europe,-0.21,1.2,59,59
Croatia,HRV,1979,70.42731707317074,Europe,-0.11,1.2,59,59
Croatia,HRV,1980,70.17536585365856,Europe,-0.25,1.2,59,59
Croatia,HRV,1981,70.34439024390245,Europe,0.17,1.2,59,59
Croatia,HRV,1982,70.48268292682928,Europe,0.14,1.2,59,59
Croatia,HRV,1983,70.2748780487805,Europe,-0.21,1.2,59,59
Croatia,HRV,1984,70.21853658536585,Europe,-0.06,1.2,59,59
Croatia,HRV,1985,70.88609756097561,Europe,0.67,1.2,59,59
Croatia,HRV,1986,71.4190243902439,Europe,0.53,1.2,59,59
Croatia,HRV,1987,71.47024390243904,Europe,0.05,1.2,59,59
Croatia,HRV,1988,71.48829268292683,Europe,0.02,1.2,59,59
Croatia,HRV,1989,71.84463414634146,Europe,0.36,1.2,59,59
Croatia,HRV,1990,72.17048780487805,Europe,0.33,1.2,59,59
Croatia,HRV,1991,72.18536585365855,Europe,0.01,1.2,59,59
Croatia,HRV,1992,71.24146341463415,Europe,-0.94,1.2,59,59
Croatia,HRV,1993,71.52243902439025,Europe,0.28,1.2,59,59
Croatia,HRV,1994,71.80341463414635,Europe,0.28,1.2,59,59
Croatia,HRV,1995,72.08439024390245,Europe,0.28,1.2,59,59
Croatia,HRV,1996,72.36536585365855,Europe,0.28,1.2,59,59
Croatia,HRV,1997,72.49512195121952,Europe,0.13,1.2,59,59
Croatia,HRV,1998,72.31707317073172,Europe,-0.18,1.2,59,59
Croatia,HRV,1999,72.6419512195122,Europe,0.32,1.2,59,59
Croatia,HRV,2000,72.8078048780488,Europe,0.17,1.2,59,59
Croatia,HRV,2001,74.51292682926831,Europe,1.71,1.2,59,59
Croatia,HRV,2002,74.71731707317075,Europe,0.2,1.2,59,59
Croatia,HRV,2003,74.6139024390244,Europe,-0.1,1.2,59,59
Croatia,HRV,2004,75.52024390243902,Europe,0.91,1.2,59,59
Croatia,HRV,2005,75.24463414634147,Europe,-0.28,1.2,59,59
Croatia,HRV,2006,75.8368292682927,Europe,0.59,1.2,59,59
Croatia,HRV,2007,75.70560975609757,Europe,-0.13,1.2,59,59
Croatia,HRV,2008,75.91219512195123,Europe,0.21,1.2,59,59
Croatia,HRV,2009,76.16829268292685,Europe,0.26,1.2,59,59
Croatia,HRV,2010,76.47560975609755,Europe,0.31,1.2,59,59
Croatia,HRV,2011,76.77560975609757,Europe,0.3,1.2,59,59
Croatia,HRV,2012,77.16829268292683,Europe,0.39,1.2,59,59
Croatia,HRV,2013,77.57073170731708,Europe,0.4,1.2,59,59
Croatia,HRV,2014,77.72439024390245,Europe,0.15,1.2,59,59
Croatia,HRV,2015,77.27560975609758,Europe,-0.45,1.2,59,59
Croatia,HRV,2016,77.92195121951221,Europe,0.65,1.2,59,59
Croatia,HRV,2017,77.72682926829269,Europe,-0.2,1.2,59,59
Croatia,HRV,2018,77.91951219512197,Europe,0.19,1.2,59,59
Croatia,HRV,2019,78.22439024390245,Europe,0.3,1.2,59,59
Croatia,HRV,2020,77.52439024390245,Europe,-0.7,1.2,59,59
Croatia,HRV,2021,76.42439024390245,Europe,-1.1,1.2,59,59
Croatia,HRV,2022,77.57560975609756,Europe,1.15,1.2,59,59
Croatia,HRV,2023,78.47317073170733,Europe,0.9,1.2,59,59
Croatia,HRV,2024,78.92926829268293,Europe,0.46,1.2,59,59
Haiti,HTI,1960,43.44,America,,2.15,190,190
Haiti,HTI,1961,43.825,America,0.39,2.15,190,190
Haiti,HTI,1962,44.196,America,0.37,2.15,190,190
Haiti,HTI,1963,42.724,America,-1.47,2.15,190,190
Haiti,HTI,1964,44.928,America,2.2,2.15,190,190
Haiti,HTI,1965,45.371,America,0.44,2.15,190,190
Haiti,HTI,1966,45.565,America,0.19,2.15,190,190
Haiti,HTI,1967,46.135,America,0.57,2.15,190,190
Haiti,HTI,1968,46.522,America,0.39,2.15,190,190
Haiti,HTI,1969,46.903,America,0.38,2.15,190,190
Haiti,HTI,1970,47.265,America,0.36,2.15,190,190
Haiti,HTI,1971,47.619,America,0.35,2.15,190,190
Haiti,HTI,1972,47.884,America,0.27,2.15,190,190
Haiti,HTI,1973,48.194,America,0.31,2.15,190,190
Haiti,HTI,1974,48.458,America,0.26,2.15,190,190
Haiti,HTI,1975,48.72,America,0.26,2.15,190,190
Haiti,HTI,1976,48.972,America,0.25,2.15,190,190
Haiti,HTI,1977,49.226,America,0.25,2.15,190,190
Haiti,HTI,1978,49.484,America,0.26,2.15,190,190
Haiti,HTI,1979,49.749,America,0.27,2.15,190,190
Haiti,HTI,1980,49.971,America,0.22,2.15,190,190
Haiti,HTI,1981,50.31,America,0.34,2.15,190,190
Haiti,HTI,1982,50.626,America,0.32,2.15,190,190
Haiti,HTI,1983,50.946,America,0.32,2.15,190,190
Haiti,HTI,1984,51.254,America,0.31,2.15,190,190
Haiti,HTI,1985,51.583,America,0.33,2.15,190,190
Haiti,HTI,1986,51.874,America,0.29,2.15,190,190
Haiti,HTI,1987,52.245,America,0.37,2.15,190,190
Haiti,HTI,1988,52.554,America,0.31,2.15,190,190
Haiti,HTI,1989,52.88,America,0.33,2.15,190,190
Haiti,HTI,1990,53.215,America,0.34,2.15,190,190
Haiti,HTI,1991,53.524,America,0.31,2.15,190,190
Haiti,HTI,1992,54.041,America,0.52,2.15,190,190
Haiti,HTI,1993,54.478,America,0.44,2.15,190,190
Haiti,HTI,1994,54.731,America,0.25,2.15,190,190
Haiti,HTI,1995,55.582,America,0.85,2.15,190,190
Haiti,HTI,1996,56.111,America,0.53,2.15,190,190
Haiti,HTI,1997,56.675,America,0.56,2.15,190,190
Haiti,HTI,1998,57.137,America,0.46,2.15,190,190
Haiti,HTI,1999,57.692,America,0.55,2.15,190,190
Haiti,HTI,2000,58.175,America,0.48,2.15,190,190
Haiti,HTI,2001,58.591,America,0.42,2.15,190,190
Haiti,HTI,2002,59.041,America,0.45,2.15,190,190
Haiti,HTI,2003,59.44,America,0.4,2.15,190,190
Haiti,HTI,2004,58.517,America,-0.92,2.15,190,190
Haiti,HTI,2005,60.318,America,1.8,2.15,190,190
Haiti,HTI,2006,60.74,America,0.42,2.15,190,190
Haiti,HTI,2007,61.09,America,0.35,2.15,190,190
Haiti,HTI,2008,61.28,America,0.19,2.15,190,190
Haiti,HTI,2009,61.694,America,0.41,2.15,190,190
Haiti,HTI,2010,45.577,America,-16.12,2.15,190,190
Haiti,HTI,2011,61.581,America,16.0,2.15,190,190
Haiti,HTI,2012,62.273,America,0.69,2.15,190,190
Haiti,HTI,2013,62.624,America,0.35,2.15,190,190
Haiti,HTI,2014,62.969,America,0.34,2.15,190,190
Haiti,HTI,2015,63.224,America,0.25,2.15,190,190
Haiti,HTI,2016,63.325,America,0.1,2.15,190,190
Haiti,HTI,2017,63.832,America,0.51,2.15,190,190
Haiti,HTI,2018,64.077,America,0.24,2.15,190,190
Haiti,HTI,2019,64.328,America,0.25,2.15,190,190
Haiti,HTI,2020,63.773,America,-0.55,2.15,190,190
Haiti,HTI,2021,62.613,America,-1.16,2.15,190,190
Haiti,HTI,2022,63.948,America,1.34,2.15,190,190
Haiti,HTI,2023,64.936,America,0.99,2.15,190,190
Haiti,HTI,2024,65.119,America,0.18,2.15,190,190
Hungary,HUN,1960,68.00317073170733,Europe,,0.96,87,87
Hungary,HUN,1961,68.93609756097563,Europe,0.93,0.96,87,87
Hungary,HUN,1962,67.8658536585366,Europe,-1.07,0.96,87,87
Hungary,HUN,1963,68.87414634146343,Europe,1.01,0.96,87,87
Hungary,HUN,1964,69.3809756097561,Europe,0.51,0.96,87,87
Hungary,HUN,1965,69.07121951219513,Europe,-0.31,0.96,87,87
Hungary,HUN,1966,69.82243902439025,Europe,0.75,0.96,87,87
Hungary,HUN,1967,69.4070731707317,Europe,-0.42,0.96,87,87
Hungary,HUN,1968,69.23024390243904,Europe,-0.18,0.96,87,87
Hungary,HUN,1969,69.31463414634148,Europe,0.08,0.96,87,87
Hungary,HUN,1970,69.16463414634148,Europe,-0.15,0.96,87,87
Hungary,HUN,1971,69.05243902439025,Europe,-0.11,0.96,87,87
Hungary,HUN,1972,69.66463414634147,Europe,0.61,0.96,87,87
Hungary,HUN,1973,69.51804878048782,Europe,-0.15,0.96,87,87
Hungary,HUN,1974,69.24804878048782,Europe,-0.27,0.96,87,87
Hungary,HUN,1975,69.29000000000002,Europe,0.04,0.96,87,87
Hungary,HUN,1976,69.57317073170732,Europe,0.28,0.96,87,87
Hungary,HUN,1977,69.8480487804878,Europe,0.27,0.96,87,87
Hungary,HUN,1978,69.39390243902439,Europe,-0.45,0.96,87,87
Hungary,HUN,1979,69.61536585365855,Europe,0.22,0.96,87,87
Hungary,HUN,1980,69.06170731707319,Europe,-0.55,0.96,87,87
Hungary,HUN,1981,69.13926829268293,Europe,0.08,0.96,87,87
Hungary,HUN,1982,69.3578048780488,Europe,0.22,0.96,87,87
Hungary,HUN,1983,68.97365853658538,Europe,-0.38,0.96,87,87
Hungary,HUN,1984,69.02585365853659,Europe,0.05,0.96,87,87
Hungary,HUN,1985,68.97219512195123,Europe,-0.05,0.96,87,87
Hungary,HUN,1986,69.17341463414634,Europe,0.2,0.96,87,87
Hungary,HUN,1987,69.65121951219513,Europe,0.48,0.96,87,87
Hungary,HUN,1988,70.02341463414635,Europe,0.37,0.96,87,87
Hungary,HUN,1989,69.46170731707318,Europe,-0.56,0.96,87,87
Hungary,HUN,1990,69.31560975609757,Europe,-0.15,0.96,87,87
Hungary,HUN,1991,69.37707317073172,Europe,0.06,0.96,87,87
Hungary,HUN,1992,69.11707317073171,Europe,-0.26,0.96,87,87
Hungary,HUN,1993,69.10121951219513,Europe,-0.02,0.96,87,87
Hungary,HUN,1994,69.46975609756099,Europe,0.37,0.96,87,87
Hungary,HUN,1995,69.79170731707318,Europe,0.32,0.96,87,87
Hungary,HUN,1996,70.32878048780489,Europe,0.54,0.96,87,87
Hungary,HUN,1997,70.70243902439024,Europe,0.37,0.96,87,87
Hungary,HUN,1998,70.5578048780488,Europe,-0.14,0.96,87,87
Hungary,HUN,1999,70.6770731707317,Europe,0.12,0.96,87,87
Hungary,HUN,2000,71.24634146341464,Europe,0.57,0.96,87,87
Hungary,HUN,2001,72.2487804878049,Europe,1.0,0.96,87,87
Hungary,HUN,2002,72.34878048780489,Europe,0.1,0.96,87,87
Hungary,HUN,2003,72.30000000000001,Europe,-0.05,0.96,87,87
Hungary,HUN,2004,72.64878048780488,Europe,0.35,0.96,87,87
Hungary,HUN,2005,72.64878048780488,Europe,0.0,0.96,87,87
Hungary,HUN,2006,73.09756097560977,Europe,0.45,0.96,87,87
Hungary,HUN,2007,73.15121951219513,Europe,0.05,0.96,87,87
Hungary,HUN,2008,73.70243902439026,Europe,0.55,0.96,87,87
Hungary,HUN,2009,73.90487804878049,Europe,0.2,0.96,87,87
Hungary,HUN,2010,74.20731707317074,Europe,0.3,0.96,87,87
Hungary,HUN,2011,74.85853658536587,Europe,0.65,0.96,87,87
Hungary,HUN,2012,75.06341463414634,Europe,0.2,0.96,87,87
Hungary,HUN,2013,75.5658536585366,Europe,0.5,0.96,87,87
Hungary,HUN,2014,75.76341463414634,Europe,0.2,0.96,87,87
Hungary,HUN,2015,75.56829268292685,Europe,-0.2,0.96,87,87
Hungary,HUN,2016,76.06341463414635,Europe,0.5,0.96,87,87
Hungary,HUN,2017,75.81707317073172,Europe,-0.25,0.96,87,87
Hungary,HUN,2018,76.0658536585366,Europe,0.25,0.96,87,87
Hungary,HUN,2019,76.31951219512194,Europe,0.25,0.96,87,87
Hungary,HUN,2020,75.41951219512197,Europe,-0.9,0.96,87,87
Hungary,HUN,2021,74.06585365853658,Europe,-1.35,0.96,87,87
Hungary,HUN,2022,75.86829268292684,Europe,1.8,0.96,87,87
Hungary,HUN,2023,76.5707317073171,Europe,0.7,0.96,87,87
Hungary,HUN,2024,76.72439024390246,Europe,0.15,0.96,87,87
Indonesia,IDN,1960,46.835,Asia,,2.0,146,146
Indonesia,IDN,1961,47.385,Asia,0.55,2.0,146,146
Indonesia,IDN,1962,48.141,Asia,0.76,2.0,146,146
Indonesia,IDN,1963,48.742,Asia,0.6,2.0,146,146
Indonesia,IDN,1964,49.44,Asia,0.7,2.0,146,146
Indonesia,IDN,1965,42.762,Asia,-6.68,2.0,146,146
Indonesia,IDN,1966,48.406,Asia,5.64,2.0,146,146
Indonesia,IDN,1967,51.309,Asia,2.9,2.0,146,146
Indonesia,IDN,1968,51.888,Asia,0.58,2.0,146,146
Indonesia,IDN,1969,52.588,Asia,0.7,2.0,146,146
Indonesia,IDN,1970,53.254,Asia,0.67,2.0,146,146
Indonesia,IDN,1971,53.823,Asia,0.57,2.0,146,146
Indonesia,IDN,1972,54.364,Asia,0.54,2.0,146,146
Indonesia,IDN,1973,54.916,Asia,0.55,2.0,146,146
Indonesia,IDN,1974,55.443,Asia,0.53,2.0,146,146
Indonesia,IDN,1975,55.998,Asia,0.55,2.0,146,146
Indonesia,IDN,1976,56.445,Asia,0.45,2.0,146,146
Indonesia,IDN,1977,57.09,Asia,0.65,2.0,146,146
Indonesia,IDN,1978,57.607,Asia,0.52,2.0,146,146
Indonesia,IDN,1979,58.18,Asia,0.57,2.0,146,146
Indonesia,IDN,1980,58.701,Asia,0.52,2.0,146,146
Indonesia,IDN,1981,59.096,Asia,0.39,2.0,146,146
Indonesia,IDN,1982,59.7,Asia,0.6,2.0,146,146
Indonesia,IDN,1983,60.343,Asia,0.64,2.0,146,146
Indonesia,IDN,1984,60.891,Asia,0.55,2.0,146,146
Indonesia,IDN,1985,61.387,Asia,0.5,2.0,146,146
Indonesia,IDN,1986,61.736,Asia,0.35,2.0,146,146
Indonesia,IDN,1987,62.087,Asia,0.35,2.0,146,146
Indonesia,IDN,1988,62.386,Asia,0.3,2.0,146,146
Indonesia,IDN,1989,62.883,Asia,0.5,2.0,146,146
Indonesia,IDN,1990,63.249,Asia,0.37,2.0,146,146
Indonesia,IDN,1991,63.703,Asia,0.45,2.0,146,146
Indonesia,IDN,1992,64.182,Asia,0.48,2.0,146,146
Indonesia,IDN,1993,64.851,Asia,0.67,2.0,146,146
Indonesia,IDN,1994,65.041,Asia,0.19,2.0,146,146
Indonesia,IDN,1995,65.263,Asia,0.22,2.0,146,146
Indonesia,IDN,1996,65.465,Asia,0.2,2.0,146,146
Indonesia,IDN,1997,65.774,Asia,0.31,2.0,146,146
Indonesia,IDN,1998,65.942,Asia,0.17,2.0,146,146
Indonesia,IDN,1999,66.001,Asia,0.06,2.0,146,146
Indonesia,IDN,2000,66.292,Asia,0.29,2.0,146,146
Indonesia,IDN,2001,66.583,Asia,0.29,2.0,146,146
Indonesia,IDN,2002,66.954,Asia,0.37,2.0,146,146
Indonesia,IDN,2003,67.134,Asia,0.18,2.0,146,146
Indonesia,IDN,2004,65.521,Asia,-1.61,2.0,146,146
Indonesia,IDN,2005,67.531,Asia,2.01,2.0,146,146
Indonesia,IDN,2006,67.664,Asia,0.13,2.0,146,146
Indonesia,IDN,2007,67.914,Asia,0.25,2.0,146,146
Indonesia,IDN,2008,68.085,Asia,0.17,2.0,146,146
Indonesia,IDN,2009,68.267,Asia,0.18,2.0,146,146
Indonesia,IDN,2010,68.364,Asia,0.1,2.0,146,146
Indonesia,IDN,2011,68.629,Asia,0.27,2.0,146,146
Indonesia,IDN,2012,68.862,Asia,0.23,2.0,146,146
Indonesia,IDN,2013,69.064,Asia,0.2,2.0,146,146
Indonesia,IDN,2014,69.292,Asia,0.23,2.0,146,146
Indonesia,IDN,2015,69.52,Asia,0.23,2.0,146,146
Indonesia,IDN,2016,69.733,Asia,0.21,2.0,146,146
Indonesia,IDN,2017,69.953,Asia,0.22,2.0,146,146
Indonesia,IDN,2018,70.08,Asia,0.13,2.0,146,146
Indonesia,IDN,2019,70.349,Asia,0.27,2.0,146,146
Indonesia,IDN,2020,68.817,Asia,-1.53,2.0,146,146
Indonesia,IDN,2021,67.452,Asia,-1.36,2.0,146,146
Indonesia,IDN,2022,70.925,Asia,3.47,2.0,146,146
Indonesia,IDN,2023,71.146,Asia,0.22,2.0,146,146
Indonesia,IDN,2024,71.288,Asia,0.14,2.0,146,146
Isle of Man,IMN,1960,64.557,Europe,,0.89,46,46
Isle of Man,IMN,1961,64.425,Europe,-0.13,0.89,46,46
Isle of Man,IMN,1962,64.397,Europe,-0.03,0.89,46,46
Isle of Man,IMN,1963,64.458,Europe,0.06,0.89,46,46
Isle of Man,IMN,1964,64.666,Europe,0.21,0.89,46,46
Isle of Man,IMN,1965,64.922,Europe,0.26,0.89,46,46
Isle of Man,IMN,1966,65.18,Europe,0.26,0.89,46,46
Isle of Man,IMN,1967,65.409,Europe,0.23,0.89,46,46
Isle of Man,IMN,1968,65.542,Europe,0.13,0.89,46,46
Isle of Man,IMN,1969,65.626,Europe,0.08,0.89,46,46
Isle of Man,IMN,1970,65.724,Europe,0.1,0.89,46,46
Isle of Man,IMN,1971,65.841,Europe,0.12,0.89,46,46
Isle of Man,IMN,1972,65.991,Europe,0.15,0.89,46,46
Isle of Man,IMN,1973,66.238,Europe,0.25,0.89,46,46
Isle of Man,IMN,1974,66.478,Europe,0.24,0.89,46,46
Isle of Man,IMN,1975,66.76,Europe,0.28,0.89,46,46
Isle of Man,IMN,1976,67.051,Europe,0.29,0.89,46,46
Isle of Man,IMN,1977,67.357,Europe,0.31,0.89,46,46
Isle of Man,IMN,1978,67.689,Europe,0.33,0.89,46,46
Isle of Man,IMN,1979,68.071,Europe,0.38,0.89,46,46
Isle of Man,IMN,1980,68.446,Europe,0.38,0.89,46,46
Isle of Man,IMN,1981,68.811,Europe,0.37,0.89,46,46
Isle of Man,IMN,1982,69.142,Europe,0.33,0.89,46,46
Isle of Man,IMN,1983,69.457,Europe,0.31,0.89,46,46
Isle of Man,IMN,1984,69.754,Europe,0.3,0.89,46,46
Isle of Man,IMN,1985,70.02,Europe,0.27,0.89,46,46
Isle of Man,IMN,1986,70.34,Europe,0.32,0.89,46,46
Isle of Man,IMN,1987,70.685,Europe,0.34,0.89,46,46
Isle of Man,IMN,1988,71.057,Europe,0.37,0.89,46,46
Isle of Man,IMN,1989,71.406,Europe,0.35,0.89,46,46
Isle of Man,IMN,1990,71.8,Europe,0.39,0.89,46,46
Isle of Man,IMN,1991,72.183,Europe,0.38,0.89,46,46
Isle of Man,IMN,1992,72.544,Europe,0.36,0.89,46,46
Isle of Man,IMN,1993,72.822,Europe,0.28,0.89,46,46
Isle of Man,IMN,1994,73.14,Europe,0.32,0.89,46,46
Isle of Man,IMN,1995,73.371,Europe,0.23,0.89,46,46
Isle of Man,IMN,1996,73.634,Europe,0.26,0.89,46,46
Isle of Man,IMN,1997,73.9,Europe,0.27,0.89,46,46
Isle of Man,IMN,1998,74.204,Europe,0.3,0.89,46,46
Isle of Man,IMN,1999,74.469,Europe,0.27,0.89,46,46
Isle of Man,IMN,2000,74.842,Europe,0.37,0.89,46,46
Isle of Man,IMN,2001,75.289,Europe,0.45,0.89,46,46
Isle of Man,IMN,2002,75.785,Europe,0.5,0.89,46,46
Isle of Man,IMN,2003,76.319,Europe,0.53,0.89,46,46
Isle of Man,IMN,2004,76.876,Europe,0.56,0.89,46,46
Isle of Man,IMN,2005,77.453,Europe,0.58,0.89,46,46
Isle of Man,IMN,2006,77.971,Europe,0.52,0.89,46,46
Isle of Man,IMN,2007,78.451,Europe,0.48,0.89,46,46
Isle of Man,IMN,2008,78.899,Europe,0.45,0.89,46,46
Isle of Man,IMN,2009,79.303,Europe,0.4,0.89,46,46
Isle of Man,IMN,2010,79.613,Europe,0.31,0.89,46,46
Isle of Man,IMN,2011,79.836,Europe,0.22,0.89,46,46
Isle of Man,IMN,2012,80.007,Europe,0.17,0.89,46,46
Isle of Man,IMN,2013,80.12,Europe,0.11,0.89,46,46
Isle of Man,IMN,2014,80.199,Europe,0.08,0.89,46,46
Isle of Man,IMN,2015,80.267,Europe,0.07,0.89,46,46
Isle of Man,IMN,2016,80.391,Europe,0.12,0.89,46,46
Isle of Man,IMN,2017,80.506,Europe,0.11,0.89,46,46
Isle of Man,IMN,2018,80.614,Europe,0.11,0.89,46,46
Isle of Man,IMN,2019,80.74,Europe,0.13,0.89,46,46
Isle of Man,IMN,2020,80.591,Europe,-0.15,0.89,46,46
Isle of Man,IMN,2021,80.42,Europe,-0.17,0.89,46,46
Isle of Man,IMN,2022,80.956,Europe,0.54,0.89,46,46
Isle of Man,IMN,2023,80.999,Europe,0.04,0.89,46,46
Isle of Man,IMN,2024,81.091,Europe,0.09,0.89,46,46
India,IND,1960,45.61,Asia,,3.3,137,137
India,IND,1961,45.824,Asia,0.21,3.3,137,137
India,IND,1962,46.133,Asia,0.31,3.3,137,137
India,IND,1963,46.458,Asia,0.32,3.3,137,137
India,IND,1964,46.742,Asia,0.28,3.3,137,137
India,IND,1965,45.558,Asia,-1.18,3.3,137,137
India,IND,1966,45.884,Asia,0.33,3.3,137,137
India,IND,1967,46.184,Asia,0.3,3.3,137,137
India,IND,1968,47.925,Asia,1.74,3.3,137,137
India,IND,1969,48.26,Asia,0.34,3.3,137,137
India,IND,1970,48.585,Asia,0.33,3.3,137,137
India,IND,1971,48.902,Asia,0.32,3.3,137,137
India,IND,1972,49.213,Asia,0.31,3.3,137,137
India,IND,1973,49.642,Asia,0.43,3.3,137,137
India,IND,1974,50.259,Asia,0.62,3.3,137,137
India,IND,1975,50.761,Asia,0.5,3.3,137,137
India,IND,1976,51.302,Asia,0.54,3.3,137,137
India,IND,1977,51.822,Asia,0.52,3.3,137,137
India,IND,1978,52.42,Asia,0.6,3.3,137,137
India,IND,1979,53.014,Asia,0.59,3.3,137,137
India,IND,1980,53.593,Asia,0.58,3.3,137,137
India,IND,1981,54.173,Asia,0.58,3.3,137,137
India,IND,1982,54.735,Asia,0.56,3.3,137,137
India,IND,1983,55.283,Asia,0.55,3.3,137,137
India,IND,1984,55.813,Asia,0.53,3.3,137,137
India,IND,1985,56.324,Asia,0.51,3.3,137,137
India,IND,1986,56.819,Asia,0.5,3.3,137,137
India,IND,1987,57.291,Asia,0.47,3.3,137,137
India,IND,1988,57.744,Asia,0.45,3.3,137,137
India,IND,1989,58.196,Asia,0.45,3.3,137,137
India,IND,1990,58.618,Asia,0.42,3.3,137,137
India,IND,1991,59.032,Asia,0.41,3.3,137,137
India,IND,1992,59.445,Asia,0.41,3.3,137,137
India,IND,1993,59.823,Asia,0.38,3.3,137,137
India,IND,1994,60.237,Asia,0.41,3.3,137,137
India,IND,1995,60.63,Asia,0.39,3.3,137,137
India,IND,1996,61.027,Asia,0.4,3.3,137,137
India,IND,1997,61.439,Asia,0.41,3.3,137,137
India,IND,1998,61.852,Asia,0.41,3.3,137,137
India,IND,1999,62.284,Asia,0.43,3.3,137,137
India,IND,2000,62.749,Asia,0.47,3.3,137,137
India,IND,2001,63.158,Asia,0.41,3.3,137,137
India,IND,2002,63.649,Asia,0.49,3.3,137,137
India,IND,2003,64.086,Asia,0.44,3.3,137,137
India,IND,2004,64.484,Asia,0.4,3.3,137,137
India,IND,2005,64.939,Asia,0.45,3.3,137,137
India,IND,2006,65.373,Asia,0.43,3.3,137,137
India,IND,2007,65.803,Asia,0.43,3.3,137,137
India,IND,2008,66.247,Asia,0.44,3.3,137,137
India,IND,2009,66.7,Asia,0.45,3.3,137,137
India,IND,2010,67.162,Asia,0.46,3.3,137,137
India,IND,2011,67.623,Asia,0.46,3.3,137,137
India,IND,2012,68.076,Asia,0.45,3.3,137,137
India,IND,2013,68.499,Asia,0.42,3.3,137,137
India,IND,2014,68.932,Asia,0.43,3.3,137,137
India,IND,2015,69.326,Asia,0.39,3.3,137,137
India,IND,2016,69.709,Asia,0.38,3.3,137,137
India,IND,2017,70.068,Asia,0.36,3.3,137,137
India,IND,2018,70.415,Asia,0.35,3.3,137,137
India,IND,2019,70.746,Asia,0.33,3.3,137,137
India,IND,2020,70.156,Asia,-0.59,3.3,137,137
India,IND,2021,67.282,Asia,-2.87,3.3,137,137
India,IND,2022,71.698,Asia,4.42,3.3,137,137
India,IND,2023,72.003,Asia,0.31,3.3,137,137
India,IND,2024,72.235,Asia,0.23,3.3,137,137
Ireland,IRL,1960,70.19426829268295,Europe,,1.66,23,23
Ireland,IRL,1961,69.67829268292684,Europe,-0.52,1.66,23,23
Ireland,IRL,1962,69.99104878048782,Europe,0.31,1.66,23,23
Ireland,IRL,1963,70.23009756097562,Europe,0.24,1.66,23,23
Ireland,IRL,1964,70.4899268292683,Europe,0.26,1.66,23,23
Ireland,IRL,1965,70.69500000000002,Europe,0.21,1.66,23,23
Ireland,IRL,1966,70.2169512195122,Europe,-0.48,1.66,23,23
Ireland,IRL,1967,71.24536585365854,Europe,1.03,1.66,23,23
Ireland,IRL,1968,70.94100000000002,Europe,-0.3,1.66,23,23
Ireland,IRL,1969,70.8528292682927,Europe,-0.09,1.66,23,23
Ireland,IRL,1970,70.90156097560977,Europe,0.05,1.66,23,23
Ireland,IRL,1971,71.67585365853658,Europe,0.77,1.66,23,23
Ireland,IRL,1972,71.021756097561,Europe,-0.65,1.66,23,23
Ireland,IRL,1973,71.2399756097561,Europe,0.22,1.66,23,23
Ireland,IRL,1974,71.17556097560976,Europe,-0.06,1.66,23,23
Ireland,IRL,1975,71.75304878048782,Europe,0.58,1.66,23,23
Ireland,IRL,1976,71.85660975609758,Europe,0.1,1.66,23,23
Ireland,IRL,1977,71.99739024390244,Europe,0.14,1.66,23,23
Ireland,IRL,1978,71.99631707317073,Europe,-0.0,1.66,23,23
Ireland,IRL,1979,72.26802439024391,Europe,0.27,1.66,23,23
Ireland,IRL,1980,72.59541463414635,Europe,0.33,1.66,23,23
Ireland,IRL,1981,72.95178048780488,Europe,0.36,1.66,23,23
Ireland,IRL,1982,73.20904878048782,Europe,0.26,1.66,23,23
Ireland,IRL,1983,73.24009756097561,Europe,0.03,1.66,23,23
Ireland,IRL,1984,73.66373170731708,Europe,0.42,1.66,23,23
Ireland,IRL,1985,73.6219024390244,Europe,-0.04,1.66,23,23
Ireland,IRL,1986,73.66553658536586,Europe,0.04,1.66,23,23
Ireland,IRL,1987,74.4319024390244,Europe,0.77,1.66,23,23
Ireland,IRL,1988,74.43941463414635,Europe,0.01,1.66,23,23
Ireland,IRL,1989,74.45521951219514,Europe,0.02,1.66,23,23
Ireland,IRL,1990,74.84607317073171,Europe,0.39,1.66,23,23
Ireland,IRL,1991,75.02499999999999,Europe,0.18,1.66,23,23
Ireland,IRL,1992,75.41509756097562,Europe,0.39,1.66,23,23
Ireland,IRL,1993,75.29219512195122,Europe,-0.12,1.66,23,23
Ireland,IRL,1994,75.78663414634148,Europe,0.49,1.66,23,23
Ireland,IRL,1995,75.46931707317074,Europe,-0.32,1.66,23,23
Ireland,IRL,1996,75.83170731707317,Europe,0.36,1.66,23,23
Ireland,IRL,1997,75.98536585365855,Europe,0.15,1.66,23,23
Ireland,IRL,1998,76.18048780487807,Europe,0.2,1.66,23,23
Ireland,IRL,1999,76.08292682926832,Europe,-0.1,1.66,23,23
Ireland,IRL,2000,76.53658536585367,Europe,0.45,1.66,23,23
Ireland,IRL,2001,77.13414634146342,Europe,0.6,1.66,23,23
Ireland,IRL,2002,77.63414634146342,Europe,0.5,1.66,23,23
Ireland,IRL,2003,78.1390243902439,Europe,0.5,1.66,23,23
Ireland,IRL,2004,78.53902439024391,Europe,0.4,1.66,23,23
Ireland,IRL,2005,78.9439024390244,Europe,0.4,1.66,23,23
Ireland,IRL,2006,79.24146341463415,Europe,0.3,1.66,23,23
Ireland,IRL,2007,79.64146341463415,Europe,0.4,1.66,23,23
Ireland,IRL,2008,80.09512195121953,Europe,0.45,1.66,23,23
Ireland,IRL,2009,80.19024390243902,Europe,0.1,1.66,23,23
Ireland,IRL,2010,80.74390243902438,Europe,0.55,1.66,23,23
Ireland,IRL,2011,80.74634146341464,Europe,0.0,1.66,23,23
Ireland,IRL,2012,80.84634146341465,Europe,0.1,1.66,23,23
Ireland,IRL,2013,80.94878048780488,Europe,0.1,1.66,23,23
Ireland,IRL,2014,81.34878048780487,Europe,0.4,1.66,23,23
Ireland,IRL,2015,81.45365853658538,Europe,0.1,1.66,23,23
Ireland,IRL,2016,81.65365853658537,Europe,0.2,1.66,23,23
Ireland,IRL,2017,82.15609756097562,Europe,0.5,1.66,23,23
Ireland,IRL,2018,82.2048780487805,Europe,0.05,1.66,23,23
Ireland,IRL,2019,82.70243902439026,Europe,0.5,1.66,23,23
Ireland,IRL,2020,82.45609756097564,Europe,-0.25,1.66,23,23
Ireland,IRL,2021,82.25365853658538,Europe,-0.2,1.66,23,23
Ireland,IRL,2022,82.50975609756098,Europe,0.26,1.66,23,23
Ireland,IRL,2023,82.80731707317074,Europe,0.3,1.66,23,23
Ireland,IRL,2024,83.009756097561,Europe,0.2,1.66,23,23
"Iran, Islamic Rep.",IRN,1960,43.297,Asia,,2.22,76,76
"Iran, Islamic Rep.",IRN,1961,43.9,Asia,0.6,2.22,76,76
"Iran, Islamic Rep.",IRN,1962,43.769,Asia,-0.13,2.22,76,76
"Iran, Islamic Rep.",IRN,1963,45.105,Asia,1.34,2.22,76,76
"Iran, Islamic Rep.",IRN,1964,45.735,Asia,0.63,2.22,76,76
"Iran, Islamic Rep.",IRN,1965,46.372,Asia,0.64,2.22,76,76
"Iran, Islamic Rep.",IRN,1966,47.072,Asia,0.7,2.22,76,76
"Iran, Islamic Rep.",IRN,1967,47.803,Asia,0.73,2.22,76,76
"Iran, Islamic Rep.",IRN,1968,47.946,Asia,0.14,2.22,76,76
"Iran, Islamic Rep.",IRN,1969,49.382,Asia,1.44,2.22,76,76
"Iran, Islamic Rep.",IRN,1970,50.222,Asia,0.84,2.22,76,76
"Iran, Islamic Rep.",IRN,1971,51.12,Asia,0.9,2.22,76,76
"Iran, Islamic Rep.",IRN,1972,51.729,Asia,0.61,2.22,76,76
"Iran, Islamic Rep.",IRN,1973,52.944,Asia,1.22,2.22,76,76
"Iran, Islamic Rep.",IRN,1974,53.862,Asia,0.92,2.22,76,76
"Iran, Islamic Rep.",IRN,1975,54.819,Asia,0.96,2.22,76,76
"Iran, Islamic Rep.",IRN,1976,55.771,Asia,0.95,2.22,76,76
"Iran, Islamic Rep.",IRN,1977,56.66,Asia,0.89,2.22,76,76
"Iran, Islamic Rep.",IRN,1978,56.042,Asia,-0.62,2.22,76,76
"Iran, Islamic Rep.",IRN,1979,58.453,Asia,2.41,2.22,76,76
"Iran, Islamic Rep.",IRN,1980,58.369,Asia,-0.08,2.22,76,76
"Iran, Islamic Rep.",IRN,1981,56.625,Asia,-1.74,2.22,76,76
"Iran, Islamic Rep.",IRN,1982,57.633,Asia,1.01,2.22,76,76
"Iran, Islamic Rep.",IRN,1983,58.518,Asia,0.88,2.22,76,76
"Iran, Islamic Rep.",IRN,1984,60.875,Asia,2.36,2.22,76,76
"Iran, Islamic Rep.",IRN,1985,61.537,Asia,0.66,2.22,76,76
"Iran, Islamic Rep.",IRN,1986,62.136,Asia,0.6,2.22,76,76
"Iran, Islamic Rep.",IRN,1987,62.685,Asia,0.55,2.22,76,76
"Iran, Islamic Rep.",IRN,1988,63.255,Asia,0.57,2.22,76,76
"Iran, Islamic Rep.",IRN,1989,65.314,Asia,2.06,2.22,76,76
"Iran, Islamic Rep.",IRN,1990,64.066,Asia,-1.25,2.22,76,76
"Iran, Islamic Rep.",IRN,1991,66.233,Asia,2.17,2.22,76,76
"Iran, Islamic Rep.",IRN,1992,66.653,Asia,0.42,2.22,76,76
"Iran, Islamic Rep.",IRN,1993,67.037,Asia,0.38,2.22,76,76
"Iran, Islamic Rep.",IRN,1994,67.49,Asia,0.45,2.22,76,76
"Iran, Islamic Rep.",IRN,1995,67.904,Asia,0.41,2.22,76,76
"Iran, Islamic Rep.",IRN,1996,68.328,Asia,0.42,2.22,76,76
"Iran, Islamic Rep.",IRN,1997,68.649,Asia,0.32,2.22,76,76
"Iran, Islamic Rep.",IRN,1998,69.214,Asia,0.56,2.22,76,76
"Iran, Islamic Rep.",IRN,1999,69.686,Asia,0.47,2.22,76,76
"Iran, Islamic Rep.",IRN,2000,70.166,Asia,0.48,2.22,76,76
"Iran, Islamic Rep.",IRN,2001,70.619,Asia,0.45,2.22,76,76
"Iran, Islamic Rep.",IRN,2002,71.112,Asia,0.49,2.22,76,76
"Iran, Islamic Rep.",IRN,2003,70.464,Asia,-0.65,2.22,76,76
"Iran, Islamic Rep.",IRN,2004,72.04,Asia,1.58,2.22,76,76
"Iran, Islamic Rep.",IRN,2005,72.446,Asia,0.41,2.22,76,76
"Iran, Islamic Rep.",IRN,2006,72.895,Asia,0.45,2.22,76,76
"Iran, Islamic Rep.",IRN,2007,73.299,Asia,0.4,2.22,76,76
"Iran, Islamic Rep.",IRN,2008,73.683,Asia,0.38,2.22,76,76
"Iran, Islamic Rep.",IRN,2009,74.041,Asia,0.36,2.22,76,76
"Iran, Islamic Rep.",IRN,2010,74.39,Asia,0.35,2.22,76,76
"Iran, Islamic Rep.",IRN,2011,74.721,Asia,0.33,2.22,76,76
"Iran, Islamic Rep.",IRN,2012,75.039,Asia,0.32,2.22,76,76
"Iran, Islamic Rep.",IRN,2013,75.349,Asia,0.31,2.22,76,76
"Iran, Islamic Rep.",IRN,2014,75.635,Asia,0.29,2.22,76,76
"Iran, Islamic Rep.",IRN,2015,75.907,Asia,0.27,2.22,76,76
"Iran, Islamic Rep.",IRN,2016,76.155,Asia,0.25,2.22,76,76
"Iran, Islamic Rep.",IRN,2017,76.396,Asia,0.24,2.22,76,76
"Iran, Islamic Rep.",IRN,2018,76.621,Asia,0.22,2.22,76,76
"Iran, Islamic Rep.",IRN,2019,76.855,Asia,0.23,2.22,76,76
"Iran, Islamic Rep.",IRN,2020,74.141,Asia,-2.71,2.22,76,76
"Iran, Islamic Rep.",IRN,2021,73.752,Asia,-0.39,2.22,76,76
"Iran, Islamic Rep.",IRN,2022,76.799,Asia,3.05,2.22,76,76
"Iran, Islamic Rep.",IRN,2023,77.654,Asia,0.85,2.22,76,76
"Iran, Islamic Rep.",IRN,2024,77.854,Asia,0.2,2.22,76,76
Iraq,IRQ,1960,51.462,Asia,,2.75,132,132
Iraq,IRQ,1961,52.339,Asia,0.88,2.75,132,132
Iraq,IRQ,1962,53.482,Asia,1.14,2.75,132,132
Iraq,IRQ,1963,54.36,Asia,0.88,2.75,132,132
Iraq,IRQ,1964,55.245,Asia,0.88,2.75,132,132
Iraq,IRQ,1965,56.387,Asia,1.14,2.75,132,132
Iraq,IRQ,1966,57.321,Asia,0.93,2.75,132,132
Iraq,IRQ,1967,58.422,Asia,1.1,2.75,132,132
Iraq,IRQ,1968,58.969,Asia,0.55,2.75,132,132
Iraq,IRQ,1969,59.64,Asia,0.67,2.75,132,132
Iraq,IRQ,1970,60.532,Asia,0.89,2.75,132,132
Iraq,IRQ,1971,61.333,Asia,0.8,2.75,132,132
Iraq,IRQ,1972,61.816,Asia,0.48,2.75,132,132
Iraq,IRQ,1973,62.344,Asia,0.53,2.75,132,132
Iraq,IRQ,1974,60.995,Asia,-1.35,2.75,132,132
Iraq,IRQ,1975,61.434,Asia,0.44,2.75,132,132
Iraq,IRQ,1976,63.569,Asia,2.14,2.75,132,132
Iraq,IRQ,1977,63.896,Asia,0.33,2.75,132,132
Iraq,IRQ,1978,64.175,Asia,0.28,2.75,132,132
Iraq,IRQ,1979,64.417,Asia,0.24,2.75,132,132
Iraq,IRQ,1980,60.916,Asia,-3.5,2.75,132,132
Iraq,IRQ,1981,58.652,Asia,-2.26,2.75,132,132
Iraq,IRQ,1982,58.977,Asia,0.32,2.75,132,132
Iraq,IRQ,1983,59.287,Asia,0.31,2.75,132,132
Iraq,IRQ,1984,59.544,Asia,0.26,2.75,132,132
Iraq,IRQ,1985,59.8,Asia,0.26,2.75,132,132
Iraq,IRQ,1986,60.031,Asia,0.23,2.75,132,132
Iraq,IRQ,1987,60.259,Asia,0.23,2.75,132,132
Iraq,IRQ,1988,56.692,Asia,-3.57,2.75,132,132
Iraq,IRQ,1989,57.501,Asia,0.81,2.75,132,132
Iraq,IRQ,1990,57.587,Asia,0.09,2.75,132,132
Iraq,IRQ,1991,61.338,Asia,3.75,2.75,132,132
Iraq,IRQ,1992,65.344,Asia,4.01,2.75,132,132
Iraq,IRQ,1993,65.31,Asia,-0.03,2.75,132,132
Iraq,IRQ,1994,65.027,Asia,-0.28,2.75,132,132
Iraq,IRQ,1995,64.761,Asia,-0.27,2.75,132,132
Iraq,IRQ,1996,64.618,Asia,-0.14,2.75,132,132
Iraq,IRQ,1997,64.241,Asia,-0.38,2.75,132,132
Iraq,IRQ,1998,64.405,Asia,0.16,2.75,132,132
Iraq,IRQ,1999,64.532,Asia,0.13,2.75,132,132
Iraq,IRQ,2000,64.86,Asia,0.33,2.75,132,132
Iraq,IRQ,2001,65.292,Asia,0.43,2.75,132,132
Iraq,IRQ,2002,65.724,Asia,0.43,2.75,132,132
Iraq,IRQ,2003,64.834,Asia,-0.89,2.75,132,132
Iraq,IRQ,2004,64.634,Asia,-0.2,2.75,132,132
Iraq,IRQ,2005,64.899,Asia,0.27,2.75,132,132
Iraq,IRQ,2006,64.029,Asia,-0.87,2.75,132,132
Iraq,IRQ,2007,64.428,Asia,0.4,2.75,132,132
Iraq,IRQ,2008,66.465,Asia,2.04,2.75,132,132
Iraq,IRQ,2009,67.834,Asia,1.37,2.75,132,132
Iraq,IRQ,2010,68.092,Asia,0.26,2.75,132,132
Iraq,IRQ,2011,68.435,Asia,0.34,2.75,132,132
Iraq,IRQ,2012,68.827,Asia,0.39,2.75,132,132
Iraq,IRQ,2013,69.047,Asia,0.22,2.75,132,132
Iraq,IRQ,2014,69.679,Asia,0.63,2.75,132,132
Iraq,IRQ,2015,69.977,Asia,0.3,2.75,132,132
Iraq,IRQ,2016,68.683,Asia,-1.29,2.75,132,132
Iraq,IRQ,2017,69.788,Asia,1.1,2.75,132,132
Iraq,IRQ,2018,71.116,Asia,1.33,2.75,132,132
Iraq,IRQ,2019,71.245,Asia,0.13,2.75,132,132
Iraq,IRQ,2020,69.651,Asia,-1.59,2.75,132,132
Iraq,IRQ,2021,70.704,Asia,1.05,2.75,132,132
Iraq,IRQ,2022,72.037,Asia,1.33,2.75,132,132
Iraq,IRQ,2023,72.324,Asia,0.29,2.75,132,132
Iraq,IRQ,2024,72.424,Asia,0.1,2.75,132,132
Iceland,ISL,1960,74.04007317073172,Europe,,-0.05,26,26
Iceland,ISL,1961,73.50341463414635,Europe,-0.54,-0.05,26,26
Iceland,ISL,1962,73.72195121951219,Europe,0.22,-0.05,26,26
Iceland,ISL,1963,73.0429268292683,Europe,-0.68,-0.05,26,26
Iceland,ISL,1964,73.54170731707318,Europe,0.5,-0.05,26,26
Iceland,ISL,1965,73.86878048780487,Europe,0.33,-0.05,26,26
Iceland,ISL,1966,73.30048780487806,Europe,-0.57,-0.05,26,26
Iceland,ISL,1967,73.78317073170733,Europe,0.48,-0.05,26,26
Iceland,ISL,1968,74.00585365853658,Europe,0.22,-0.05,26,26
Iceland,ISL,1969,73.77634146341465,Europe,-0.23,-0.05,26,26
Iceland,ISL,1970,73.93390243902441,Europe,0.16,-0.05,26,26
Iceland,ISL,1971,73.57048780487806,Europe,-0.36,-0.05,26,26
Iceland,ISL,1972,74.4558536585366,Europe,0.89,-0.05,26,26
Iceland,ISL,1973,74.45097560975611,Europe,-0.0,-0.05,26,26
Iceland,ISL,1974,74.51170731707319,Europe,0.06,-0.05,26,26
Iceland,ISL,1975,75.57878048780488,Europe,1.07,-0.05,26,26
Iceland,ISL,1976,76.97219512195123,Europe,1.39,-0.05,26,26
Iceland,ISL,1977,76.37365853658535,Europe,-0.6,-0.05,26,26
Iceland,ISL,1978,76.64926829268293,Europe,0.28,-0.05,26,26
Iceland,ISL,1979,76.77317073170732,Europe,0.12,-0.05,26,26
Iceland,ISL,1980,76.84658536585367,Europe,0.07,-0.05,26,26
Iceland,ISL,1981,76.52146341463414,Europe,-0.33,-0.05,26,26
Iceland,ISL,1982,77.03780487804879,Europe,0.52,-0.05,26,26
Iceland,ISL,1983,76.84560975609757,Europe,-0.19,-0.05,26,26
Iceland,ISL,1984,77.57658536585367,Europe,0.73,-0.05,26,26
Iceland,ISL,1985,77.60243902439025,Europe,0.03,-0.05,26,26
Iceland,ISL,1986,77.99073170731708,Europe,0.39,-0.05,26,26
Iceland,ISL,1987,77.33902439024392,Europe,-0.65,-0.05,26,26
Iceland,ISL,1988,77.0829268292683,Europe,-0.26,-0.05,26,26
Iceland,ISL,1989,78.14097560975611,Europe,1.06,-0.05,26,26
Iceland,ISL,1990,78.03634146341463,Europe,-0.1,-0.05,26,26
Iceland,ISL,1991,77.9919512195122,Europe,-0.04,-0.05,26,26
Iceland,ISL,1992,78.76024390243903,Europe,0.77,-0.05,26,26
Iceland,ISL,1993,78.93463414634148,Europe,0.17,-0.05,26,26
Iceland,ISL,1994,79.24707317073171,Europe,0.31,-0.05,26,26
Iceland,ISL,1995,77.98439024390244,Europe,-1.26,-0.05,26,26
Iceland,ISL,1996,78.7778048780488,Europe,0.79,-0.05,26,26
Iceland,ISL,1997,78.88536585365853,Europe,0.11,-0.05,26,26
Iceland,ISL,1998,79.60243902439025,Europe,0.72,-0.05,26,26
Iceland,ISL,1999,79.35121951219514,Europe,-0.25,-0.05,26,26
Iceland,ISL,2000,79.65365853658537,Europe,0.3,-0.05,26,26
Iceland,ISL,2001,80.69024390243904,Europe,1.04,-0.05,26,26
Iceland,ISL,2002,80.50243902439026,Europe,-0.19,-0.05,26,26
Iceland,ISL,2003,80.96341463414636,Europe,0.46,-0.05,26,26
Iceland,ISL,2004,80.99756097560977,Europe,0.03,-0.05,26,26
Iceland,ISL,2005,81.50243902439024,Europe,0.5,-0.05,26,26
Iceland,ISL,2006,81.15853658536587,Europe,-0.34,-0.05,26,26
Iceland,ISL,2007,81.45365853658538,Europe,0.3,-0.05,26,26
Iceland,ISL,2008,81.60975609756099,Europe,0.16,-0.05,26,26
Iceland,ISL,2009,81.75121951219514,Europe,0.14,-0.05,26,26
Iceland,ISL,2010,81.89756097560975,Europe,0.15,-0.05,26,26
Iceland,ISL,2011,82.35853658536587,Europe,0.46,-0.05,26,26
Iceland,ISL,2012,82.91707317073171,Europe,0.56,-0.05,26,26
Iceland,ISL,2013,82.06097560975611,Europe,-0.86,-0.05,26,26
Iceland,ISL,2014,82.86097560975611,Europe,0.8,-0.05,26,26
Iceland,ISL,2015,82.46829268292684,Europe,-0.39,-0.05,26,26
Iceland,ISL,2016,82.2048780487805,Europe,-0.26,-0.05,26,26
Iceland,ISL,2017,82.6609756097561,Europe,0.46,-0.05,26,26
Iceland,ISL,2018,82.86097560975611,Europe,0.2,-0.05,26,26
Iceland,ISL,2019,83.16341463414635,Europe,0.3,-0.05,26,26
Iceland,ISL,2020,83.06341463414634,Europe,-0.1,-0.05,26,26
Iceland,ISL,2021,83.16585365853659,Europe,0.1,-0.05,26,26
Iceland,ISL,2022,82.11951219512197,Europe,-1.05,-0.05,26,26
Iceland,ISL,2023,82.45609756097564,Europe,0.34,-0.05,26,26
Iceland,ISL,2024,82.80975609756098,Europe,0.35,-0.05,26,26
Israel,ISR,1961,72.00658536585365,Asia,,1.04,17,17
Israel,ISR,1962,72.11219512195122,Asia,0.11,1.04,17,17
Israel,ISR,1966,72.28560975609756,Asia,0.17,1.04,17,17
Israel,ISR,1967,71.509756097561,Asia,-0.78,1.04,17,17
Israel,ISR,1968,71.05658536585366,Asia,-0.45,1.04,17,17
Israel,ISR,1969,70.97048780487806,Asia,-0.09,1.04,17,17
Israel,ISR,1970,71.21341463414635,Asia,0.24,1.04,17,17
Israel,ISR,1971,71.7190243902439,Asia,0.51,1.04,17,17
Israel,ISR,1972,71.07804878048782,Asia,-0.64,1.04,17,17
Israel,ISR,1973,71.69341463414635,Asia,0.62,1.04,17,17
Israel,ISR,1974,71.66170731707318,Asia,-0.03,1.04,17,17
Israel,ISR,1975,72.04512195121951,Asia,0.38,1.04,17,17
Israel,ISR,1976,72.95609756097562,Asia,0.91,1.04,17,17
Israel,ISR,1977,72.95853658536586,Asia,0.0,1.04,17,17
Israel,ISR,1978,73.20731707317073,Asia,0.25,1.04,17,17
Israel,ISR,1979,73.50731707317074,Asia,0.3,1.04,17,17
Israel,ISR,1980,73.87560975609756,Asia,0.37,1.04,17,17
Israel,ISR,1981,74.26097560975612,Asia,0.39,1.04,17,17
Israel,ISR,1982,74.10975609756099,Asia,-0.15,1.04,17,17
Israel,ISR,1983,74.45853658536585,Asia,0.35,1.04,17,17
Israel,ISR,1984,74.80731707317074,Asia,0.35,1.04,17,17
Israel,ISR,1985,75.20731707317074,Asia,0.4,1.04,17,17
Israel,ISR,1986,74.95609756097562,Asia,-0.25,1.04,17,17
Israel,ISR,1987,75.25853658536586,Asia,0.3,1.04,17,17
Israel,ISR,1988,74.43658536585367,Asia,-0.82,1.04,17,17
Israel,ISR,1989,76.30731707317074,Asia,1.87,1.04,17,17
Israel,ISR,1990,76.60731707317075,Asia,0.3,1.04,17,17
Israel,ISR,1991,76.75853658536587,Asia,0.15,1.04,17,17
Israel,ISR,1992,76.5048780487805,Asia,-0.25,1.04,17,17
Israel,ISR,1993,77.15365853658537,Asia,0.65,1.04,17,17
Israel,ISR,1994,77.40243902439026,Asia,0.25,1.04,17,17
Israel,ISR,1995,77.45121951219514,Asia,0.05,1.04,17,17
Israel,ISR,1996,78.1048780487805,Asia,0.65,1.04,17,17
Israel,ISR,1997,78.0,Asia,-0.1,1.04,17,17
Israel,ISR,1998,78.14878048780487,Asia,0.15,1.04,17,17
Israel,ISR,1999,78.65853658536587,Asia,0.51,1.04,17,17
Israel,ISR,2000,78.95365853658538,Asia,0.3,1.04,17,17
Israel,ISR,2001,79.40731707317074,Asia,0.45,1.04,17,17
Israel,ISR,2002,79.45121951219512,Asia,0.04,1.04,17,17
Israel,ISR,2003,79.64878048780488,Asia,0.2,1.04,17,17
Israel,ISR,2004,80.14634146341464,Asia,0.5,1.04,17,17
Israel,ISR,2005,80.15121951219513,Asia,0.0,1.04,17,17
Israel,ISR,2006,80.55365853658537,Asia,0.4,1.04,17,17
Israel,ISR,2007,80.50487804878051,Asia,-0.05,1.04,17,17
Israel,ISR,2008,80.95121951219512,Asia,0.45,1.04,17,17
Israel,ISR,2009,81.40487804878049,Asia,0.45,1.04,17,17
Israel,ISR,2010,81.60243902439025,Asia,0.2,1.04,17,17
Israel,ISR,2011,81.65609756097562,Asia,0.05,1.04,17,17
Israel,ISR,2012,81.7048780487805,Asia,0.05,1.04,17,17
Israel,ISR,2013,82.05609756097562,Asia,0.35,1.04,17,17
Israel,ISR,2014,82.15365853658537,Asia,0.1,1.04,17,17
Israel,ISR,2015,82.05121951219512,Asia,-0.1,1.04,17,17
Israel,ISR,2016,82.40731707317074,Asia,0.36,1.04,17,17
Israel,ISR,2017,82.55121951219512,Asia,0.14,1.04,17,17
Israel,ISR,2018,82.80243902439025,Asia,0.25,1.04,17,17
Israel,ISR,2019,82.8048780487805,Asia,0.0,1.04,17,17
Israel,ISR,2020,82.64878048780488,Asia,-0.16,1.04,17,17
Israel,ISR,2021,82.50000000000001,Asia,-0.15,1.04,17,17
Israel,ISR,2022,82.70000000000002,Asia,0.2,1.04,17,17
Israel,ISR,2023,83.19512195121952,Asia,0.5,1.04,17,17
Israel,ISR,2024,83.19756097560976,Asia,0.0,1.04,17,17
Italy,ITA,1960,69.1239024390244,Europe,,0.86,11,11
Italy,ITA,1961,69.76024390243904,Europe,0.64,0.86,11,11
Italy,ITA,1962,69.14975609756098,Europe,-0.61,0.86,11,11
Italy,ITA,1963,69.24804878048782,Europe,0.1,0.86,11,11
Italy,ITA,1964,70.31170731707319,Europe,1.06,0.86,11,11
Italy,ITA,1965,70.17170731707319,Europe,-0.14,0.86,11,11
Italy,ITA,1966,70.92609756097562,Europe,0.75,0.86,11,11
Italy,ITA,1967,70.95658536585367,Europe,0.03,0.86,11,11
Italy,ITA,1968,70.78,Europe,-0.18,0.86,11,11
Italy,ITA,1969,70.81195121951221,Europe,0.03,0.86,11,11
Italy,ITA,1970,71.55878048780488,Europe,0.75,0.86,11,11
Italy,ITA,1971,71.80682926829269,Europe,0.25,0.86,11,11
Italy,ITA,1972,72.07536585365855,Europe,0.27,0.86,11,11
Italy,ITA,1973,72.02634146341464,Europe,-0.05,0.86,11,11
Italy,ITA,1974,72.73439024390245,Europe,0.71,0.86,11,11
Italy,ITA,1975,72.64731707317075,Europe,-0.09,0.86,11,11
Italy,ITA,1976,72.9919512195122,Europe,0.34,0.86,11,11
Italy,ITA,1977,73.36463414634147,Europe,0.37,0.86,11,11
Italy,ITA,1978,73.69317073170733,Europe,0.33,0.86,11,11
Italy,ITA,1979,74.00268292682927,Europe,0.31,0.86,11,11
Italy,ITA,1980,73.94317073170733,Europe,-0.06,0.86,11,11
Italy,ITA,1981,74.3539024390244,Europe,0.41,0.86,11,11
Italy,ITA,1982,74.81463414634148,Europe,0.46,0.86,11,11
Italy,ITA,1983,74.64024390243902,Europe,-0.17,0.86,11,11
Italy,ITA,1984,75.38951219512195,Europe,0.75,0.86,11,11
Italy,ITA,1985,75.47073170731709,Europe,0.08,0.86,11,11
Italy,ITA,1986,75.77073170731707,Europe,0.3,0.86,11,11
Italy,ITA,1987,76.21951219512196,Europe,0.45,0.86,11,11
Italy,ITA,1988,76.37073170731708,Europe,0.15,0.86,11,11
Italy,ITA,1989,76.81951219512197,Europe,0.45,0.86,11,11
Italy,ITA,1990,76.97073170731707,Europe,0.15,0.86,11,11
Italy,ITA,1991,77.01951219512195,Europe,0.05,0.86,11,11
Italy,ITA,1992,77.41951219512197,Europe,0.4,0.86,11,11
Italy,ITA,1993,77.72195121951219,Europe,0.3,0.86,11,11
Italy,ITA,1994,77.92195121951221,Europe,0.2,0.86,11,11
Italy,ITA,1995,78.17073170731707,Europe,0.25,0.86,11,11
Italy,ITA,1996,78.52195121951222,Europe,0.35,0.86,11,11
Italy,ITA,1997,78.82439024390244,Europe,0.3,0.86,11,11
Italy,ITA,1998,78.97560975609755,Europe,0.15,0.86,11,11
Italy,ITA,1999,79.42439024390244,Europe,0.45,0.86,11,11
Italy,ITA,2000,79.77804878048782,Europe,0.35,0.86,11,11
Italy,ITA,2001,80.12682926829268,Europe,0.35,0.86,11,11
Italy,ITA,2002,80.22926829268295,Europe,0.1,0.86,11,11
Italy,ITA,2003,79.98292682926831,Europe,-0.25,0.86,11,11
Italy,ITA,2004,80.78048780487806,Europe,0.8,0.86,11,11
Italy,ITA,2005,80.78292682926829,Europe,0.0,0.86,11,11
Italy,ITA,2006,81.28292682926829,Europe,0.5,0.86,11,11
Italy,ITA,2007,81.43414634146342,Europe,0.15,0.86,11,11
Italy,ITA,2008,81.48536585365855,Europe,0.05,0.86,11,11
Italy,ITA,2009,81.63658536585366,Europe,0.15,0.86,11,11
Italy,ITA,2010,82.03658536585367,Europe,0.4,0.86,11,11
Italy,ITA,2011,82.1878048780488,Europe,0.15,0.86,11,11
Italy,ITA,2012,82.23902439024391,Europe,0.05,0.86,11,11
Italy,ITA,2013,82.69024390243902,Europe,0.45,0.86,11,11
Italy,ITA,2014,83.09024390243904,Europe,0.4,0.86,11,11
Italy,ITA,2015,82.5439024390244,Europe,-0.55,0.86,11,11
Italy,ITA,2016,83.24390243902438,Europe,0.7,0.86,11,11
Italy,ITA,2017,82.94634146341465,Europe,-0.3,0.86,11,11
Italy,ITA,2018,83.34634146341465,Europe,0.4,0.86,11,11
Italy,ITA,2019,83.49756097560977,Europe,0.15,0.86,11,11
Italy,ITA,2020,82.19512195121952,Europe,-1.3,0.86,11,11
Italy,ITA,2021,82.64634146341464,Europe,0.45,0.86,11,11
Italy,ITA,2022,82.70000000000002,Europe,0.05,0.86,11,11
Italy,ITA,2023,83.35121951219513,Europe,0.65,0.86,11,11
Italy,ITA,2024,83.95121951219514,Europe,0.6,0.86,11,11
Jamaica,JAM,1960,63.828,America,,-0.75,142,142
Jamaica,JAM,1961,64.257,America,0.43,-0.75,142,142
Jamaica,JAM,1962,64.619,America,0.36,-0.75,142,142
Jamaica,JAM,1963,64.999,America,0.38,-0.75,142,142
Jamaica,JAM,1964,65.347,America,0.35,-0.75,142,142
Jamaica,JAM,1965,65.663,America,0.32,-0.75,142,142
Jamaica,JAM,1966,65.928,America,0.27,-0.75,142,142
Jamaica,JAM,1967,66.086,America,0.16,-0.75,142,142
Jamaica,JAM,1968,66.319,America,0.23,-0.75,142,142
Jamaica,JAM,1969,66.516,America,0.2,-0.75,142,142
Jamaica,JAM,1970,66.731,America,0.21,-0.75,142,142
Jamaica,JAM,1971,66.997,America,0.27,-0.75,142,142
Jamaica,JAM,1972,67.304,America,0.31,-0.75,142,142
Jamaica,JAM,1973,67.607,America,0.3,-0.75,142,142
Jamaica,JAM,1974,67.913,America,0.31,-0.75,142,142
Jamaica,JAM,1975,68.168,America,0.26,-0.75,142,142
Jamaica,JAM,1976,68.412,America,0.24,-0.75,142,142
Jamaica,JAM,1977,68.586,America,0.17,-0.75,142,142
Jamaica,JAM,1978,68.739,America,0.15,-0.75,142,142
Jamaica,JAM,1979,68.813,America,0.07,-0.75,142,142
Jamaica,JAM,1980,68.992,America,0.18,-0.75,142,142
Jamaica,JAM,1981,69.12,America,0.13,-0.75,142,142
Jamaica,JAM,1982,69.253,America,0.13,-0.75,142,142
Jamaica,JAM,1983,69.546,America,0.29,-0.75,142,142
Jamaica,JAM,1984,69.809,America,0.26,-0.75,142,142
Jamaica,JAM,1985,70.101,America,0.29,-0.75,142,142
Jamaica,JAM,1986,70.446,America,0.34,-0.75,142,142
Jamaica,JAM,1987,70.87,America,0.42,-0.75,142,142
Jamaica,JAM,1988,71.161,America,0.29,-0.75,142,142
Jamaica,JAM,1989,71.512,America,0.35,-0.75,142,142
Jamaica,JAM,1990,71.705,America,0.19,-0.75,142,142
Jamaica,JAM,1991,71.787,America,0.08,-0.75,142,142
Jamaica,JAM,1992,71.816,America,0.03,-0.75,142,142
Jamaica,JAM,1993,71.758,America,-0.06,-0.75,142,142
Jamaica,JAM,1994,71.624,America,-0.13,-0.75,142,142
Jamaica,JAM,1995,71.488,America,-0.14,-0.75,142,142
Jamaica,JAM,1996,71.328,America,-0.16,-0.75,142,142
Jamaica,JAM,1997,71.216,America,-0.11,-0.75,142,142
Jamaica,JAM,1998,71.17,America,-0.05,-0.75,142,142
Jamaica,JAM,1999,71.189,America,0.02,-0.75,142,142
Jamaica,JAM,2000,71.281,America,0.09,-0.75,142,142
Jamaica,JAM,2001,71.287,America,0.01,-0.75,142,142
Jamaica,JAM,2002,71.478,America,0.19,-0.75,142,142
Jamaica,JAM,2003,71.585,America,0.11,-0.75,142,142
Jamaica,JAM,2004,71.542,America,-0.04,-0.75,142,142
Jamaica,JAM,2005,71.493,America,-0.05,-0.75,142,142
Jamaica,JAM,2006,71.395,America,-0.1,-0.75,142,142
Jamaica,JAM,2007,71.405,America,0.01,-0.75,142,142
Jamaica,JAM,2008,71.502,America,0.1,-0.75,142,142
Jamaica,JAM,2009,71.717,America,0.22,-0.75,142,142
Jamaica,JAM,2010,71.979,America,0.26,-0.75,142,142
Jamaica,JAM,2011,72.245,America,0.27,-0.75,142,142
Jamaica,JAM,2012,72.405,America,0.16,-0.75,142,142
Jamaica,JAM,2013,72.435,America,0.03,-0.75,142,142
Jamaica,JAM,2014,72.357,America,-0.08,-0.75,142,142
Jamaica,JAM,2015,72.214,America,-0.14,-0.75,142,142
Jamaica,JAM,2016,72.052,America,-0.16,-0.75,142,142
Jamaica,JAM,2017,71.879,America,-0.17,-0.75,142,142
Jamaica,JAM,2018,71.606,America,-0.27,-0.75,142,142
Jamaica,JAM,2019,71.532,America,-0.07,-0.75,142,142
Jamaica,JAM,2020,71.452,America,-0.08,-0.75,142,142
Jamaica,JAM,2021,69.085,America,-2.37,-0.75,142,142
Jamaica,JAM,2022,71.481,America,2.4,-0.75,142,142
Jamaica,JAM,2023,71.479,America,-0.0,-0.75,142,142
Jamaica,JAM,2024,71.606,America,0.13,-0.75,142,142
Jordan,JOR,1960,52.678,Asia,,3.38,71,71
Jordan,JOR,1961,53.68,Asia,1.0,3.38,71,71
Jordan,JOR,1962,54.633,Asia,0.95,3.38,71,71
Jordan,JOR,1963,55.489,Asia,0.86,3.38,71,71
Jordan,JOR,1964,56.456,Asia,0.97,3.38,71,71
Jordan,JOR,1965,57.317,Asia,0.86,3.38,71,71
Jordan,JOR,1966,57.762,Asia,0.45,3.38,71,71
Jordan,JOR,1967,58.97,Asia,1.21,3.38,71,71
Jordan,JOR,1968,59.767,Asia,0.8,3.38,71,71
Jordan,JOR,1969,60.504,Asia,0.74,3.38,71,71
Jordan,JOR,1970,59.833,Asia,-0.67,3.38,71,71
Jordan,JOR,1971,61.772,Asia,1.94,3.38,71,71
Jordan,JOR,1972,62.477,Asia,0.7,3.38,71,71
Jordan,JOR,1973,63.065,Asia,0.59,3.38,71,71
Jordan,JOR,1974,63.611,Asia,0.55,3.38,71,71
Jordan,JOR,1975,64.148,Asia,0.54,3.38,71,71
Jordan,JOR,1976,64.654,Asia,0.51,3.38,71,71
Jordan,JOR,1977,65.127,Asia,0.47,3.38,71,71
Jordan,JOR,1978,65.602,Asia,0.48,3.38,71,71
Jordan,JOR,1979,66.049,Asia,0.45,3.38,71,71
Jordan,JOR,1980,66.493,Asia,0.44,3.38,71,71
Jordan,JOR,1981,66.92,Asia,0.43,3.38,71,71
Jordan,JOR,1982,67.36,Asia,0.44,3.38,71,71
Jordan,JOR,1983,67.778,Asia,0.42,3.38,71,71
Jordan,JOR,1984,68.206,Asia,0.43,3.38,71,71
Jordan,JOR,1985,68.587,Asia,0.38,3.38,71,71
Jordan,JOR,1986,68.962,Asia,0.38,3.38,71,71
Jordan,JOR,1987,69.297,Asia,0.33,3.38,71,71
Jordan,JOR,1988,69.605,Asia,0.31,3.38,71,71
Jordan,JOR,1989,69.865,Asia,0.26,3.38,71,71
Jordan,JOR,1990,70.094,Asia,0.23,3.38,71,71
Jordan,JOR,1991,70.24,Asia,0.15,3.38,71,71
Jordan,JOR,1992,70.4,Asia,0.16,3.38,71,71
Jordan,JOR,1993,70.568,Asia,0.17,3.38,71,71
Jordan,JOR,1994,70.738,Asia,0.17,3.38,71,71
Jordan,JOR,1995,70.915,Asia,0.18,3.38,71,71
Jordan,JOR,1996,71.105,Asia,0.19,3.38,71,71
Jordan,JOR,1997,71.324,Asia,0.22,3.38,71,71
Jordan,JOR,1998,71.521,Asia,0.2,3.38,71,71
Jordan,JOR,1999,71.737,Asia,0.22,3.38,71,71
Jordan,JOR,2000,71.926,Asia,0.19,3.38,71,71
Jordan,JOR,2001,72.141,Asia,0.22,3.38,71,71
Jordan,JOR,2002,72.359,Asia,0.22,3.38,71,71
Jordan,JOR,2003,72.585,Asia,0.23,3.38,71,71
Jordan,JOR,2004,72.788,Asia,0.2,3.38,71,71
Jordan,JOR,2005,72.977,Asia,0.19,3.38,71,71
Jordan,JOR,2006,73.225,Asia,0.25,3.38,71,71
Jordan,JOR,2007,73.407,Asia,0.18,3.38,71,71
Jordan,JOR,2008,73.563,Asia,0.16,3.38,71,71
Jordan,JOR,2009,73.707,Asia,0.14,3.38,71,71
Jordan,JOR,2010,73.797,Asia,0.09,3.38,71,71
Jordan,JOR,2011,73.929,Asia,0.13,3.38,71,71
Jordan,JOR,2012,74.087,Asia,0.16,3.38,71,71
Jordan,JOR,2013,74.282,Asia,0.19,3.38,71,71
Jordan,JOR,2014,74.606,Asia,0.32,3.38,71,71
Jordan,JOR,2015,75.06,Asia,0.45,3.38,71,71
Jordan,JOR,2016,75.55,Asia,0.49,3.38,71,71
Jordan,JOR,2017,76.071,Asia,0.52,3.38,71,71
Jordan,JOR,2018,76.491,Asia,0.42,3.38,71,71
Jordan,JOR,2019,76.865,Asia,0.37,3.38,71,71
Jordan,JOR,2020,75.583,Asia,-1.28,3.38,71,71
Jordan,JOR,2021,74.204,Asia,-1.38,3.38,71,71
Jordan,JOR,2022,77.088,Asia,2.88,3.38,71,71
Jordan,JOR,2023,77.814,Asia,0.73,3.38,71,71
Jordan,JOR,2024,77.981,Asia,0.17,3.38,71,71
Japan,JPN,1960,67.69560975609757,Asia,,0.45,10,10
Japan,JPN,1961,68.35195121951222,Asia,0.66,0.45,10,10
Japan,JPN,1962,68.6348780487805,Asia,0.28,0.45,10,10
Japan,JPN,1963,69.71243902439025,Asia,1.08,0.45,10,10
Japan,JPN,1964,70.20658536585366,Asia,0.49,0.45,10,10
Japan,JPN,1965,70.26682926829268,Asia,0.06,0.45,10,10
Japan,JPN,1966,70.91585365853659,Asia,0.65,0.45,10,10
Japan,JPN,1967,71.46609756097563,Asia,0.55,0.45,10,10
Japan,JPN,1968,71.61097560975611,Asia,0.14,0.45,10,10
Japan,JPN,1969,71.85804878048782,Asia,0.25,0.45,10,10
Japan,JPN,1970,71.91975609756098,Asia,0.06,0.45,10,10
Japan,JPN,1971,72.8090243902439,Asia,0.89,0.45,10,10
Japan,JPN,1972,73.15365853658537,Asia,0.34,0.45,10,10
Japan,JPN,1973,73.29512195121951,Asia,0.14,0.45,10,10
Japan,JPN,1974,73.67219512195123,Asia,0.38,0.45,10,10
Japan,JPN,1975,74.24707317073171,Asia,0.57,0.45,10,10
Japan,JPN,1976,74.68658536585367,Asia,0.44,0.45,10,10
Japan,JPN,1977,75.25585365853658,Asia,0.57,0.45,10,10
Japan,JPN,1978,75.58463414634147,Asia,0.33,0.45,10,10
Japan,JPN,1979,76.10878048780488,Asia,0.52,0.45,10,10
Japan,JPN,1980,75.98902439024391,Asia,-0.12,0.45,10,10
Japan,JPN,1981,76.39487804878051,Asia,0.41,0.45,10,10
Japan,JPN,1982,76.87365853658538,Asia,0.48,0.45,10,10
Japan,JPN,1983,76.9219512195122,Asia,0.05,0.45,10,10
Japan,JPN,1984,77.29121951219513,Asia,0.37,0.45,10,10
Japan,JPN,1985,77.56048780487806,Asia,0.27,0.45,10,10
Japan,JPN,1986,78.01048780487805,Asia,0.45,0.45,10,10
Japan,JPN,1987,78.42951219512197,Asia,0.42,0.45,10,10
Japan,JPN,1988,78.349756097561,Asia,-0.08,0.45,10,10
Japan,JPN,1989,78.76853658536587,Asia,0.42,0.45,10,10
Japan,JPN,1990,78.83707317073173,Asia,0.07,0.45,10,10
Japan,JPN,1991,79.0368292682927,Asia,0.2,0.45,10,10
Japan,JPN,1992,79.08024390243904,Asia,0.04,0.45,10,10
Japan,JPN,1993,79.30365853658537,Asia,0.22,0.45,10,10
Japan,JPN,1994,79.69682926829269,Asia,0.39,0.45,10,10
Japan,JPN,1995,79.5360975609756,Asia,-0.16,0.45,10,10
Japan,JPN,1996,80.21975609756099,Asia,0.68,0.45,10,10
Japan,JPN,1997,80.42414634146341,Asia,0.2,0.45,10,10
Japan,JPN,1998,80.50146341463416,Asia,0.08,0.45,10,10
Japan,JPN,1999,80.4609756097561,Asia,-0.04,0.45,10,10
Japan,JPN,2000,81.07609756097563,Asia,0.62,0.45,10,10
Japan,JPN,2001,81.41634146341464,Asia,0.34,0.45,10,10
Japan,JPN,2002,81.69073170731708,Asia,0.27,0.45,10,10
Japan,JPN,2003,81.76,Asia,0.07,0.45,10,10
Japan,JPN,2004,82.03024390243904,Asia,0.27,0.45,10,10
Japan,JPN,2005,81.95512195121951,Asia,-0.08,0.45,10,10
Japan,JPN,2006,82.3219512195122,Asia,0.37,0.45,10,10
Japan,JPN,2007,82.50707317073172,Asia,0.19,0.45,10,10
Japan,JPN,2008,82.58756097560978,Asia,0.08,0.45,10,10
Japan,JPN,2009,82.93146341463415,Asia,0.34,0.45,10,10
Japan,JPN,2010,82.84268292682927,Asia,-0.09,0.45,10,10
Japan,JPN,2011,82.59121951219514,Asia,-0.25,0.45,10,10
Japan,JPN,2012,83.09609756097561,Asia,0.5,0.45,10,10
Japan,JPN,2013,83.3319512195122,Asia,0.24,0.45,10,10
Japan,JPN,2014,83.5878048780488,Asia,0.26,0.45,10,10
Japan,JPN,2015,83.7939024390244,Asia,0.21,0.45,10,10
Japan,JPN,2016,83.9848780487805,Asia,0.19,0.45,10,10
Japan,JPN,2017,84.09975609756098,Asia,0.11,0.45,10,10
Japan,JPN,2018,84.2109756097561,Asia,0.11,0.45,10,10
Japan,JPN,2019,84.35634146341464,Asia,0.15,0.45,10,10
Japan,JPN,2020,84.56000000000002,Asia,0.2,0.45,10,10
Japan,JPN,2021,84.44560975609757,Asia,-0.11,0.45,10,10
Japan,JPN,2022,83.99634146341464,Asia,-0.45,0.45,10,10
Japan,JPN,2023,84.04121951219513,Asia,0.04,0.45,10,10
Japan,JPN,2024,84.03634146341463,Asia,-0.0,0.45,10,10
Kazakhstan,KAZ,1960,57.946,Asia,,3.12,113,113
Kazakhstan,KAZ,1961,58.169,Asia,0.22,3.12,113,113
Kazakhstan,KAZ,1962,58.392,Asia,0.22,3.12,113,113
Kazakhstan,KAZ,1963,58.612,Asia,0.22,3.12,113,113
Kazakhstan,KAZ,1964,58.83,Asia,0.22,3.12,113,113
Kazakhstan,KAZ,1965,59.042,Asia,0.21,3.12,113,113
Kazakhstan,KAZ,1966,59.247,Asia,0.2,3.12,113,113
Kazakhstan,KAZ,1967,59.446,Asia,0.2,3.12,113,113
Kazakhstan,KAZ,1968,59.643,Asia,0.2,3.12,113,113
Kazakhstan,KAZ,1969,59.843,Asia,0.2,3.12,113,113
Kazakhstan,KAZ,1970,60.049,Asia,0.21,3.12,113,113
Kazakhstan,KAZ,1971,60.262,Asia,0.21,3.12,113,113
Kazakhstan,KAZ,1972,60.48,Asia,0.22,3.12,113,113
Kazakhstan,KAZ,1973,60.697,Asia,0.22,3.12,113,113
Kazakhstan,KAZ,1974,60.908,Asia,0.21,3.12,113,113
Kazakhstan,KAZ,1975,61.11,Asia,0.2,3.12,113,113
Kazakhstan,KAZ,1976,61.301,Asia,0.19,3.12,113,113
Kazakhstan,KAZ,1977,61.517,Asia,0.22,3.12,113,113
Kazakhstan,KAZ,1978,61.765,Asia,0.25,3.12,113,113
Kazakhstan,KAZ,1979,62.072,Asia,0.31,3.12,113,113
Kazakhstan,KAZ,1980,62.516,Asia,0.44,3.12,113,113
Kazakhstan,KAZ,1981,62.996,Asia,0.48,3.12,113,113
Kazakhstan,KAZ,1982,63.586,Asia,0.59,3.12,113,113
Kazakhstan,KAZ,1983,64.224,Asia,0.64,3.12,113,113
Kazakhstan,KAZ,1984,64.839,Asia,0.61,3.12,113,113
Kazakhstan,KAZ,1985,65.376,Asia,0.54,3.12,113,113
Kazakhstan,KAZ,1986,65.788,Asia,0.41,3.12,113,113
Kazakhstan,KAZ,1987,65.996,Asia,0.21,3.12,113,113
Kazakhstan,KAZ,1988,66.032,Asia,0.04,3.12,113,113
Kazakhstan,KAZ,1989,65.915,Asia,-0.12,3.12,113,113
Kazakhstan,KAZ,1990,65.701,Asia,-0.21,3.12,113,113
Kazakhstan,KAZ,1991,65.379,Asia,-0.32,3.12,113,113
Kazakhstan,KAZ,1992,64.978,Asia,-0.4,3.12,113,113
Kazakhstan,KAZ,1993,64.538,Asia,-0.44,3.12,113,113
Kazakhstan,KAZ,1994,64.108,Asia,-0.43,3.12,113,113
Kazakhstan,KAZ,1995,63.717,Asia,-0.39,3.12,113,113
Kazakhstan,KAZ,1996,63.455,Asia,-0.26,3.12,113,113
Kazakhstan,KAZ,1997,63.318,Asia,-0.14,3.12,113,113
Kazakhstan,KAZ,1998,63.349,Asia,0.03,3.12,113,113
Kazakhstan,KAZ,1999,63.528,Asia,0.18,3.12,113,113
Kazakhstan,KAZ,2000,63.793,Asia,0.27,3.12,113,113
Kazakhstan,KAZ,2001,64.108,Asia,0.32,3.12,113,113
Kazakhstan,KAZ,2002,64.441,Asia,0.33,3.12,113,113
Kazakhstan,KAZ,2003,64.753,Asia,0.31,3.12,113,113
Kazakhstan,KAZ,2004,65.04,Asia,0.29,3.12,113,113
Kazakhstan,KAZ,2005,65.356,Asia,0.32,3.12,113,113
Kazakhstan,KAZ,2006,65.722,Asia,0.37,3.12,113,113
Kazakhstan,KAZ,2007,66.18,Asia,0.46,3.12,113,113
Kazakhstan,KAZ,2008,66.759,Asia,0.58,3.12,113,113
Kazakhstan,KAZ,2009,67.46,Asia,0.7,3.12,113,113
Kazakhstan,KAZ,2010,68.257,Asia,0.8,3.12,113,113
Kazakhstan,KAZ,2011,69.108,Asia,0.85,3.12,113,113
Kazakhstan,KAZ,2012,69.939,Asia,0.83,3.12,113,113
Kazakhstan,KAZ,2013,70.719,Asia,0.78,3.12,113,113
Kazakhstan,KAZ,2014,71.415,Asia,0.7,3.12,113,113
Kazakhstan,KAZ,2015,72.024,Asia,0.61,3.12,113,113
Kazakhstan,KAZ,2016,72.549,Asia,0.53,3.12,113,113
Kazakhstan,KAZ,2017,72.996,Asia,0.45,3.12,113,113
Kazakhstan,KAZ,2018,73.369,Asia,0.37,3.12,113,113
Kazakhstan,KAZ,2019,73.658,Asia,0.29,3.12,113,113
Kazakhstan,KAZ,2020,71.195,Asia,-2.46,3.12,113,113
Kazakhstan,KAZ,2021,70.131,Asia,-1.06,3.12,113,113
Kazakhstan,KAZ,2022,73.503,Asia,3.37,3.12,113,113
Kazakhstan,KAZ,2023,74.402,Asia,0.9,3.12,113,113
Kazakhstan,KAZ,2024,74.531,Asia,0.13,3.12,113,113
Kenya,KEN,1960,48.477,Africa,,1.84,197,197
Kenya,KEN,1961,49.33,Africa,0.85,1.84,197,197
Kenya,KEN,1962,50.104,Africa,0.77,1.84,197,197
Kenya,KEN,1963,50.758,Africa,0.65,1.84,197,197
Kenya,KEN,1964,51.323,Africa,0.56,1.84,197,197
Kenya,KEN,1965,51.886,Africa,0.56,1.84,197,197
Kenya,KEN,1966,52.383,Africa,0.5,1.84,197,197
Kenya,KEN,1967,52.796,Africa,0.41,1.84,197,197
Kenya,KEN,1968,53.302,Africa,0.51,1.84,197,197
Kenya,KEN,1969,53.734,Africa,0.43,1.84,197,197
Kenya,KEN,1970,54.143,Africa,0.41,1.84,197,197
Kenya,KEN,1971,54.543,Africa,0.4,1.84,197,197
Kenya,KEN,1972,55.013,Africa,0.47,1.84,197,197
Kenya,KEN,1973,55.5,Africa,0.49,1.84,197,197
Kenya,KEN,1974,56.039,Africa,0.54,1.84,197,197
Kenya,KEN,1975,56.62,Africa,0.58,1.84,197,197
Kenya,KEN,1976,57.153,Africa,0.53,1.84,197,197
Kenya,KEN,1977,57.684,Africa,0.53,1.84,197,197
Kenya,KEN,1978,58.234,Africa,0.55,1.84,197,197
Kenya,KEN,1979,58.691,Africa,0.46,1.84,197,197
Kenya,KEN,1980,59.175,Africa,0.48,1.84,197,197
Kenya,KEN,1981,59.562,Africa,0.39,1.84,197,197
Kenya,KEN,1982,59.904,Africa,0.34,1.84,197,197
Kenya,KEN,1983,60.342,Africa,0.44,1.84,197,197
Kenya,KEN,1984,60.611,Africa,0.27,1.84,197,197
Kenya,KEN,1985,60.856,Africa,0.25,1.84,197,197
Kenya,KEN,1986,60.818,Africa,-0.04,1.84,197,197
Kenya,KEN,1987,60.721,Africa,-0.1,1.84,197,197
Kenya,KEN,1988,60.32,Africa,-0.4,1.84,197,197
Kenya,KEN,1989,59.99,Africa,-0.33,1.84,197,197
Kenya,KEN,1990,58.334,Africa,-1.66,1.84,197,197
Kenya,KEN,1991,57.826,Africa,-0.51,1.84,197,197
Kenya,KEN,1992,57.095,Africa,-0.73,1.84,197,197
Kenya,KEN,1993,56.668,Africa,-0.43,1.84,197,197
Kenya,KEN,1994,56.101,Africa,-0.57,1.84,197,197
Kenya,KEN,1995,55.856,Africa,-0.24,1.84,197,197
Kenya,KEN,1996,55.575,Africa,-0.28,1.84,197,197
Kenya,KEN,1997,55.478,Africa,-0.1,1.84,197,197
Kenya,KEN,1998,55.568,Africa,0.09,1.84,197,197
Kenya,KEN,1999,55.866,Africa,0.3,1.84,197,197
Kenya,KEN,2000,56.084,Africa,0.22,1.84,197,197
Kenya,KEN,2001,56.501,Africa,0.42,1.84,197,197
Kenya,KEN,2002,56.759,Africa,0.26,1.84,197,197
Kenya,KEN,2003,57.369,Africa,0.61,1.84,197,197
Kenya,KEN,2004,57.947,Africa,0.58,1.84,197,197
Kenya,KEN,2005,58.51,Africa,0.56,1.84,197,197
Kenya,KEN,2006,59.059,Africa,0.55,1.84,197,197
Kenya,KEN,2007,59.407,Africa,0.35,1.84,197,197
Kenya,KEN,2008,59.955,Africa,0.55,1.84,197,197
Kenya,KEN,2009,60.483,Africa,0.53,1.84,197,197
Kenya,KEN,2010,60.915,Africa,0.43,1.84,197,197
Kenya,KEN,2011,61.283,Africa,0.37,1.84,197,197
Kenya,KEN,2012,61.537,Africa,0.25,1.84,197,197
Kenya,KEN,2013,61.729,Africa,0.19,1.84,197,197
Kenya,KEN,2014,61.99,Africa,0.26,1.84,197,197
Kenya,KEN,2015,62.279,Africa,0.29,1.84,197,197
Kenya,KEN,2016,62.526,Africa,0.25,1.84,197,197
Kenya,KEN,2017,62.725,Africa,0.2,1.84,197,197
Kenya,KEN,2018,62.825,Africa,0.1,1.84,197,197
Kenya,KEN,2019,62.939,Africa,0.11,1.84,197,197
Kenya,KEN,2020,61.596,Africa,-1.34,1.84,197,197
Kenya,KEN,2021,61.225,Africa,-0.37,1.84,197,197
Kenya,KEN,2022,63.549,Africa,2.32,1.84,197,197
Kenya,KEN,2023,63.646,Africa,0.1,1.84,197,197
Kenya,KEN,2024,63.834,Africa,0.19,1.84,197,197
Kyrgyz Republic,KGZ,1960,55.02858536585367,Asia,,2.0,133,133
Kyrgyz Republic,KGZ,1961,55.33412195121952,Asia,0.31,2.0,133,133
Kyrgyz Republic,KGZ,1962,55.64175609756098,Asia,0.31,2.0,133,133
Kyrgyz Republic,KGZ,1963,55.93258536585366,Asia,0.29,2.0,133,133
Kyrgyz Republic,KGZ,1964,56.220000000000006,Asia,0.29,2.0,133,133
Kyrgyz Republic,KGZ,1965,56.519048780487815,Asia,0.3,2.0,133,133
Kyrgyz Republic,KGZ,1966,56.82739024390244,Asia,0.31,2.0,133,133
Kyrgyz Republic,KGZ,1967,57.15595121951221,Asia,0.33,2.0,133,133
Kyrgyz Republic,KGZ,1968,57.44809756097561,Asia,0.29,2.0,133,133
Kyrgyz Republic,KGZ,1969,57.75478048780489,Asia,0.31,2.0,133,133
Kyrgyz Republic,KGZ,1970,58.01863414634147,Asia,0.26,2.0,133,133
Kyrgyz Republic,KGZ,1971,58.32178048780489,Asia,0.3,2.0,133,133
Kyrgyz Republic,KGZ,1972,58.64582926829269,Asia,0.32,2.0,133,133
Kyrgyz Republic,KGZ,1973,58.989780487804886,Asia,0.34,2.0,133,133
Kyrgyz Republic,KGZ,1974,59.34375609756098,Asia,0.35,2.0,133,133
Kyrgyz Republic,KGZ,1975,59.61819512195123,Asia,0.27,2.0,133,133
Kyrgyz Republic,KGZ,1976,59.88426829268294,Asia,0.27,2.0,133,133
Kyrgyz Republic,KGZ,1977,60.1499756097561,Asia,0.27,2.0,133,133
Kyrgyz Republic,KGZ,1978,60.48478048780488,Asia,0.33,2.0,133,133
Kyrgyz Republic,KGZ,1979,60.86621951219513,Asia,0.38,2.0,133,133
Kyrgyz Republic,KGZ,1980,61.307219512195125,Asia,0.44,2.0,133,133
Kyrgyz Republic,KGZ,1981,61.62397560975611,Asia,0.32,2.0,133,133
Kyrgyz Republic,KGZ,1982,62.04256097560976,Asia,0.42,2.0,133,133
Kyrgyz Republic,KGZ,1983,62.11234146341464,Asia,0.07,2.0,133,133
Kyrgyz Republic,KGZ,1984,62.62024390243904,Asia,0.51,2.0,133,133
Kyrgyz Republic,KGZ,1985,63.42700000000001,Asia,0.81,2.0,133,133
Kyrgyz Republic,KGZ,1986,64.4399512195122,Asia,1.01,2.0,133,133
Kyrgyz Republic,KGZ,1987,65.14163414634146,Asia,0.7,2.0,133,133
Kyrgyz Republic,KGZ,1988,65.00370731707318,Asia,-0.14,2.0,133,133
Kyrgyz Republic,KGZ,1989,67.90731707317074,Asia,2.9,2.0,133,133
Kyrgyz Republic,KGZ,1990,68.29756097560976,Asia,0.39,2.0,133,133
Kyrgyz Republic,KGZ,1991,68.55121951219513,Asia,0.25,2.0,133,133
Kyrgyz Republic,KGZ,1992,68.10243902439025,Asia,-0.45,2.0,133,133
Kyrgyz Republic,KGZ,1993,67.19268292682928,Asia,-0.91,2.0,133,133
Kyrgyz Republic,KGZ,1994,66.03902439024391,Asia,-1.15,2.0,133,133
Kyrgyz Republic,KGZ,1995,65.79024390243903,Asia,-0.25,2.0,133,133
Kyrgyz Republic,KGZ,1996,66.54390243902441,Asia,0.75,2.0,133,133
Kyrgyz Republic,KGZ,1997,66.89268292682927,Asia,0.35,2.0,133,133
Kyrgyz Republic,KGZ,1998,67.05121951219513,Asia,0.16,2.0,133,133
Kyrgyz Republic,KGZ,1999,68.65609756097562,Asia,1.6,2.0,133,133
Kyrgyz Republic,KGZ,2000,68.55853658536587,Asia,-0.1,2.0,133,133
Kyrgyz Republic,KGZ,2001,68.70731707317073,Asia,0.15,2.0,133,133
Kyrgyz Republic,KGZ,2002,68.15609756097561,Asia,-0.55,2.0,133,133
Kyrgyz Republic,KGZ,2003,68.25609756097562,Asia,0.1,2.0,133,133
Kyrgyz Republic,KGZ,2004,68.15365853658537,Asia,-0.1,2.0,133,133
Kyrgyz Republic,KGZ,2005,67.95609756097562,Asia,-0.2,2.0,133,133
Kyrgyz Republic,KGZ,2006,67.6951219512195,Asia,-0.26,2.0,133,133
Kyrgyz Republic,KGZ,2007,67.89512195121952,Asia,0.2,2.0,133,133
Kyrgyz Republic,KGZ,2008,68.45121951219512,Asia,0.56,2.0,133,133
Kyrgyz Republic,KGZ,2009,69.10243902439026,Asia,0.65,2.0,133,133
Kyrgyz Republic,KGZ,2010,69.30000000000001,Asia,0.2,2.0,133,133
Kyrgyz Republic,KGZ,2011,69.60243902439025,Asia,0.3,2.0,133,133
Kyrgyz Republic,KGZ,2012,70.00243902439024,Asia,0.4,2.0,133,133
Kyrgyz Republic,KGZ,2013,70.20243902439024,Asia,0.2,2.0,133,133
Kyrgyz Republic,KGZ,2014,70.40243902439025,Asia,0.2,2.0,133,133
Kyrgyz Republic,KGZ,2015,70.65121951219513,Asia,0.25,2.0,133,133
Kyrgyz Republic,KGZ,2016,70.95121951219512,Asia,0.3,2.0,133,133
Kyrgyz Republic,KGZ,2017,71.20000000000002,Asia,0.25,2.0,133,133
Kyrgyz Republic,KGZ,2018,71.4,Asia,0.2,2.0,133,133
Kyrgyz Republic,KGZ,2019,71.60000000000001,Asia,0.2,2.0,133,133
Kyrgyz Republic,KGZ,2020,71.80000000000001,Asia,0.2,2.0,133,133
Kyrgyz Republic,KGZ,2021,71.9,Asia,0.1,2.0,133,133
Kyrgyz Republic,KGZ,2022,72.04878048780488,Asia,0.15,2.0,133,133
Kyrgyz Republic,KGZ,2023,72.2487804878049,Asia,0.2,2.0,133,133
Kyrgyz Republic,KGZ,2024,72.40000000000002,Asia,0.15,2.0,133,133
Cambodia,KHM,1960,42.134,Asia,,1.7,148,148
Cambodia,KHM,1961,42.588,Asia,0.45,1.7,148,148
Cambodia,KHM,1962,43.079,Asia,0.49,1.7,148,148
Cambodia,KHM,1963,43.612,Asia,0.53,1.7,148,148
Cambodia,KHM,1964,44.044,Asia,0.43,1.7,148,148
Cambodia,KHM,1965,44.497,Asia,0.45,1.7,148,148
Cambodia,KHM,1966,44.948,Asia,0.45,1.7,148,148
Cambodia,KHM,1967,45.193,Asia,0.24,1.7,148,148
Cambodia,KHM,1968,45.586,Asia,0.39,1.7,148,148
Cambodia,KHM,1969,45.935,Asia,0.35,1.7,148,148
Cambodia,KHM,1970,38.628,Asia,-7.31,1.7,148,148
Cambodia,KHM,1971,38.7,Asia,0.07,1.7,148,148
Cambodia,KHM,1972,38.909,Asia,0.21,1.7,148,148
Cambodia,KHM,1973,39.078,Asia,0.17,1.7,148,148
Cambodia,KHM,1974,39.296,Asia,0.22,1.7,148,148
Cambodia,KHM,1975,12.784,Asia,-26.51,1.7,148,148
Cambodia,KHM,1976,11.632,Asia,-1.15,1.7,148,148
Cambodia,KHM,1977,11.295,Asia,-0.34,1.7,148,148
Cambodia,KHM,1978,11.573,Asia,0.28,1.7,148,148
Cambodia,KHM,1979,41.072,Asia,29.5,1.7,148,148
Cambodia,KHM,1980,47.498,Asia,6.43,1.7,148,148
Cambodia,KHM,1981,48.035,Asia,0.54,1.7,148,148
Cambodia,KHM,1982,48.755,Asia,0.72,1.7,148,148
Cambodia,KHM,1983,49.383,Asia,0.63,1.7,148,148
Cambodia,KHM,1984,50.089,Asia,0.71,1.7,148,148
Cambodia,KHM,1985,50.799,Asia,0.71,1.7,148,148
Cambodia,KHM,1986,51.555,Asia,0.76,1.7,148,148
Cambodia,KHM,1987,53.674,Asia,2.12,1.7,148,148
Cambodia,KHM,1988,54.433,Asia,0.76,1.7,148,148
Cambodia,KHM,1989,54.768,Asia,0.34,1.7,148,148
Cambodia,KHM,1990,55.205,Asia,0.44,1.7,148,148
Cambodia,KHM,1991,55.582,Asia,0.38,1.7,148,148
Cambodia,KHM,1992,55.747,Asia,0.16,1.7,148,148
Cambodia,KHM,1993,56.036,Asia,0.29,1.7,148,148
Cambodia,KHM,1994,56.221,Asia,0.18,1.7,148,148
Cambodia,KHM,1995,56.562,Asia,0.34,1.7,148,148
Cambodia,KHM,1996,56.832,Asia,0.27,1.7,148,148
Cambodia,KHM,1997,57.266,Asia,0.43,1.7,148,148
Cambodia,KHM,1998,57.859,Asia,0.59,1.7,148,148
Cambodia,KHM,1999,58.611,Asia,0.75,1.7,148,148
Cambodia,KHM,2000,59.491,Asia,0.88,1.7,148,148
Cambodia,KHM,2001,60.457,Asia,0.97,1.7,148,148
Cambodia,KHM,2002,61.395,Asia,0.94,1.7,148,148
Cambodia,KHM,2003,62.345,Asia,0.95,1.7,148,148
Cambodia,KHM,2004,63.256,Asia,0.91,1.7,148,148
Cambodia,KHM,2005,64.113,Asia,0.86,1.7,148,148
Cambodia,KHM,2006,64.886,Asia,0.77,1.7,148,148
Cambodia,KHM,2007,65.549,Asia,0.66,1.7,148,148
Cambodia,KHM,2008,66.147,Asia,0.6,1.7,148,148
Cambodia,KHM,2009,66.747,Asia,0.6,1.7,148,148
Cambodia,KHM,2010,67.311,Asia,0.56,1.7,148,148
Cambodia,KHM,2011,67.869,Asia,0.56,1.7,148,148
Cambodia,KHM,2012,68.371,Asia,0.5,1.7,148,148
Cambodia,KHM,2013,68.755,Asia,0.38,1.7,148,148
Cambodia,KHM,2014,69.117,Asia,0.36,1.7,148,148
Cambodia,KHM,2015,69.398,Asia,0.28,1.7,148,148
Cambodia,KHM,2016,69.635,Asia,0.24,1.7,148,148
Cambodia,KHM,2017,69.842,Asia,0.21,1.7,148,148
Cambodia,KHM,2018,69.993,Asia,0.15,1.7,148,148
Cambodia,KHM,2019,70.127,Asia,0.13,1.7,148,148
Cambodia,KHM,2020,70.059,Asia,-0.07,1.7,148,148
Cambodia,KHM,2021,69.301,Asia,-0.76,1.7,148,148
Cambodia,KHM,2022,70.528,Asia,1.23,1.7,148,148
Cambodia,KHM,2023,70.668,Asia,0.14,1.7,148,148
Cambodia,KHM,2024,70.817,Asia,0.15,1.7,148,148
Kiribati,KIR,1960,47.958,Oceania,,0.73,180,180
Kiribati,KIR,1961,48.468,Oceania,0.51,0.73,180,180
Kiribati,KIR,1962,49.042,Oceania,0.57,0.73,180,180
Kiribati,KIR,1963,49.688,Oceania,0.65,0.73,180,180
Kiribati,KIR,1964,50.356,Oceania,0.67,0.73,180,180
Kiribati,KIR,1965,51.028,Oceania,0.67,0.73,180,180
Kiribati,KIR,1966,51.736,Oceania,0.71,0.73,180,180
Kiribati,KIR,1967,52.454,Oceania,0.72,0.73,180,180
Kiribati,KIR,1968,53.129,Oceania,0.67,0.73,180,180
Kiribati,KIR,1969,53.763,Oceania,0.63,0.73,180,180
Kiribati,KIR,1970,54.38,Oceania,0.62,0.73,180,180
Kiribati,KIR,1971,54.934,Oceania,0.55,0.73,180,180
Kiribati,KIR,1972,55.313,Oceania,0.38,0.73,180,180
Kiribati,KIR,1973,55.79,Oceania,0.48,0.73,180,180
Kiribati,KIR,1974,56.102,Oceania,0.31,0.73,180,180
Kiribati,KIR,1975,56.358,Oceania,0.26,0.73,180,180
Kiribati,KIR,1976,56.562,Oceania,0.2,0.73,180,180
Kiribati,KIR,1977,56.057,Oceania,-0.5,0.73,180,180
Kiribati,KIR,1978,56.924,Oceania,0.87,0.73,180,180
Kiribati,KIR,1979,57.106,Oceania,0.18,0.73,180,180
Kiribati,KIR,1980,57.303,Oceania,0.2,0.73,180,180
Kiribati,KIR,1981,57.525,Oceania,0.22,0.73,180,180
Kiribati,KIR,1982,57.773,Oceania,0.25,0.73,180,180
Kiribati,KIR,1983,58.05,Oceania,0.28,0.73,180,180
Kiribati,KIR,1984,58.357,Oceania,0.31,0.73,180,180
Kiribati,KIR,1985,58.719,Oceania,0.36,0.73,180,180
Kiribati,KIR,1986,59.118,Oceania,0.4,0.73,180,180
Kiribati,KIR,1987,59.576,Oceania,0.46,0.73,180,180
Kiribati,KIR,1988,60.055,Oceania,0.48,0.73,180,180
Kiribati,KIR,1989,60.539,Oceania,0.48,0.73,180,180
Kiribati,KIR,1990,61.018,Oceania,0.48,0.73,180,180
Kiribati,KIR,1991,61.502,Oceania,0.48,0.73,180,180
Kiribati,KIR,1992,61.968,Oceania,0.47,0.73,180,180
Kiribati,KIR,1993,62.406,Oceania,0.44,0.73,180,180
Kiribati,KIR,1994,62.797,Oceania,0.39,0.73,180,180
Kiribati,KIR,1995,63.146,Oceania,0.35,0.73,180,180
Kiribati,KIR,1996,63.47,Oceania,0.32,0.73,180,180
Kiribati,KIR,1997,63.797,Oceania,0.33,0.73,180,180
Kiribati,KIR,1998,64.1,Oceania,0.3,0.73,180,180
Kiribati,KIR,1999,64.393,Oceania,0.29,0.73,180,180
Kiribati,KIR,2000,64.674,Oceania,0.28,0.73,180,180
Kiribati,KIR,2001,64.918,Oceania,0.24,0.73,180,180
Kiribati,KIR,2002,65.123,Oceania,0.2,0.73,180,180
Kiribati,KIR,2003,65.287,Oceania,0.16,0.73,180,180
Kiribati,KIR,2004,65.416,Oceania,0.13,0.73,180,180
Kiribati,KIR,2005,65.517,Oceania,0.1,0.73,180,180
Kiribati,KIR,2006,65.601,Oceania,0.08,0.73,180,180
Kiribati,KIR,2007,65.677,Oceania,0.08,0.73,180,180
Kiribati,KIR,2008,65.746,Oceania,0.07,0.73,180,180
Kiribati,KIR,2009,65.808,Oceania,0.06,0.73,180,180
Kiribati,KIR,2010,65.859,Oceania,0.05,0.73,180,180
Kiribati,KIR,2011,65.896,Oceania,0.04,0.73,180,180
Kiribati,KIR,2012,65.908,Oceania,0.01,0.73,180,180
Kiribati,KIR,2013,65.898,Oceania,-0.01,0.73,180,180
Kiribati,KIR,2014,65.869,Oceania,-0.03,0.73,180,180
Kiribati,KIR,2015,65.831,Oceania,-0.04,0.73,180,180
Kiribati,KIR,2016,65.799,Oceania,-0.03,0.73,180,180
Kiribati,KIR,2017,65.787,Oceania,-0.01,0.73,180,180
Kiribati,KIR,2018,65.807,Oceania,0.02,0.73,180,180
Kiribati,KIR,2019,65.866,Oceania,0.06,0.73,180,180
Kiribati,KIR,2020,65.205,Oceania,-0.66,0.73,180,180
Kiribati,KIR,2021,64.148,Oceania,-1.06,0.73,180,180
Kiribati,KIR,2022,66.269,Oceania,2.12,0.73,180,180
Kiribati,KIR,2023,66.473,Oceania,0.2,0.73,180,180
Kiribati,KIR,2024,66.6,Oceania,0.13,0.73,180,180
St. Kitts and Nevis,KNA,1960,56.84,America,,1.05,136,136
St. Kitts and Nevis,KNA,1961,57.338,America,0.5,1.05,136,136
St. Kitts and Nevis,KNA,1962,57.84,America,0.5,1.05,136,136
St. Kitts and Nevis,KNA,1963,58.43,America,0.59,1.05,136,136
St. Kitts and Nevis,KNA,1964,59.04,America,0.61,1.05,136,136
St. Kitts and Nevis,KNA,1965,59.595,America,0.55,1.05,136,136
St. Kitts and Nevis,KNA,1966,60.081,America,0.49,1.05,136,136
St. Kitts and Nevis,KNA,1967,60.445,America,0.36,1.05,136,136
St. Kitts and Nevis,KNA,1968,60.776,America,0.33,1.05,136,136
St. Kitts and Nevis,KNA,1969,61.079,America,0.3,1.05,136,136
St. Kitts and Nevis,KNA,1970,61.372,America,0.29,1.05,136,136
St. Kitts and Nevis,KNA,1971,61.74,America,0.37,1.05,136,136
St. Kitts and Nevis,KNA,1972,62.137,America,0.4,1.05,136,136
St. Kitts and Nevis,KNA,1973,62.517,America,0.38,1.05,136,136
St. Kitts and Nevis,KNA,1974,62.888,America,0.37,1.05,136,136
St. Kitts and Nevis,KNA,1975,63.191,America,0.3,1.05,136,136
St. Kitts and Nevis,KNA,1976,63.49,America,0.3,1.05,136,136
St. Kitts and Nevis,KNA,1977,63.73,America,0.24,1.05,136,136
St. Kitts and Nevis,KNA,1978,63.995,America,0.27,1.05,136,136
St. Kitts and Nevis,KNA,1979,64.198,America,0.2,1.05,136,136
St. Kitts and Nevis,KNA,1980,64.385,America,0.19,1.05,136,136
St. Kitts and Nevis,KNA,1981,64.62,America,0.23,1.05,136,136
St. Kitts and Nevis,KNA,1982,64.868,America,0.25,1.05,136,136
St. Kitts and Nevis,KNA,1983,65.118,America,0.25,1.05,136,136
St. Kitts and Nevis,KNA,1984,65.334,America,0.22,1.05,136,136
St. Kitts and Nevis,KNA,1985,65.482,America,0.15,1.05,136,136
St. Kitts and Nevis,KNA,1986,65.554,America,0.07,1.05,136,136
St. Kitts and Nevis,KNA,1987,65.516,America,-0.04,1.05,136,136
St. Kitts and Nevis,KNA,1988,65.451,America,-0.07,1.05,136,136
St. Kitts and Nevis,KNA,1989,65.45,America,-0.0,1.05,136,136
St. Kitts and Nevis,KNA,1990,65.641,America,0.19,1.05,136,136
St. Kitts and Nevis,KNA,1991,65.958,America,0.32,1.05,136,136
St. Kitts and Nevis,KNA,1992,66.339,America,0.38,1.05,136,136
St. Kitts and Nevis,KNA,1993,66.708,America,0.37,1.05,136,136
St. Kitts and Nevis,KNA,1994,67.002,America,0.29,1.05,136,136
St. Kitts and Nevis,KNA,1995,67.23,America,0.23,1.05,136,136
St. Kitts and Nevis,KNA,1996,67.488,America,0.26,1.05,136,136
St. Kitts and Nevis,KNA,1997,67.811,America,0.32,1.05,136,136
St. Kitts and Nevis,KNA,1998,67.891,America,0.08,1.05,136,136
St. Kitts and Nevis,KNA,1999,68.725,America,0.83,1.05,136,136
St. Kitts and Nevis,KNA,2000,69.249,America,0.52,1.05,136,136
St. Kitts and Nevis,KNA,2001,69.767,America,0.52,1.05,136,136
St. Kitts and Nevis,KNA,2002,70.194,America,0.43,1.05,136,136
St. Kitts and Nevis,KNA,2003,70.614,America,0.42,1.05,136,136
St. Kitts and Nevis,KNA,2004,70.92,America,0.31,1.05,136,136
St. Kitts and Nevis,KNA,2005,71.151,America,0.23,1.05,136,136
St. Kitts and Nevis,KNA,2006,71.356,America,0.2,1.05,136,136
St. Kitts and Nevis,KNA,2007,71.437,America,0.08,1.05,136,136
St. Kitts and Nevis,KNA,2008,71.479,America,0.04,1.05,136,136
St. Kitts and Nevis,KNA,2009,71.488,America,0.01,1.05,136,136
St. Kitts and Nevis,KNA,2010,71.452,America,-0.04,1.05,136,136
St. Kitts and Nevis,KNA,2011,71.4,America,-0.05,1.05,136,136
St. Kitts and Nevis,KNA,2012,71.362,America,-0.04,1.05,136,136
St. Kitts and Nevis,KNA,2013,71.29,America,-0.07,1.05,136,136
St. Kitts and Nevis,KNA,2014,71.228,America,-0.06,1.05,136,136
St. Kitts and Nevis,KNA,2015,71.211,America,-0.02,1.05,136,136
St. Kitts and Nevis,KNA,2016,71.227,America,0.02,1.05,136,136
St. Kitts and Nevis,KNA,2017,71.284,America,0.06,1.05,136,136
St. Kitts and Nevis,KNA,2018,71.336,America,0.05,1.05,136,136
St. Kitts and Nevis,KNA,2019,71.54,America,0.2,1.05,136,136
St. Kitts and Nevis,KNA,2020,71.181,America,-0.36,1.05,136,136
St. Kitts and Nevis,KNA,2021,69.271,America,-1.91,1.05,136,136
St. Kitts and Nevis,KNA,2022,70.313,America,1.04,1.05,136,136
St. Kitts and Nevis,KNA,2023,72.145,America,1.83,1.05,136,136
St. Kitts and Nevis,KNA,2024,72.281,America,0.14,1.05,136,136
"Korea, Rep.",KOR,1960,53.79756097560976,Asia,,1.91,14,14
"Korea, Rep.",KOR,1961,54.47685365853659,Asia,0.68,1.91,14,14
"Korea, Rep.",KOR,1962,55.0549512195122,Asia,0.58,1.91,14,14
"Korea, Rep.",KOR,1963,55.02546341463415,Asia,-0.03,1.91,14,14
"Korea, Rep.",KOR,1964,55.39224390243904,Asia,0.37,1.91,14,14
"Korea, Rep.",KOR,1965,55.864585365853664,Asia,0.47,1.91,14,14
"Korea, Rep.",KOR,1966,55.5229756097561,Asia,-0.34,1.91,14,14
"Korea, Rep.",KOR,1967,60.92873170731709,Asia,5.41,1.91,14,14
"Korea, Rep.",KOR,1968,60.94326829268293,Asia,0.01,1.91,14,14
"Korea, Rep.",KOR,1969,61.4829024390244,Asia,0.54,1.91,14,14
"Korea, Rep.",KOR,1970,62.16341463414635,Asia,0.68,1.91,14,14
"Korea, Rep.",KOR,1971,62.61219512195123,Asia,0.45,1.91,14,14
"Korea, Rep.",KOR,1972,63.00975609756099,Asia,0.4,1.91,14,14
"Korea, Rep.",KOR,1973,63.407317073170745,Asia,0.4,1.91,14,14
"Korea, Rep.",KOR,1974,63.8048780487805,Asia,0.4,1.91,14,14
"Korea, Rep.",KOR,1975,64.15365853658537,Asia,0.35,1.91,14,14
"Korea, Rep.",KOR,1976,64.50243902439024,Asia,0.35,1.91,14,14
"Korea, Rep.",KOR,1977,64.9,Asia,0.4,1.91,14,14
"Korea, Rep.",KOR,1978,65.19756097560976,Asia,0.3,1.91,14,14
"Korea, Rep.",KOR,1979,65.54634146341465,Asia,0.35,1.91,14,14
"Korea, Rep.",KOR,1980,66.04634146341465,Asia,0.5,1.91,14,14
"Korea, Rep.",KOR,1981,66.54634146341465,Asia,0.5,1.91,14,14
"Korea, Rep.",KOR,1982,67.09512195121953,Asia,0.55,1.91,14,14
"Korea, Rep.",KOR,1983,67.54634146341465,Asia,0.45,1.91,14,14
"Korea, Rep.",KOR,1984,68.19512195121952,Asia,0.65,1.91,14,14
"Korea, Rep.",KOR,1985,68.79512195121951,Asia,0.6,1.91,14,14
"Korea, Rep.",KOR,1986,69.44634146341464,Asia,0.65,1.91,14,14
"Korea, Rep.",KOR,1987,69.99756097560976,Asia,0.55,1.91,14,14
"Korea, Rep.",KOR,1988,70.54878048780489,Asia,0.55,1.91,14,14
"Korea, Rep.",KOR,1989,71.04878048780489,Asia,0.5,1.91,14,14
"Korea, Rep.",KOR,1990,71.59756097560977,Asia,0.55,1.91,14,14
"Korea, Rep.",KOR,1991,72.04634146341465,Asia,0.45,1.91,14,14
"Korea, Rep.",KOR,1992,72.49756097560976,Asia,0.45,1.91,14,14
"Korea, Rep.",KOR,1993,72.99756097560977,Asia,0.5,1.91,14,14
"Korea, Rep.",KOR,1994,73.39756097560976,Asia,0.4,1.91,14,14
"Korea, Rep.",KOR,1995,73.70000000000002,Asia,0.3,1.91,14,14
"Korea, Rep.",KOR,1996,74.15121951219513,Asia,0.45,1.91,14,14
"Korea, Rep.",KOR,1997,74.60243902439025,Asia,0.45,1.91,14,14
"Korea, Rep.",KOR,1998,75.00487804878048,Asia,0.4,1.91,14,14
"Korea, Rep.",KOR,1999,75.40975609756099,Asia,0.4,1.91,14,14
"Korea, Rep.",KOR,2000,75.90975609756099,Asia,0.5,1.91,14,14
"Korea, Rep.",KOR,2001,76.41219512195123,Asia,0.5,1.91,14,14
"Korea, Rep.",KOR,2002,76.7658536585366,Asia,0.35,1.91,14,14
"Korea, Rep.",KOR,2003,77.21463414634147,Asia,0.45,1.91,14,14
"Korea, Rep.",KOR,2004,77.66585365853659,Asia,0.45,1.91,14,14
"Korea, Rep.",KOR,2005,78.16829268292683,Asia,0.5,1.91,14,14
"Korea, Rep.",KOR,2006,78.66829268292685,Asia,0.5,1.91,14,14
"Korea, Rep.",KOR,2007,79.11951219512196,Asia,0.45,1.91,14,14
"Korea, Rep.",KOR,2008,79.5170731707317,Asia,0.4,1.91,14,14
"Korea, Rep.",KOR,2009,79.96829268292684,Asia,0.45,1.91,14,14
"Korea, Rep.",KOR,2010,80.11707317073171,Asia,0.15,1.91,14,14
"Korea, Rep.",KOR,2011,80.56829268292685,Asia,0.45,1.91,14,14
"Korea, Rep.",KOR,2012,80.81951219512196,Asia,0.25,1.91,14,14
"Korea, Rep.",KOR,2013,81.27073170731707,Asia,0.45,1.91,14,14
"Korea, Rep.",KOR,2014,81.7219512195122,Asia,0.45,1.91,14,14
"Korea, Rep.",KOR,2015,82.02439024390245,Asia,0.3,1.91,14,14
"Korea, Rep.",KOR,2016,82.27560975609758,Asia,0.25,1.91,14,14
"Korea, Rep.",KOR,2017,82.62682926829268,Asia,0.35,1.91,14,14
"Korea, Rep.",KOR,2018,82.62682926829268,Asia,0.0,1.91,14,14
"Korea, Rep.",KOR,2019,83.22682926829269,Asia,0.6,1.91,14,14
"Korea, Rep.",KOR,2020,83.42682926829269,Asia,0.2,1.91,14,14
"Korea, Rep.",KOR,2021,83.52682926829269,Asia,0.1,1.91,14,14
"Korea, Rep.",KOR,2022,82.68048780487806,Asia,-0.85,1.91,14,14
"Korea, Rep.",KOR,2023,83.42926829268293,Asia,0.75,1.91,14,14
"Korea, Rep.",KOR,2024,83.62926829268294,Asia,0.2,1.91,14,14
Kuwait,KWT,1960,59.20334146341464,Asia,,5.5,4,4
Kuwait,KWT,1961,60.23500000000001,Asia,1.03,5.5,4,4
Kuwait,KWT,1962,61.25951219512197,Asia,1.02,5.5,4,4
Kuwait,KWT,1963,62.26941463414634,Asia,1.01,5.5,4,4
Kuwait,KWT,1964,63.25670731707318,Asia,0.99,5.5,4,4
Kuwait,KWT,1965,64.21748780487805,Asia,0.96,5.5,4,4
Kuwait,KWT,1966,65.14826829268293,Asia,0.93,5.5,4,4
Kuwait,KWT,1967,66.03100000000002,Asia,0.88,5.5,4,4
Kuwait,KWT,1968,66.84604878048782,Asia,0.82,5.5,4,4
Kuwait,KWT,1969,67.57478048780489,Asia,0.73,5.5,4,4
Kuwait,KWT,1970,68.20204878048783,Asia,0.63,5.5,4,4
Kuwait,KWT,1971,68.71473170731709,Asia,0.51,5.5,4,4
Kuwait,KWT,1972,69.1198048780488,Asia,0.41,5.5,4,4
Kuwait,KWT,1973,69.44397560975612,Asia,0.32,5.5,4,4
Kuwait,KWT,1974,69.7139512195122,Asia,0.27,5.5,4,4
Kuwait,KWT,1975,69.9550243902439,Asia,0.24,5.5,4,4
Kuwait,KWT,1976,70.20143902439027,Asia,0.25,5.5,4,4
Kuwait,KWT,1977,70.46841463414634,Asia,0.27,5.5,4,4
Kuwait,KWT,1978,70.76541463414634,Asia,0.3,5.5,4,4
Kuwait,KWT,1979,71.09431707317074,Asia,0.33,5.5,4,4
Kuwait,KWT,1980,71.45548780487806,Asia,0.36,5.5,4,4
Kuwait,KWT,1981,71.84931707317074,Asia,0.39,5.5,4,4
Kuwait,KWT,1982,72.27168292682927,Asia,0.42,5.5,4,4
Kuwait,KWT,1983,72.71370731707319,Asia,0.44,5.5,4,4
Kuwait,KWT,1984,73.16556097560975,Asia,0.45,5.5,4,4
Kuwait,KWT,1985,73.62039024390245,Asia,0.45,5.5,4,4
Kuwait,KWT,1986,74.07034146341464,Asia,0.45,5.5,4,4
Kuwait,KWT,1987,74.51053658536586,Asia,0.44,5.5,4,4
Kuwait,KWT,1988,74.92826829268294,Asia,0.42,5.5,4,4
Kuwait,KWT,1989,75.30363414634148,Asia,0.38,5.5,4,4
Kuwait,KWT,1990,73.41714634146342,Asia,-1.89,5.5,4,4
Kuwait,KWT,1991,73.90724390243903,Asia,0.49,5.5,4,4
Kuwait,KWT,1992,76.00239024390245,Asia,2.1,5.5,4,4
Kuwait,KWT,1993,76.05148780487806,Asia,0.05,5.5,4,4
Kuwait,KWT,1994,76.03282926829269,Asia,-0.02,5.5,4,4
Kuwait,KWT,1995,75.979756097561,Asia,-0.05,5.5,4,4
Kuwait,KWT,1996,75.9250487804878,Asia,-0.05,5.5,4,4
Kuwait,KWT,1997,75.90714634146343,Asia,-0.02,5.5,4,4
Kuwait,KWT,1998,75.96429268292685,Asia,0.06,5.5,4,4
Kuwait,KWT,1999,76.07795121951222,Asia,0.11,5.5,4,4
Kuwait,KWT,2000,76.2258780487805,Asia,0.15,5.5,4,4
Kuwait,KWT,2001,76.38434146341464,Asia,0.16,5.5,4,4
Kuwait,KWT,2002,76.53163414634147,Asia,0.15,5.5,4,4
Kuwait,KWT,2003,76.64456097560976,Asia,0.11,5.5,4,4
Kuwait,KWT,2004,76.72768292682929,Asia,0.08,5.5,4,4
Kuwait,KWT,2005,76.80078048780489,Asia,0.07,5.5,4,4
Kuwait,KWT,2006,76.88768292682929,Asia,0.09,5.5,4,4
Kuwait,KWT,2007,77.01017073170733,Asia,0.12,5.5,4,4
Kuwait,KWT,2008,77.18904878048781,Asia,0.18,5.5,4,4
Kuwait,KWT,2009,77.43336585365854,Asia,0.24,5.5,4,4
Kuwait,KWT,2010,77.72621951219513,Asia,0.29,5.5,4,4
Kuwait,KWT,2011,78.05224390243902,Asia,0.33,5.5,4,4
Kuwait,KWT,2012,78.39502439024392,Asia,0.34,5.5,4,4
Kuwait,KWT,2013,78.7418048780488,Asia,0.35,5.5,4,4
Kuwait,KWT,2014,79.08034146341464,Asia,0.34,5.5,4,4
Kuwait,KWT,2015,79.37656097560976,Asia,0.3,5.5,4,4
Kuwait,KWT,2016,79.67758536585367,Asia,0.3,5.5,4,4
Kuwait,KWT,2017,79.91607317073172,Asia,0.24,5.5,4,4
Kuwait,KWT,2018,80.10636585365855,Asia,0.19,5.5,4,4
Kuwait,KWT,2019,81.96975609756099,Asia,1.86,5.5,4,4
Kuwait,KWT,2020,78.7609756097561,Asia,-3.21,5.5,4,4
Kuwait,KWT,2021,78.73658536585367,Asia,-0.02,5.5,4,4
Kuwait,KWT,2022,80.58780487804879,Asia,1.85,5.5,4,4
Kuwait,KWT,2023,83.1878048780488,Asia,2.6,5.5,4,4
Kuwait,KWT,2024,84.58048780487805,Asia,1.39,5.5,4,4
Lao PDR,LAO,1960,41.036,Asia,,2.88,159,159
Lao PDR,LAO,1961,41.344,Asia,0.31,2.88,159,159
Lao PDR,LAO,1962,42.272,Asia,0.93,2.88,159,159
Lao PDR,LAO,1963,41.544,Asia,-0.73,2.88,159,159
Lao PDR,LAO,1964,41.859,Asia,0.32,2.88,159,159
Lao PDR,LAO,1965,42.222,Asia,0.36,2.88,159,159
Lao PDR,LAO,1966,42.347,Asia,0.12,2.88,159,159
Lao PDR,LAO,1967,42.869,Asia,0.52,2.88,159,159
Lao PDR,LAO,1968,43.183,Asia,0.31,2.88,159,159
Lao PDR,LAO,1969,43.46,Asia,0.28,2.88,159,159
Lao PDR,LAO,1970,43.776,Asia,0.32,2.88,159,159
Lao PDR,LAO,1971,44.122,Asia,0.35,2.88,159,159
Lao PDR,LAO,1972,44.416,Asia,0.29,2.88,159,159
Lao PDR,LAO,1973,44.728,Asia,0.31,2.88,159,159
Lao PDR,LAO,1974,45.886,Asia,1.16,2.88,159,159
Lao PDR,LAO,1975,46.15,Asia,0.26,2.88,159,159
Lao PDR,LAO,1976,46.012,Asia,-0.14,2.88,159,159
Lao PDR,LAO,1977,46.408,Asia,0.4,2.88,159,159
Lao PDR,LAO,1978,46.832,Asia,0.42,2.88,159,159
Lao PDR,LAO,1979,47.46,Asia,0.63,2.88,159,159
Lao PDR,LAO,1980,48.56,Asia,1.1,2.88,159,159
Lao PDR,LAO,1981,49.237,Asia,0.68,2.88,159,159
Lao PDR,LAO,1982,49.931,Asia,0.69,2.88,159,159
Lao PDR,LAO,1983,50.485,Asia,0.55,2.88,159,159
Lao PDR,LAO,1984,51.014,Asia,0.53,2.88,159,159
Lao PDR,LAO,1985,51.579,Asia,0.56,2.88,159,159
Lao PDR,LAO,1986,52.144,Asia,0.56,2.88,159,159
Lao PDR,LAO,1987,52.597,Asia,0.45,2.88,159,159
Lao PDR,LAO,1988,53.077,Asia,0.48,2.88,159,159
Lao PDR,LAO,1989,53.589,Asia,0.51,2.88,159,159
Lao PDR,LAO,1990,54.035,Asia,0.45,2.88,159,159
Lao PDR,LAO,1991,54.7,Asia,0.67,2.88,159,159
Lao PDR,LAO,1992,55.098,Asia,0.4,2.88,159,159
Lao PDR,LAO,1993,55.583,Asia,0.48,2.88,159,159
Lao PDR,LAO,1994,55.81,Asia,0.23,2.88,159,159
Lao PDR,LAO,1995,56.344,Asia,0.53,2.88,159,159
Lao PDR,LAO,1996,56.821,Asia,0.48,2.88,159,159
Lao PDR,LAO,1997,57.302,Asia,0.48,2.88,159,159
Lao PDR,LAO,1998,57.549,Asia,0.25,2.88,159,159
Lao PDR,LAO,1999,57.866,Asia,0.32,2.88,159,159
Lao PDR,LAO,2000,58.317,Asia,0.45,2.88,159,159
Lao PDR,LAO,2001,58.887,Asia,0.57,2.88,159,159
Lao PDR,LAO,2002,59.302,Asia,0.41,2.88,159,159
Lao PDR,LAO,2003,59.643,Asia,0.34,2.88,159,159
Lao PDR,LAO,2004,60.08,Asia,0.44,2.88,159,159
Lao PDR,LAO,2005,60.688,Asia,0.61,2.88,159,159
Lao PDR,LAO,2006,61.074,Asia,0.39,2.88,159,159
Lao PDR,LAO,2007,61.694,Asia,0.62,2.88,159,159
Lao PDR,LAO,2008,62.248,Asia,0.55,2.88,159,159
Lao PDR,LAO,2009,63.023,Asia,0.78,2.88,159,159
Lao PDR,LAO,2010,63.69,Asia,0.67,2.88,159,159
Lao PDR,LAO,2011,64.505,Asia,0.81,2.88,159,159
Lao PDR,LAO,2012,65.126,Asia,0.62,2.88,159,159
Lao PDR,LAO,2013,65.723,Asia,0.6,2.88,159,159
Lao PDR,LAO,2014,66.35,Asia,0.63,2.88,159,159
Lao PDR,LAO,2015,66.688,Asia,0.34,2.88,159,159
Lao PDR,LAO,2016,67.014,Asia,0.33,2.88,159,159
Lao PDR,LAO,2017,67.345,Asia,0.33,2.88,159,159
Lao PDR,LAO,2018,67.594,Asia,0.25,2.88,159,159
Lao PDR,LAO,2019,67.911,Asia,0.32,2.88,159,159
Lao PDR,LAO,2020,68.339,Asia,0.43,2.88,159,159
Lao PDR,LAO,2021,67.807,Asia,-0.53,2.88,159,159
Lao PDR,LAO,2022,68.715,Asia,0.91,2.88,159,159
Lao PDR,LAO,2023,68.964,Asia,0.25,2.88,159,159
Lao PDR,LAO,2024,69.225,Asia,0.26,2.88,159,159
Lebanon,LBN,1960,63.927,Asia,,-0.2,72,72
Lebanon,LBN,1961,64.267,Asia,0.34,-0.2,72,72
Lebanon,LBN,1962,64.595,Asia,0.33,-0.2,72,72
Lebanon,LBN,1963,64.879,Asia,0.28,-0.2,72,72
Lebanon,LBN,1964,65.103,Asia,0.22,-0.2,72,72
Lebanon,LBN,1965,65.317,Asia,0.21,-0.2,72,72
Lebanon,LBN,1966,65.504,Asia,0.19,-0.2,72,72
Lebanon,LBN,1967,65.677,Asia,0.17,-0.2,72,72
Lebanon,LBN,1968,65.802,Asia,0.12,-0.2,72,72
Lebanon,LBN,1969,65.918,Asia,0.12,-0.2,72,72
Lebanon,LBN,1970,66.018,Asia,0.1,-0.2,72,72
Lebanon,LBN,1971,66.12,Asia,0.1,-0.2,72,72
Lebanon,LBN,1972,66.201,Asia,0.08,-0.2,72,72
Lebanon,LBN,1973,66.298,Asia,0.1,-0.2,72,72
Lebanon,LBN,1974,66.41,Asia,0.11,-0.2,72,72
Lebanon,LBN,1975,57.744,Asia,-8.67,-0.2,72,72
Lebanon,LBN,1976,36.436,Asia,-21.31,-0.2,72,72
Lebanon,LBN,1977,60.331,Asia,23.9,-0.2,72,72
Lebanon,LBN,1978,59.996,Asia,-0.34,-0.2,72,72
Lebanon,LBN,1979,59.557,Asia,-0.44,-0.2,72,72
Lebanon,LBN,1980,59.909,Asia,0.35,-0.2,72,72
Lebanon,LBN,1981,60.279,Asia,0.37,-0.2,72,72
Lebanon,LBN,1982,47.19,Asia,-13.09,-0.2,72,72
Lebanon,LBN,1983,60.752,Asia,13.56,-0.2,72,72
Lebanon,LBN,1984,61.167,Asia,0.41,-0.2,72,72
Lebanon,LBN,1985,61.574,Asia,0.41,-0.2,72,72
Lebanon,LBN,1986,62.011,Asia,0.44,-0.2,72,72
Lebanon,LBN,1987,62.539,Asia,0.53,-0.2,72,72
Lebanon,LBN,1988,62.92,Asia,0.38,-0.2,72,72
Lebanon,LBN,1989,65.114,Asia,2.19,-0.2,72,72
Lebanon,LBN,1990,65.479,Asia,0.36,-0.2,72,72
Lebanon,LBN,1991,70.865,Asia,5.39,-0.2,72,72
Lebanon,LBN,1992,71.169,Asia,0.3,-0.2,72,72
Lebanon,LBN,1993,71.559,Asia,0.39,-0.2,72,72
Lebanon,LBN,1994,72.03,Asia,0.47,-0.2,72,72
Lebanon,LBN,1995,72.383,Asia,0.35,-0.2,72,72
Lebanon,LBN,1996,72.614,Asia,0.23,-0.2,72,72
Lebanon,LBN,1997,72.94,Asia,0.33,-0.2,72,72
Lebanon,LBN,1998,73.201,Asia,0.26,-0.2,72,72
Lebanon,LBN,1999,73.513,Asia,0.31,-0.2,72,72
Lebanon,LBN,2000,73.895,Asia,0.38,-0.2,72,72
Lebanon,LBN,2001,74.354,Asia,0.46,-0.2,72,72
Lebanon,LBN,2002,74.836,Asia,0.48,-0.2,72,72
Lebanon,LBN,2003,75.275,Asia,0.44,-0.2,72,72
Lebanon,LBN,2004,75.693,Asia,0.42,-0.2,72,72
Lebanon,LBN,2005,76.074,Asia,0.38,-0.2,72,72
Lebanon,LBN,2006,75.677,Asia,-0.4,-0.2,72,72
Lebanon,LBN,2007,76.732,Asia,1.05,-0.2,72,72
Lebanon,LBN,2008,76.956,Asia,0.22,-0.2,72,72
Lebanon,LBN,2009,77.262,Asia,0.31,-0.2,72,72
Lebanon,LBN,2010,77.529,Asia,0.27,-0.2,72,72
Lebanon,LBN,2011,77.768,Asia,0.24,-0.2,72,72
Lebanon,LBN,2012,77.941,Asia,0.17,-0.2,72,72
Lebanon,LBN,2013,78.037,Asia,0.1,-0.2,72,72
Lebanon,LBN,2014,78.148,Asia,0.11,-0.2,72,72
Lebanon,LBN,2015,78.275,Asia,0.13,-0.2,72,72
Lebanon,LBN,2016,78.306,Asia,0.03,-0.2,72,72
Lebanon,LBN,2017,78.192,Asia,-0.11,-0.2,72,72
Lebanon,LBN,2018,78.263,Asia,0.07,-0.2,72,72
Lebanon,LBN,2019,78.208,Asia,-0.06,-0.2,72,72
Lebanon,LBN,2020,76.299,Asia,-1.91,-0.2,72,72
Lebanon,LBN,2021,73.65,Asia,-2.65,-0.2,72,72
Lebanon,LBN,2022,78.003,Asia,4.35,-0.2,72,72
Lebanon,LBN,2023,77.817,Asia,-0.19,-0.2,72,72
Lebanon,LBN,2024,77.945,Asia,0.13,-0.2,72,72
Liberia,LBR,1960,38.073,Africa,,3.11,202,202
Liberia,LBR,1961,38.104,Africa,0.03,3.11,202,202
Liberia,LBR,1962,38.167,Africa,0.06,3.11,202,202
Liberia,LBR,1963,38.309,Africa,0.14,3.11,202,202
Liberia,LBR,1964,38.451,Africa,0.14,3.11,202,202
Liberia,LBR,1965,38.693,Africa,0.24,3.11,202,202
Liberia,LBR,1966,38.955,Africa,0.26,3.11,202,202
Liberia,LBR,1967,39.262,Africa,0.31,3.11,202,202
Liberia,LBR,1968,39.588,Africa,0.33,3.11,202,202
Liberia,LBR,1969,39.991,Africa,0.4,3.11,202,202
Liberia,LBR,1970,40.359,Africa,0.37,3.11,202,202
Liberia,LBR,1971,40.72,Africa,0.36,3.11,202,202
Liberia,LBR,1972,41.199,Africa,0.48,3.11,202,202
Liberia,LBR,1973,41.619,Africa,0.42,3.11,202,202
Liberia,LBR,1974,42.063,Africa,0.44,3.11,202,202
Liberia,LBR,1975,42.463,Africa,0.4,3.11,202,202
Liberia,LBR,1976,42.851,Africa,0.39,3.11,202,202
Liberia,LBR,1977,43.22,Africa,0.37,3.11,202,202
Liberia,LBR,1978,43.567,Africa,0.35,3.11,202,202
Liberia,LBR,1979,43.89,Africa,0.32,3.11,202,202
Liberia,LBR,1980,44.088,Africa,0.2,3.11,202,202
Liberia,LBR,1981,44.344,Africa,0.26,3.11,202,202
Liberia,LBR,1982,44.447,Africa,0.1,3.11,202,202
Liberia,LBR,1983,44.576,Africa,0.13,3.11,202,202
Liberia,LBR,1984,44.683,Africa,0.11,3.11,202,202
Liberia,LBR,1985,44.026,Africa,-0.66,3.11,202,202
Liberia,LBR,1986,44.494,Africa,0.47,3.11,202,202
Liberia,LBR,1987,44.267,Africa,-0.23,3.11,202,202
Liberia,LBR,1988,44.065,Africa,-0.2,3.11,202,202
Liberia,LBR,1989,43.863,Africa,-0.2,3.11,202,202
Liberia,LBR,1990,37.644,Africa,-6.22,3.11,202,202
Liberia,LBR,1991,43.575,Africa,5.93,3.11,202,202
Liberia,LBR,1992,43.566,Africa,-0.01,3.11,202,202
Liberia,LBR,1993,43.022,Africa,-0.54,3.11,202,202
Liberia,LBR,1994,42.621,Africa,-0.4,3.11,202,202
Liberia,LBR,1995,44.573,Africa,1.95,3.11,202,202
Liberia,LBR,1996,44.945,Africa,0.37,3.11,202,202
Liberia,LBR,1997,48.302,Africa,3.36,3.11,202,202
Liberia,LBR,1998,49.367,Africa,1.06,3.11,202,202
Liberia,LBR,1999,50.412,Africa,1.05,3.11,202,202
Liberia,LBR,2000,51.852,Africa,1.44,3.11,202,202
Liberia,LBR,2001,53.109,Africa,1.26,3.11,202,202
Liberia,LBR,2002,54.061,Africa,0.95,3.11,202,202
Liberia,LBR,2003,53.045,Africa,-1.02,3.11,202,202
Liberia,LBR,2004,55.949,Africa,2.9,3.11,202,202
Liberia,LBR,2005,56.765,Africa,0.82,3.11,202,202
Liberia,LBR,2006,57.495,Africa,0.73,3.11,202,202
Liberia,LBR,2007,58.147,Africa,0.65,3.11,202,202
Liberia,LBR,2008,58.675,Africa,0.53,3.11,202,202
Liberia,LBR,2009,59.106,Africa,0.43,3.11,202,202
Liberia,LBR,2010,59.358,Africa,0.25,3.11,202,202
Liberia,LBR,2011,59.486,Africa,0.13,3.11,202,202
Liberia,LBR,2012,59.785,Africa,0.3,3.11,202,202
Liberia,LBR,2013,59.992,Africa,0.21,3.11,202,202
Liberia,LBR,2014,59.21,Africa,-0.78,3.11,202,202
Liberia,LBR,2015,59.248,Africa,0.04,3.11,202,202
Liberia,LBR,2016,60.483,Africa,1.23,3.11,202,202
Liberia,LBR,2017,60.777,Africa,0.29,3.11,202,202
Liberia,LBR,2018,60.999,Africa,0.22,3.11,202,202
Liberia,LBR,2019,61.232,Africa,0.23,3.11,202,202
Liberia,LBR,2020,61.267,Africa,0.04,3.11,202,202
Liberia,LBR,2021,61.166,Africa,-0.1,3.11,202,202
Liberia,LBR,2022,61.934,Africa,0.77,3.11,202,202
Liberia,LBR,2023,62.163,Africa,0.23,3.11,202,202
Liberia,LBR,2024,62.324,Africa,0.16,3.11,202,202
Libya,LBY,1960,40.752,Africa,,-0.18,147,147
Libya,LBY,1961,42.362,Africa,1.61,-0.18,147,147
Libya,LBY,1962,44.075,Africa,1.71,-0.18,147,147
Libya,LBY,1963,45.584,Africa,1.51,-0.18,147,147
Libya,LBY,1964,47.652,Africa,2.07,-0.18,147,147
Libya,LBY,1965,49.278,Africa,1.63,-0.18,147,147
Libya,LBY,1966,50.946,Africa,1.67,-0.18,147,147
Libya,LBY,1967,52.462,Africa,1.52,-0.18,147,147
Libya,LBY,1968,53.849,Africa,1.39,-0.18,147,147
Libya,LBY,1969,55.173,Africa,1.32,-0.18,147,147
Libya,LBY,1970,56.379,Africa,1.21,-0.18,147,147
Libya,LBY,1971,57.583,Africa,1.2,-0.18,147,147
Libya,LBY,1972,58.685,Africa,1.1,-0.18,147,147
Libya,LBY,1973,59.71,Africa,1.02,-0.18,147,147
Libya,LBY,1974,60.709,Africa,1.0,-0.18,147,147
Libya,LBY,1975,61.621,Africa,0.91,-0.18,147,147
Libya,LBY,1976,62.448,Africa,0.83,-0.18,147,147
Libya,LBY,1977,63.129,Africa,0.68,-0.18,147,147
Libya,LBY,1978,63.796,Africa,0.67,-0.18,147,147
Libya,LBY,1979,64.328,Africa,0.53,-0.18,147,147
Libya,LBY,1980,64.797,Africa,0.47,-0.18,147,147
Libya,LBY,1981,65.255,Africa,0.46,-0.18,147,147
Libya,LBY,1982,65.768,Africa,0.51,-0.18,147,147
Libya,LBY,1983,66.26,Africa,0.49,-0.18,147,147
Libya,LBY,1984,66.748,Africa,0.49,-0.18,147,147
Libya,LBY,1985,67.285,Africa,0.54,-0.18,147,147
Libya,LBY,1986,67.806,Africa,0.52,-0.18,147,147
Libya,LBY,1987,68.258,Africa,0.45,-0.18,147,147
Libya,LBY,1988,68.608,Africa,0.35,-0.18,147,147
Libya,LBY,1989,68.979,Africa,0.37,-0.18,147,147
Libya,LBY,1990,69.312,Africa,0.33,-0.18,147,147
Libya,LBY,1991,69.635,Africa,0.32,-0.18,147,147
Libya,LBY,1992,69.974,Africa,0.34,-0.18,147,147
Libya,LBY,1993,70.247,Africa,0.27,-0.18,147,147
Libya,LBY,1994,70.472,Africa,0.22,-0.18,147,147
Libya,LBY,1995,70.641,Africa,0.17,-0.18,147,147
Libya,LBY,1996,70.736,Africa,0.09,-0.18,147,147
Libya,LBY,1997,70.72,Africa,-0.02,-0.18,147,147
Libya,LBY,1998,70.657,Africa,-0.06,-0.18,147,147
Libya,LBY,1999,70.601,Africa,-0.06,-0.18,147,147
Libya,LBY,2000,70.542,Africa,-0.06,-0.18,147,147
Libya,LBY,2001,70.653,Africa,0.11,-0.18,147,147
Libya,LBY,2002,70.788,Africa,0.13,-0.18,147,147
Libya,LBY,2003,70.996,Africa,0.21,-0.18,147,147
Libya,LBY,2004,71.21,Africa,0.21,-0.18,147,147
Libya,LBY,2005,71.439,Africa,0.23,-0.18,147,147
Libya,LBY,2006,71.632,Africa,0.19,-0.18,147,147
Libya,LBY,2007,71.788,Africa,0.16,-0.18,147,147
Libya,LBY,2008,71.936,Africa,0.15,-0.18,147,147
Libya,LBY,2009,72.071,Africa,0.13,-0.18,147,147
Libya,LBY,2010,72.196,Africa,0.12,-0.18,147,147
Libya,LBY,2011,69.95,Africa,-2.25,-0.18,147,147
Libya,LBY,2012,72.188,Africa,2.24,-0.18,147,147
Libya,LBY,2013,72.339,Africa,0.15,-0.18,147,147
Libya,LBY,2014,71.3,Africa,-1.04,-0.18,147,147
Libya,LBY,2015,71.644,Africa,0.34,-0.18,147,147
Libya,LBY,2016,71.799,Africa,0.16,-0.18,147,147
Libya,LBY,2017,72.721,Africa,0.92,-0.18,147,147
Libya,LBY,2018,73.151,Africa,0.43,-0.18,147,147
Libya,LBY,2019,72.941,Africa,-0.21,-0.18,147,147
Libya,LBY,2020,72.388,Africa,-0.55,-0.18,147,147
Libya,LBY,2021,72.062,Africa,-0.33,-0.18,147,147
Libya,LBY,2022,74.462,Africa,2.4,-0.18,147,147
Libya,LBY,2023,69.339,Africa,-5.12,-0.18,147,147
Libya,LBY,2024,71.121,Africa,1.78,-0.18,147,147
St. Lucia,LCA,1960,57.865,America,,0.17,127,127
St. Lucia,LCA,1961,59.095,America,1.23,0.17,127,127
St. Lucia,LCA,1962,59.877,America,0.78,0.17,127,127
St. Lucia,LCA,1963,60.538,America,0.66,0.17,127,127
St. Lucia,LCA,1964,61.339,America,0.8,0.17,127,127
St. Lucia,LCA,1965,61.924,America,0.59,0.17,127,127
St. Lucia,LCA,1966,62.533,America,0.61,0.17,127,127
St. Lucia,LCA,1967,63.161,America,0.63,0.17,127,127
St. Lucia,LCA,1968,63.749,America,0.59,0.17,127,127
St. Lucia,LCA,1969,64.026,America,0.28,0.17,127,127
St. Lucia,LCA,1970,64.29,America,0.26,0.17,127,127
St. Lucia,LCA,1971,64.492,America,0.2,0.17,127,127
St. Lucia,LCA,1972,64.645,America,0.15,0.17,127,127
St. Lucia,LCA,1973,64.573,America,-0.07,0.17,127,127
St. Lucia,LCA,1974,65.419,America,0.85,0.17,127,127
St. Lucia,LCA,1975,65.909,America,0.49,0.17,127,127
St. Lucia,LCA,1976,66.198,America,0.29,0.17,127,127
St. Lucia,LCA,1977,66.957,America,0.76,0.17,127,127
St. Lucia,LCA,1978,67.38,America,0.42,0.17,127,127
St. Lucia,LCA,1979,67.364,America,-0.02,0.17,127,127
St. Lucia,LCA,1980,67.801,America,0.44,0.17,127,127
St. Lucia,LCA,1981,68.688,America,0.89,0.17,127,127
St. Lucia,LCA,1982,68.977,America,0.29,0.17,127,127
St. Lucia,LCA,1983,69.987,America,1.01,0.17,127,127
St. Lucia,LCA,1984,70.522,America,0.54,0.17,127,127
St. Lucia,LCA,1985,70.308,America,-0.21,0.17,127,127
St. Lucia,LCA,1986,70.229,America,-0.08,0.17,127,127
St. Lucia,LCA,1987,69.671,America,-0.56,0.17,127,127
St. Lucia,LCA,1988,69.736,America,0.06,0.17,127,127
St. Lucia,LCA,1989,70.028,America,0.29,0.17,127,127
St. Lucia,LCA,1990,70.008,America,-0.02,0.17,127,127
St. Lucia,LCA,1991,70.309,America,0.3,0.17,127,127
St. Lucia,LCA,1992,70.734,America,0.42,0.17,127,127
St. Lucia,LCA,1993,71.05,America,0.32,0.17,127,127
St. Lucia,LCA,1994,71.076,America,0.03,0.17,127,127
St. Lucia,LCA,1995,71.172,America,0.1,0.17,127,127
St. Lucia,LCA,1996,70.963,America,-0.21,0.17,127,127
St. Lucia,LCA,1997,70.778,America,-0.18,0.17,127,127
St. Lucia,LCA,1998,70.68,America,-0.1,0.17,127,127
St. Lucia,LCA,1999,70.692,America,0.01,0.17,127,127
St. Lucia,LCA,2000,70.779,America,0.09,0.17,127,127
St. Lucia,LCA,2001,71.367,America,0.59,0.17,127,127
St. Lucia,LCA,2002,71.707,America,0.34,0.17,127,127
St. Lucia,LCA,2003,72.188,America,0.48,0.17,127,127
St. Lucia,LCA,2004,72.453,America,0.27,0.17,127,127
St. Lucia,LCA,2005,72.544,America,0.09,0.17,127,127
St. Lucia,LCA,2006,72.794,America,0.25,0.17,127,127
St. Lucia,LCA,2007,72.86,America,0.07,0.17,127,127
St. Lucia,LCA,2008,72.963,America,0.1,0.17,127,127
St. Lucia,LCA,2009,72.946,America,-0.02,0.17,127,127
St. Lucia,LCA,2010,72.768,America,-0.18,0.17,127,127
St. Lucia,LCA,2011,72.962,America,0.19,0.17,127,127
St. Lucia,LCA,2012,72.86,America,-0.1,0.17,127,127
St. Lucia,LCA,2013,72.687,America,-0.17,0.17,127,127
St. Lucia,LCA,2014,72.676,America,-0.01,0.17,127,127
St. Lucia,LCA,2015,72.932,America,0.26,0.17,127,127
St. Lucia,LCA,2016,72.552,America,-0.38,0.17,127,127
St. Lucia,LCA,2017,72.522,America,-0.03,0.17,127,127
St. Lucia,LCA,2018,72.655,America,0.13,0.17,127,127
St. Lucia,LCA,2019,72.249,America,-0.41,0.17,127,127
St. Lucia,LCA,2020,72.308,America,0.06,0.17,127,127
St. Lucia,LCA,2021,69.119,America,-3.19,0.17,127,127
St. Lucia,LCA,2022,72.67,America,3.55,0.17,127,127
St. Lucia,LCA,2023,72.697,America,0.03,0.17,127,127
St. Lucia,LCA,2024,72.846,America,0.15,0.17,127,127
Liechtenstein,LIE,1960,70.88821951219514,Europe,,2.13,6,6
Liechtenstein,LIE,1961,70.95543902439024,Europe,0.07,2.13,6,6
Liechtenstein,LIE,1962,70.84958536585366,Europe,-0.11,2.13,6,6
Liechtenstein,LIE,1963,70.9008536585366,Europe,0.05,2.13,6,6
Liechtenstein,LIE,1964,71.0428048780488,Europe,0.14,2.13,6,6
Liechtenstein,LIE,1965,71.21565853658537,Europe,0.17,2.13,6,6
Liechtenstein,LIE,1966,71.63178048780487,Europe,0.42,2.13,6,6
Liechtenstein,LIE,1967,72.04263414634148,Europe,0.41,2.13,6,6
Liechtenstein,LIE,1968,72.39312195121951,Europe,0.35,2.13,6,6
Liechtenstein,LIE,1969,72.6079024390244,Europe,0.21,2.13,6,6
Liechtenstein,LIE,1970,72.88319512195123,Europe,0.28,2.13,6,6
Liechtenstein,LIE,1971,73.09168292682928,Europe,0.21,2.13,6,6
Liechtenstein,LIE,1972,73.4018048780488,Europe,0.31,2.13,6,6
Liechtenstein,LIE,1973,73.6489512195122,Europe,0.25,2.13,6,6
Liechtenstein,LIE,1974,73.98743902439026,Europe,0.34,2.13,6,6
Liechtenstein,LIE,1975,74.26419512195123,Europe,0.28,2.13,6,6
Liechtenstein,LIE,1976,74.4749512195122,Europe,0.21,2.13,6,6
Liechtenstein,LIE,1977,74.65831707317075,Europe,0.18,2.13,6,6
Liechtenstein,LIE,1978,74.59056097560976,Europe,-0.07,2.13,6,6
Liechtenstein,LIE,1979,74.61356097560977,Europe,0.02,2.13,6,6
Liechtenstein,LIE,1980,74.65809756097562,Europe,0.04,2.13,6,6
Liechtenstein,LIE,1981,74.83121951219513,Europe,0.17,2.13,6,6
Liechtenstein,LIE,1982,74.95517073170731,Europe,0.12,2.13,6,6
Liechtenstein,LIE,1983,75.61304878048782,Europe,0.66,2.13,6,6
Liechtenstein,LIE,1984,76.09263414634147,Europe,0.48,2.13,6,6
Liechtenstein,LIE,1985,76.63880487804879,Europe,0.55,2.13,6,6
Liechtenstein,LIE,1986,77.11431707317075,Europe,0.48,2.13,6,6
Liechtenstein,LIE,1987,77.61475609756098,Europe,0.5,2.13,6,6
Liechtenstein,LIE,1988,77.84473170731708,Europe,0.23,2.13,6,6
Liechtenstein,LIE,1989,78.1208536585366,Europe,0.28,2.13,6,6
Liechtenstein,LIE,1990,78.33153658536587,Europe,0.21,2.13,6,6
Liechtenstein,LIE,1991,78.47129268292684,Europe,0.14,2.13,6,6
Liechtenstein,LIE,1992,78.46365853658538,Europe,-0.01,2.13,6,6
Liechtenstein,LIE,1993,78.27070731707317,Europe,-0.19,2.13,6,6
Liechtenstein,LIE,1994,78.4219512195122,Europe,0.15,2.13,6,6
Liechtenstein,LIE,1995,77.39024390243904,Europe,-1.03,2.13,6,6
Liechtenstein,LIE,1996,76.83658536585367,Europe,-0.55,2.13,6,6
Liechtenstein,LIE,1997,76.04634146341465,Europe,-0.79,2.13,6,6
Liechtenstein,LIE,1998,77.74634146341464,Europe,1.7,2.13,6,6
Liechtenstein,LIE,1999,79.10975609756099,Europe,1.36,2.13,6,6
Liechtenstein,LIE,2000,76.8268292682927,Europe,-2.28,2.13,6,6
Liechtenstein,LIE,2001,79.27560975609757,Europe,2.45,2.13,6,6
Liechtenstein,LIE,2002,79.63658536585366,Europe,0.36,2.13,6,6
Liechtenstein,LIE,2003,79.96097560975612,Europe,0.32,2.13,6,6
Liechtenstein,LIE,2004,81.77073170731708,Europe,1.81,2.13,6,6
Liechtenstein,LIE,2005,80.66829268292683,Europe,-1.1,2.13,6,6
Liechtenstein,LIE,2006,80.94878048780488,Europe,0.28,2.13,6,6
Liechtenstein,LIE,2007,81.2951219512195,Europe,0.35,2.13,6,6
Liechtenstein,LIE,2008,82.6829268292683,Europe,1.39,2.13,6,6
Liechtenstein,LIE,2009,81.5,Europe,-1.18,2.13,6,6
Liechtenstein,LIE,2010,81.84146341463416,Europe,0.34,2.13,6,6
Liechtenstein,LIE,2011,81.79268292682929,Europe,-0.05,2.13,6,6
Liechtenstein,LIE,2012,82.3829268292683,Europe,0.59,2.13,6,6
Liechtenstein,LIE,2013,82.26097560975612,Europe,-0.12,2.13,6,6
Liechtenstein,LIE,2014,82.07317073170732,Europe,-0.19,2.13,6,6
Liechtenstein,LIE,2015,82.65609756097561,Europe,0.58,2.13,6,6
Liechtenstein,LIE,2016,82.25853658536586,Europe,-0.4,2.13,6,6
Liechtenstein,LIE,2017,83.74634146341465,Europe,1.49,2.13,6,6
Liechtenstein,LIE,2018,83.04146341463417,Europe,-0.7,2.13,6,6
Liechtenstein,LIE,2019,84.16097560975611,Europe,1.12,2.13,6,6
Liechtenstein,LIE,2020,81.65853658536587,Europe,-2.5,2.13,6,6
Liechtenstein,LIE,2021,84.40243902439025,Europe,2.74,2.13,6,6
Liechtenstein,LIE,2022,84.1219512195122,Europe,-0.28,2.13,6,6
Liechtenstein,LIE,2023,84.59512195121953,Europe,0.47,2.13,6,6
Liechtenstein,LIE,2024,84.20000000000002,Europe,-0.4,2.13,6,6
Sri Lanka,LKA,1960,60.602,Asia,,1.91,78,78
Sri Lanka,LKA,1961,61.158,Asia,0.56,1.91,78,78
Sri Lanka,LKA,1962,61.627,Asia,0.47,1.91,78,78
Sri Lanka,LKA,1963,62.031,Asia,0.4,1.91,78,78
Sri Lanka,LKA,1964,62.376,Asia,0.34,1.91,78,78
Sri Lanka,LKA,1965,62.793,Asia,0.42,1.91,78,78
Sri Lanka,LKA,1966,63.156,Asia,0.36,1.91,78,78
Sri Lanka,LKA,1967,63.556,Asia,0.4,1.91,78,78
Sri Lanka,LKA,1968,63.869,Asia,0.31,1.91,78,78
Sri Lanka,LKA,1969,64.138,Asia,0.27,1.91,78,78
Sri Lanka,LKA,1970,64.352,Asia,0.21,1.91,78,78
Sri Lanka,LKA,1971,64.24,Asia,-0.11,1.91,78,78
Sri Lanka,LKA,1972,64.625,Asia,0.39,1.91,78,78
Sri Lanka,LKA,1973,64.785,Asia,0.16,1.91,78,78
Sri Lanka,LKA,1974,64.966,Asia,0.18,1.91,78,78
Sri Lanka,LKA,1975,65.355,Asia,0.39,1.91,78,78
Sri Lanka,LKA,1976,65.84,Asia,0.48,1.91,78,78
Sri Lanka,LKA,1977,66.391,Asia,0.55,1.91,78,78
Sri Lanka,LKA,1978,66.844,Asia,0.45,1.91,78,78
Sri Lanka,LKA,1979,67.514,Asia,0.67,1.91,78,78
Sri Lanka,LKA,1980,68.006,Asia,0.49,1.91,78,78
Sri Lanka,LKA,1981,68.38,Asia,0.37,1.91,78,78
Sri Lanka,LKA,1982,68.665,Asia,0.29,1.91,78,78
Sri Lanka,LKA,1983,68.726,Asia,0.06,1.91,78,78
Sri Lanka,LKA,1984,68.761,Asia,0.03,1.91,78,78
Sri Lanka,LKA,1985,68.881,Asia,0.12,1.91,78,78
Sri Lanka,LKA,1986,68.962,Asia,0.08,1.91,78,78
Sri Lanka,LKA,1987,69.009,Asia,0.05,1.91,78,78
Sri Lanka,LKA,1988,68.995,Asia,-0.01,1.91,78,78
Sri Lanka,LKA,1989,67.284,Asia,-1.71,1.91,78,78
Sri Lanka,LKA,1990,69.239,Asia,1.95,1.91,78,78
Sri Lanka,LKA,1991,69.131,Asia,-0.11,1.91,78,78
Sri Lanka,LKA,1992,69.619,Asia,0.49,1.91,78,78
Sri Lanka,LKA,1993,70.049,Asia,0.43,1.91,78,78
Sri Lanka,LKA,1994,70.211,Asia,0.16,1.91,78,78
Sri Lanka,LKA,1995,69.746,Asia,-0.47,1.91,78,78
Sri Lanka,LKA,1996,69.841,Asia,0.09,1.91,78,78
Sri Lanka,LKA,1997,69.934,Asia,0.09,1.91,78,78
Sri Lanka,LKA,1998,70.134,Asia,0.2,1.91,78,78
Sri Lanka,LKA,1999,70.427,Asia,0.29,1.91,78,78
Sri Lanka,LKA,2000,71.179,Asia,0.75,1.91,78,78
Sri Lanka,LKA,2001,71.804,Asia,0.62,1.91,78,78
Sri Lanka,LKA,2002,72.271,Asia,0.47,1.91,78,78
Sri Lanka,LKA,2003,72.442,Asia,0.17,1.91,78,78
Sri Lanka,LKA,2004,68.022,Asia,-4.42,1.91,78,78
Sri Lanka,LKA,2005,73.073,Asia,5.05,1.91,78,78
Sri Lanka,LKA,2006,72.825,Asia,-0.25,1.91,78,78
Sri Lanka,LKA,2007,72.983,Asia,0.16,1.91,78,78
Sri Lanka,LKA,2008,72.556,Asia,-0.43,1.91,78,78
Sri Lanka,LKA,2009,70.298,Asia,-2.26,1.91,78,78
Sri Lanka,LKA,2010,74.463,Asia,4.16,1.91,78,78
Sri Lanka,LKA,2011,74.74,Asia,0.28,1.91,78,78
Sri Lanka,LKA,2012,75.187,Asia,0.45,1.91,78,78
Sri Lanka,LKA,2013,75.546,Asia,0.36,1.91,78,78
Sri Lanka,LKA,2014,75.757,Asia,0.21,1.91,78,78
Sri Lanka,LKA,2015,75.99,Asia,0.23,1.91,78,78
Sri Lanka,LKA,2016,76.136,Asia,0.15,1.91,78,78
Sri Lanka,LKA,2017,76.239,Asia,0.1,1.91,78,78
Sri Lanka,LKA,2018,76.485,Asia,0.25,1.91,78,78
Sri Lanka,LKA,2019,76.698,Asia,0.21,1.91,78,78
Sri Lanka,LKA,2020,76.928,Asia,0.23,1.91,78,78
Sri Lanka,LKA,2021,76.278,Asia,-0.65,1.91,78,78
Sri Lanka,LKA,2022,77.3,Asia,1.02,1.91,78,78
Sri Lanka,LKA,2023,77.483,Asia,0.18,1.91,78,78
Sri Lanka,LKA,2024,77.672,Asia,0.19,1.91,78,78
Lesotho,LSO,1960,50.171,Africa,,7.01,213,213
Lesotho,LSO,1961,50.275,Africa,0.1,7.01,213,213
Lesotho,LSO,1962,50.307,Africa,0.03,7.01,213,213
Lesotho,LSO,1963,50.26,Africa,-0.05,7.01,213,213
Lesotho,LSO,1964,50.307,Africa,0.05,7.01,213,213
Lesotho,LSO,1965,50.326,Africa,0.02,7.01,213,213
Lesotho,LSO,1966,50.377,Africa,0.05,7.01,213,213
Lesotho,LSO,1967,50.513,Africa,0.14,7.01,213,213
Lesotho,LSO,1968,50.791,Africa,0.28,7.01,213,213
Lesotho,LSO,1969,51.117,Africa,0.33,7.01,213,213
Lesotho,LSO,1970,51.501,Africa,0.38,7.01,213,213
Lesotho,LSO,1971,51.845,Africa,0.34,7.01,213,213
Lesotho,LSO,1972,52.256,Africa,0.41,7.01,213,213
Lesotho,LSO,1973,52.62,Africa,0.36,7.01,213,213
Lesotho,LSO,1974,52.941,Africa,0.32,7.01,213,213
Lesotho,LSO,1975,53.454,Africa,0.51,7.01,213,213
Lesotho,LSO,1976,53.931,Africa,0.48,7.01,213,213
Lesotho,LSO,1977,54.526,Africa,0.6,7.01,213,213
Lesotho,LSO,1978,55.166,Africa,0.64,7.01,213,213
Lesotho,LSO,1979,55.843,Africa,0.68,7.01,213,213
Lesotho,LSO,1980,56.534,Africa,0.69,7.01,213,213
Lesotho,LSO,1981,57.307,Africa,0.77,7.01,213,213
Lesotho,LSO,1982,57.976,Africa,0.67,7.01,213,213
Lesotho,LSO,1983,58.495,Africa,0.52,7.01,213,213
Lesotho,LSO,1984,58.955,Africa,0.46,7.01,213,213
Lesotho,LSO,1985,59.211,Africa,0.26,7.01,213,213
Lesotho,LSO,1986,59.346,Africa,0.13,7.01,213,213
Lesotho,LSO,1987,59.557,Africa,0.21,7.01,213,213
Lesotho,LSO,1988,59.572,Africa,0.02,7.01,213,213
Lesotho,LSO,1989,59.505,Africa,-0.07,7.01,213,213
Lesotho,LSO,1990,59.317,Africa,-0.19,7.01,213,213
Lesotho,LSO,1991,59.061,Africa,-0.26,7.01,213,213
Lesotho,LSO,1992,58.638,Africa,-0.42,7.01,213,213
Lesotho,LSO,1993,58.06,Africa,-0.58,7.01,213,213
Lesotho,LSO,1994,57.288,Africa,-0.77,7.01,213,213
Lesotho,LSO,1995,56.368,Africa,-0.92,7.01,213,213
Lesotho,LSO,1996,55.136,Africa,-1.23,7.01,213,213
Lesotho,LSO,1997,53.733,Africa,-1.4,7.01,213,213
Lesotho,LSO,1998,52.029,Africa,-1.7,7.01,213,213
Lesotho,LSO,1999,50.385,Africa,-1.64,7.01,213,213
Lesotho,LSO,2000,48.783,Africa,-1.6,7.01,213,213
Lesotho,LSO,2001,47.153,Africa,-1.63,7.01,213,213
Lesotho,LSO,2002,45.95,Africa,-1.2,7.01,213,213
Lesotho,LSO,2003,44.921,Africa,-1.03,7.01,213,213
Lesotho,LSO,2004,44.039,Africa,-0.88,7.01,213,213
Lesotho,LSO,2005,43.611,Africa,-0.43,7.01,213,213
Lesotho,LSO,2006,43.182,Africa,-0.43,7.01,213,213
Lesotho,LSO,2007,43.66,Africa,0.48,7.01,213,213
Lesotho,LSO,2008,44.304,Africa,0.64,7.01,213,213
Lesotho,LSO,2009,45.055,Africa,0.75,7.01,213,213
Lesotho,LSO,2010,46.045,Africa,0.99,7.01,213,213
Lesotho,LSO,2011,46.93,Africa,0.88,7.01,213,213
Lesotho,LSO,2012,48.235,Africa,1.3,7.01,213,213
Lesotho,LSO,2013,49.547,Africa,1.31,7.01,213,213
Lesotho,LSO,2014,50.786,Africa,1.24,7.01,213,213
Lesotho,LSO,2015,51.83,Africa,1.04,7.01,213,213
Lesotho,LSO,2016,52.908,Africa,1.08,7.01,213,213
Lesotho,LSO,2017,53.874,Africa,0.97,7.01,213,213
Lesotho,LSO,2018,54.638,Africa,0.76,7.01,213,213
Lesotho,LSO,2019,55.249,Africa,0.61,7.01,213,213
Lesotho,LSO,2020,55.133,Africa,-0.12,7.01,213,213
Lesotho,LSO,2021,54.209,Africa,-0.92,7.01,213,213
Lesotho,LSO,2022,56.812,Africa,2.6,7.01,213,213
Lesotho,LSO,2023,57.375,Africa,0.56,7.01,213,213
Lesotho,LSO,2024,57.798,Africa,0.42,7.01,213,213
Lithuania,LTU,1960,69.84731707317074,Europe,,2.68,84,84
Lithuania,LTU,1961,70.10268292682929,Europe,0.26,2.68,84,84
Lithuania,LTU,1962,69.09536585365854,Europe,-1.01,2.68,84,84
Lithuania,LTU,1963,70.20439024390244,Europe,1.11,2.68,84,84
Lithuania,LTU,1964,71.50902439024391,Europe,1.3,2.68,84,84
Lithuania,LTU,1965,71.32512195121951,Europe,-0.18,2.68,84,84
Lithuania,LTU,1966,71.52024390243903,Europe,0.2,2.68,84,84
Lithuania,LTU,1967,71.6039024390244,Europe,0.08,2.68,84,84
Lithuania,LTU,1968,71.31365853658538,Europe,-0.29,2.68,84,84
Lithuania,LTU,1969,70.92853658536586,Europe,-0.39,2.68,84,84
Lithuania,LTU,1970,70.80439024390245,Europe,-0.12,2.68,84,84
Lithuania,LTU,1971,71.73536585365855,Europe,0.93,2.68,84,84
Lithuania,LTU,1972,71.02463414634147,Europe,-0.71,2.68,84,84
Lithuania,LTU,1973,71.33219512195123,Europe,0.31,2.68,84,84
Lithuania,LTU,1974,71.24414634146342,Europe,-0.09,2.68,84,84
Lithuania,LTU,1975,70.86731707317074,Europe,-0.38,2.68,84,84
Lithuania,LTU,1976,70.95804878048781,Europe,0.09,2.68,84,84
Lithuania,LTU,1977,70.80951219512195,Europe,-0.15,2.68,84,84
Lithuania,LTU,1978,70.60463414634148,Europe,-0.2,2.68,84,84
Lithuania,LTU,1979,70.48219512195122,Europe,-0.12,2.68,84,84
Lithuania,LTU,1980,70.48219512195122,Europe,0.0,2.68,84,84
Lithuania,LTU,1981,70.46073170731708,Europe,-0.02,2.68,84,84
Lithuania,LTU,1982,70.8368292682927,Europe,0.38,2.68,84,84
Lithuania,LTU,1983,70.77780487804878,Europe,-0.06,2.68,84,84
Lithuania,LTU,1984,70.32000000000001,Europe,-0.46,2.68,84,84
Lithuania,LTU,1985,70.50121951219514,Europe,0.18,2.68,84,84
Lithuania,LTU,1986,72.08073170731707,Europe,1.58,2.68,84,84
Lithuania,LTU,1987,71.93463414634148,Europe,-0.15,2.68,84,84
Lithuania,LTU,1988,71.76219512195124,Europe,-0.17,2.68,84,84
Lithuania,LTU,1989,71.42536585365855,Europe,-0.34,2.68,84,84
Lithuania,LTU,1990,71.16073170731708,Europe,-0.26,2.68,84,84
Lithuania,LTU,1991,70.36414634146342,Europe,-0.8,2.68,84,84
Lithuania,LTU,1992,70.23439024390245,Europe,-0.13,2.68,84,84
Lithuania,LTU,1993,68.91048780487806,Europe,-1.32,2.68,84,84
Lithuania,LTU,1994,68.53024390243903,Europe,-0.38,2.68,84,84
Lithuania,LTU,1995,69.00634146341466,Europe,0.48,2.68,84,84
Lithuania,LTU,1996,70.1080487804878,Europe,1.1,2.68,84,84
Lithuania,LTU,1997,70.9090243902439,Europe,0.8,2.68,84,84
Lithuania,LTU,1998,71.21951219512195,Europe,0.31,2.68,84,84
Lithuania,LTU,1999,71.5707317073171,Europe,0.35,2.68,84,84
Lithuania,LTU,2000,72.01951219512195,Europe,0.45,2.68,84,84
Lithuania,LTU,2001,71.65853658536585,Europe,-0.36,2.68,84,84
Lithuania,LTU,2002,71.76097560975612,Europe,0.1,2.68,84,84
Lithuania,LTU,2003,72.06097560975611,Europe,0.3,2.68,84,84
Lithuania,LTU,2004,71.9609756097561,Europe,-0.1,2.68,84,84
Lithuania,LTU,2005,71.25365853658538,Europe,-0.71,2.68,84,84
Lithuania,LTU,2006,71.05609756097562,Europe,-0.2,2.68,84,84
Lithuania,LTU,2007,70.90000000000002,Europe,-0.16,2.68,84,84
Lithuania,LTU,2008,71.81219512195122,Europe,0.91,2.68,84,84
Lithuania,LTU,2009,72.91463414634147,Europe,1.1,2.68,84,84
Lithuania,LTU,2010,73.26829268292683,Europe,0.35,2.68,84,84
Lithuania,LTU,2011,73.56341463414635,Europe,0.3,2.68,84,84
Lithuania,LTU,2012,73.86341463414635,Europe,0.3,2.68,84,84
Lithuania,LTU,2013,73.91463414634146,Europe,0.05,2.68,84,84
Lithuania,LTU,2014,74.5170731707317,Europe,0.6,2.68,84,84
Lithuania,LTU,2015,74.32195121951221,Europe,-0.2,2.68,84,84
Lithuania,LTU,2016,74.67073170731707,Europe,0.35,2.68,84,84
Lithuania,LTU,2017,75.48048780487807,Europe,0.81,2.68,84,84
Lithuania,LTU,2018,75.68048780487806,Europe,0.2,2.68,84,84
Lithuania,LTU,2019,76.28292682926829,Europe,0.6,2.68,84,84
Lithuania,LTU,2020,75.02926829268293,Europe,-1.25,2.68,84,84
Lithuania,LTU,2021,74.03658536585367,Europe,-0.99,2.68,84,84
Lithuania,LTU,2022,75.64390243902439,Europe,1.61,2.68,84,84
Lithuania,LTU,2023,77.29024390243904,Europe,1.65,2.68,84,84
Lithuania,LTU,2024,77.19512195121952,Europe,-0.1,2.68,84,84
Luxembourg,LUX,1960,68.80056097560977,Europe,,0.97,18,18
Luxembourg,LUX,1961,69.1529268292683,Europe,0.35,0.97,18,18
Luxembourg,LUX,1962,68.43173170731708,Europe,-0.72,0.97,18,18
Luxembourg,LUX,1963,68.6719756097561,Europe,0.24,0.97,18,18
Luxembourg,LUX,1964,68.86568292682928,Europe,0.19,0.97,18,18
Luxembourg,LUX,1965,69.2268536585366,Europe,0.36,0.97,18,18
Luxembourg,LUX,1966,68.90036585365854,Europe,-0.33,0.97,18,18
Luxembourg,LUX,1967,69.4889268292683,Europe,0.59,0.97,18,18
Luxembourg,LUX,1968,69.974756097561,Europe,0.49,0.97,18,18
Luxembourg,LUX,1969,69.71668292682926,Europe,-0.26,0.97,18,18
Luxembourg,LUX,1970,69.20809756097562,Europe,-0.51,0.97,18,18
Luxembourg,LUX,1971,69.23985365853659,Europe,0.03,0.97,18,18
Luxembourg,LUX,1972,70.44336585365855,Europe,1.2,0.97,18,18
Luxembourg,LUX,1973,70.33443902439026,Europe,-0.11,0.97,18,18
Luxembourg,LUX,1974,70.19963414634147,Europe,-0.13,0.97,18,18
Luxembourg,LUX,1975,70.31821951219513,Europe,0.12,0.97,18,18
Luxembourg,LUX,1976,70.22041463414635,Europe,-0.1,0.97,18,18
Luxembourg,LUX,1977,71.42414634146343,Europe,1.2,0.97,18,18
Luxembourg,LUX,1978,71.41463414634147,Europe,-0.01,0.97,18,18
Luxembourg,LUX,1979,72.17665853658538,Europe,0.76,0.97,18,18
Luxembourg,LUX,1980,72.25817073170732,Europe,0.08,0.97,18,18
Luxembourg,LUX,1981,71.9679268292683,Europe,-0.29,0.97,18,18
Luxembourg,LUX,1982,72.05558536585367,Europe,0.09,0.97,18,18
Luxembourg,LUX,1983,72.85119512195122,Europe,0.8,0.97,18,18
Luxembourg,LUX,1984,72.58070731707319,Europe,-0.27,0.97,18,18
Luxembourg,LUX,1985,73.13360975609757,Europe,0.55,0.97,18,18
Luxembourg,LUX,1986,73.95251219512197,Europe,0.82,0.97,18,18
Luxembourg,LUX,1987,73.72234146341464,Europe,-0.23,0.97,18,18
Luxembourg,LUX,1988,74.12019512195121,Europe,0.4,0.97,18,18
Luxembourg,LUX,1989,74.12265853658538,Europe,0.0,0.97,18,18
Luxembourg,LUX,1990,74.77548780487805,Europe,0.65,0.97,18,18
Luxembourg,LUX,1991,75.46341463414635,Europe,0.69,0.97,18,18
Luxembourg,LUX,1992,75.77073170731707,Europe,0.31,0.97,18,18
Luxembourg,LUX,1993,75.71219512195123,Europe,-0.06,0.97,18,18
Luxembourg,LUX,1994,76.37073170731708,Europe,0.66,0.97,18,18
Luxembourg,LUX,1995,76.51219512195124,Europe,0.14,0.97,18,18
Luxembourg,LUX,1996,76.51951219512196,Europe,0.01,0.97,18,18
Luxembourg,LUX,1997,76.88048780487804,Europe,0.36,0.97,18,18
Luxembourg,LUX,1998,77.0170731707317,Europe,0.14,0.97,18,18
Luxembourg,LUX,1999,77.77073170731708,Europe,0.75,0.97,18,18
Luxembourg,LUX,2000,77.87317073170732,Europe,0.1,0.97,18,18
Luxembourg,LUX,2001,77.82439024390246,Europe,-0.05,0.97,18,18
Luxembourg,LUX,2002,77.96585365853659,Europe,0.14,0.97,18,18
Luxembourg,LUX,2003,77.72682926829269,Europe,-0.24,0.97,18,18
Luxembourg,LUX,2004,79.1219512195122,Europe,1.4,0.97,18,18
Luxembourg,LUX,2005,79.43170731707318,Europe,0.31,0.97,18,18
Luxembourg,LUX,2006,79.2878048780488,Europe,-0.14,0.97,18,18
Luxembourg,LUX,2007,79.3829268292683,Europe,0.1,0.97,18,18
Luxembourg,LUX,2008,80.53902439024391,Europe,1.16,0.97,18,18
Luxembourg,LUX,2009,80.63658536585366,Europe,0.1,0.97,18,18
Luxembourg,LUX,2010,80.63170731707318,Europe,-0.0,0.97,18,18
Luxembourg,LUX,2011,80.98780487804878,Europe,0.36,0.97,18,18
Luxembourg,LUX,2012,81.39268292682927,Europe,0.4,0.97,18,18
Luxembourg,LUX,2013,81.80000000000001,Europe,0.41,0.97,18,18
Luxembourg,LUX,2014,82.22926829268293,Europe,0.43,0.97,18,18
Luxembourg,LUX,2015,82.29268292682927,Europe,0.06,0.97,18,18
Luxembourg,LUX,2016,82.68536585365854,Europe,0.39,0.97,18,18
Luxembourg,LUX,2017,82.09512195121953,Europe,-0.59,0.97,18,18
Luxembourg,LUX,2018,82.29512195121951,Europe,0.2,0.97,18,18
Luxembourg,LUX,2019,82.63902439024392,Europe,0.34,0.97,18,18
Luxembourg,LUX,2020,82.1439024390244,Europe,-0.5,0.97,18,18
Luxembourg,LUX,2021,82.59756097560975,Europe,0.45,0.97,18,18
Luxembourg,LUX,2022,82.94634146341465,Europe,0.35,0.97,18,18
Luxembourg,LUX,2023,83.30975609756099,Europe,0.36,0.97,18,18
Luxembourg,LUX,2024,83.19512195121952,Europe,-0.11,0.97,18,18
Latvia,LVA,1960,69.78682926829268,Europe,,2.3,95,95
Latvia,LVA,1961,70.03243902439026,Europe,0.25,2.3,95,95
Latvia,LVA,1962,69.43048780487804,Europe,-0.6,2.3,95,95
Latvia,LVA,1963,69.8290243902439,Europe,0.4,2.3,95,95
Latvia,LVA,1964,71.02804878048782,Europe,1.2,2.3,95,95
Latvia,LVA,1965,70.72658536585368,Europe,-0.3,2.3,95,95
Latvia,LVA,1966,70.70731707317073,Europe,-0.02,2.3,95,95
Latvia,LVA,1967,70.3939024390244,Europe,-0.31,2.3,95,95
Latvia,LVA,1968,70.04292682926831,Europe,-0.35,2.3,95,95
Latvia,LVA,1969,69.7968292682927,Europe,-0.25,2.3,95,95
Latvia,LVA,1970,69.83536585365856,Europe,0.04,2.3,95,95
Latvia,LVA,1971,70.16463414634147,Europe,0.33,2.3,95,95
Latvia,LVA,1972,69.87878048780489,Europe,-0.29,2.3,95,95
Latvia,LVA,1973,69.81341463414635,Europe,-0.07,2.3,95,95
Latvia,LVA,1974,69.7409756097561,Europe,-0.07,2.3,95,95
Latvia,LVA,1975,68.92536585365855,Europe,-0.82,2.3,95,95
Latvia,LVA,1976,69.0478048780488,Europe,0.12,2.3,95,95
Latvia,LVA,1977,69.10463414634147,Europe,0.06,2.3,95,95
Latvia,LVA,1978,68.98780487804879,Europe,-0.12,2.3,95,95
Latvia,LVA,1979,68.49560975609756,Europe,-0.49,2.3,95,95
Latvia,LVA,1980,68.80853658536586,Europe,0.31,2.3,95,95
Latvia,LVA,1981,68.78634146341464,Europe,-0.02,2.3,95,95
Latvia,LVA,1982,69.32829268292684,Europe,0.54,2.3,95,95
Latvia,LVA,1983,69.11902439024392,Europe,-0.21,2.3,95,95
Latvia,LVA,1984,69.1629268292683,Europe,0.04,2.3,95,95
Latvia,LVA,1985,69.29146341463417,Europe,0.13,2.3,95,95
Latvia,LVA,1986,70.62243902439026,Europe,1.33,2.3,95,95
Latvia,LVA,1987,70.6929268292683,Europe,0.07,2.3,95,95
Latvia,LVA,1988,70.61536585365855,Europe,-0.08,2.3,95,95
Latvia,LVA,1989,70.15536585365855,Europe,-0.46,2.3,95,95
Latvia,LVA,1990,69.27317073170732,Europe,-0.88,2.3,95,95
Latvia,LVA,1991,69.03243902439026,Europe,-0.24,2.3,95,95
Latvia,LVA,1992,68.3960975609756,Europe,-0.64,2.3,95,95
Latvia,LVA,1993,66.72268292682926,Europe,-1.67,2.3,95,95
Latvia,LVA,1994,65.66439024390246,Europe,-1.06,2.3,95,95
Latvia,LVA,1995,66.39121951219514,Europe,0.73,2.3,95,95
Latvia,LVA,1996,68.77658536585368,Europe,2.39,2.3,95,95
Latvia,LVA,1997,69.34926829268294,Europe,0.57,2.3,95,95
Latvia,LVA,1998,69.01219512195122,Europe,-0.34,2.3,95,95
Latvia,LVA,1999,69.7429268292683,Europe,0.73,2.3,95,95
Latvia,LVA,2000,70.31463414634148,Europe,0.57,2.3,95,95
Latvia,LVA,2001,70.7609756097561,Europe,0.45,2.3,95,95
Latvia,LVA,2002,70.96097560975612,Europe,0.2,2.3,95,95
Latvia,LVA,2003,71.2658536585366,Europe,0.3,2.3,95,95
Latvia,LVA,2004,72.02682926829269,Europe,0.76,2.3,95,95
Latvia,LVA,2005,71.35609756097561,Europe,-0.67,2.3,95,95
Latvia,LVA,2006,70.8658536585366,Europe,-0.49,2.3,95,95
Latvia,LVA,2007,71.01951219512196,Europe,0.15,2.3,95,95
Latvia,LVA,2008,72.41951219512197,Europe,1.4,2.3,95,95
Latvia,LVA,2009,73.08048780487806,Europe,0.66,2.3,95,95
Latvia,LVA,2010,73.4829268292683,Europe,0.4,2.3,95,95
Latvia,LVA,2011,73.57560975609756,Europe,0.09,2.3,95,95
Latvia,LVA,2012,73.77804878048781,Europe,0.2,2.3,95,95
Latvia,LVA,2013,73.98292682926831,Europe,0.2,2.3,95,95
Latvia,LVA,2014,74.12439024390244,Europe,0.14,2.3,95,95
Latvia,LVA,2015,74.48048780487805,Europe,0.36,2.3,95,95
Latvia,LVA,2016,74.58048780487805,Europe,0.1,2.3,95,95
Latvia,LVA,2017,74.62926829268294,Europe,0.05,2.3,95,95
Latvia,LVA,2018,74.7829268292683,Europe,0.15,2.3,95,95
Latvia,LVA,2019,75.3878048780488,Europe,0.6,2.3,95,95
Latvia,LVA,2020,75.18536585365854,Europe,-0.2,2.3,95,95
Latvia,LVA,2021,72.98048780487807,Europe,-2.2,2.3,95,95
Latvia,LVA,2022,74.27804878048782,Europe,1.3,2.3,95,95
Latvia,LVA,2023,75.42682926829269,Europe,1.15,2.3,95,95
Latvia,LVA,2024,76.42926829268293,Europe,1.0,2.3,95,95
"Macao SAR, China",MAC,1960,63.78075609756098,Asia,,0.31,16,16
"Macao SAR, China",MAC,1961,64.311,Asia,0.53,0.31,16,16
"Macao SAR, China",MAC,1962,64.91753658536587,Asia,0.61,0.31,16,16
"Macao SAR, China",MAC,1963,65.49134146341464,Asia,0.57,0.31,16,16
"Macao SAR, China",MAC,1964,65.8860731707317,Asia,0.39,0.31,16,16
"Macao SAR, China",MAC,1965,66.22146341463416,Asia,0.34,0.31,16,16
"Macao SAR, China",MAC,1966,66.70441463414636,Asia,0.48,0.31,16,16
"Macao SAR, China",MAC,1967,67.32268292682927,Asia,0.62,0.31,16,16
"Macao SAR, China",MAC,1968,67.94500000000002,Asia,0.62,0.31,16,16
"Macao SAR, China",MAC,1969,68.19463414634146,Asia,0.25,0.31,16,16
"Macao SAR, China",MAC,1970,68.69914634146343,Asia,0.5,0.31,16,16
"Macao SAR, China",MAC,1971,69.1089268292683,Asia,0.41,0.31,16,16
"Macao SAR, China",MAC,1972,69.68139024390246,Asia,0.57,0.31,16,16
"Macao SAR, China",MAC,1973,70.18814634146341,Asia,0.51,0.31,16,16
"Macao SAR, China",MAC,1974,70.55039024390244,Asia,0.36,0.31,16,16
"Macao SAR, China",MAC,1975,70.70743902439024,Asia,0.16,0.31,16,16
"Macao SAR, China",MAC,1976,71.4869756097561,Asia,0.78,0.31,16,16
"Macao SAR, China",MAC,1977,71.38753658536585,Asia,-0.1,0.31,16,16
"Macao SAR, China",MAC,1978,71.90514634146342,Asia,0.52,0.31,16,16
"Macao SAR, China",MAC,1979,72.33468292682929,Asia,0.43,0.31,16,16
"Macao SAR, China",MAC,1980,72.76482926829269,Asia,0.43,0.31,16,16
"Macao SAR, China",MAC,1981,73.19197560975611,Asia,0.43,0.31,16,16
"Macao SAR, China",MAC,1982,73.75529268292684,Asia,0.56,0.31,16,16
"Macao SAR, China",MAC,1983,73.90651219512196,Asia,0.15,0.31,16,16
"Macao SAR, China",MAC,1984,74.06739024390245,Asia,0.16,0.31,16,16
"Macao SAR, China",MAC,1985,74.5358048780488,Asia,0.47,0.31,16,16
"Macao SAR, China",MAC,1986,74.81451219512196,Asia,0.28,0.31,16,16
"Macao SAR, China",MAC,1987,74.99582926829268,Asia,0.18,0.31,16,16
"Macao SAR, China",MAC,1988,75.37185365853658,Asia,0.38,0.31,16,16
"Macao SAR, China",MAC,1989,76.04936585365856,Asia,0.68,0.31,16,16
"Macao SAR, China",MAC,1990,76.39868292682928,Asia,0.35,0.31,16,16
"Macao SAR, China",MAC,1991,76.46012195121952,Asia,0.06,0.31,16,16
"Macao SAR, China",MAC,1992,76.89331707317075,Asia,0.43,0.31,16,16
"Macao SAR, China",MAC,1993,77.30126829268293,Asia,0.41,0.31,16,16
"Macao SAR, China",MAC,1994,77.26648780487805,Asia,-0.03,0.31,16,16
"Macao SAR, China",MAC,1995,76.75853658536587,Asia,-0.51,0.31,16,16
"Macao SAR, China",MAC,1996,77.5439024390244,Asia,0.79,0.31,16,16
"Macao SAR, China",MAC,1997,77.64634146341464,Asia,0.1,0.31,16,16
"Macao SAR, China",MAC,1998,78.24634146341464,Asia,0.6,0.31,16,16
"Macao SAR, China",MAC,1999,78.99512195121952,Asia,0.75,0.31,16,16
"Macao SAR, China",MAC,2000,80.1829268292683,Asia,1.19,0.31,16,16
"Macao SAR, China",MAC,2001,80.58780487804879,Asia,0.4,0.31,16,16
"Macao SAR, China",MAC,2002,80.94634146341464,Asia,0.36,0.31,16,16
"Macao SAR, China",MAC,2003,81.0439024390244,Asia,0.1,0.31,16,16
"Macao SAR, China",MAC,2004,80.99268292682929,Asia,-0.05,0.31,16,16
"Macao SAR, China",MAC,2005,81.34146341463415,Asia,0.35,0.31,16,16
"Macao SAR, China",MAC,2006,81.72926829268295,Asia,0.39,0.31,16,16
"Macao SAR, China",MAC,2007,81.72926829268295,Asia,0.0,0.31,16,16
"Macao SAR, China",MAC,2008,82.02682926829267,Asia,0.3,0.31,16,16
"Macao SAR, China",MAC,2009,82.17560975609757,Asia,0.15,0.31,16,16
"Macao SAR, China",MAC,2010,82.27317073170734,Asia,0.1,0.31,16,16
"Macao SAR, China",MAC,2011,82.47073170731709,Asia,0.2,0.31,16,16
"Macao SAR, China",MAC,2012,82.47073170731709,Asia,0.0,0.31,16,16
"Macao SAR, China",MAC,2013,82.72195121951219,Asia,0.25,0.31,16,16
"Macao SAR, China",MAC,2014,83.0219512195122,Asia,0.3,0.31,16,16
"Macao SAR, China",MAC,2015,83.22439024390245,Asia,0.2,0.31,16,16
"Macao SAR, China",MAC,2016,83.27560975609757,Asia,0.05,0.31,16,16
"Macao SAR, China",MAC,2017,83.52682926829269,Asia,0.25,0.31,16,16
"Macao SAR, China",MAC,2018,83.67804878048783,Asia,0.15,0.31,16,16
"Macao SAR, China",MAC,2019,83.92926829268293,Asia,0.25,0.31,16,16
"Macao SAR, China",MAC,2020,84.12926829268292,Asia,0.2,0.31,16,16
"Macao SAR, China",MAC,2021,83.72926829268295,Asia,-0.4,0.31,16,16
"Macao SAR, China",MAC,2022,83.08048780487806,Asia,-0.65,0.31,16,16
"Macao SAR, China",MAC,2023,83.18048780487806,Asia,0.1,0.31,16,16
"Macao SAR, China",MAC,2024,83.33170731707317,Asia,0.15,0.31,16,16
St. Martin (French part),MAF,1960,67.648,America,,0.71,51,51
St. Martin (French part),MAF,1961,67.912,America,0.26,0.71,51,51
St. Martin (French part),MAF,1962,68.194,America,0.28,0.71,51,51
St. Martin (French part),MAF,1963,68.487,America,0.29,0.71,51,51
St. Martin (French part),MAF,1964,68.757,America,0.27,0.71,51,51
St. Martin (French part),MAF,1965,69.034,America,0.28,0.71,51,51
St. Martin (French part),MAF,1966,69.401,America,0.37,0.71,51,51
St. Martin (French part),MAF,1967,69.775,America,0.37,0.71,51,51
St. Martin (French part),MAF,1968,70.15,America,0.38,0.71,51,51
St. Martin (French part),MAF,1969,70.559,America,0.41,0.71,51,51
St. Martin (French part),MAF,1970,70.982,America,0.42,0.71,51,51
St. Martin (French part),MAF,1971,71.305,America,0.32,0.71,51,51
St. Martin (French part),MAF,1972,71.568,America,0.26,0.71,51,51
St. Martin (French part),MAF,1973,71.78,America,0.21,0.71,51,51
St. Martin (French part),MAF,1974,71.933,America,0.15,0.71,51,51
St. Martin (French part),MAF,1975,72.046,America,0.11,0.71,51,51
St. Martin (French part),MAF,1976,72.116,America,0.07,0.71,51,51
St. Martin (French part),MAF,1977,72.174,America,0.06,0.71,51,51
St. Martin (French part),MAF,1978,72.238,America,0.06,0.71,51,51
St. Martin (French part),MAF,1979,72.296,America,0.06,0.71,51,51
St. Martin (French part),MAF,1980,72.347,America,0.05,0.71,51,51
St. Martin (French part),MAF,1981,72.384,America,0.04,0.71,51,51
St. Martin (French part),MAF,1982,72.419,America,0.03,0.71,51,51
St. Martin (French part),MAF,1983,72.55,America,0.13,0.71,51,51
St. Martin (French part),MAF,1984,72.734,America,0.18,0.71,51,51
St. Martin (French part),MAF,1985,72.943,America,0.21,0.71,51,51
St. Martin (French part),MAF,1986,73.201,America,0.26,0.71,51,51
St. Martin (French part),MAF,1987,73.519,America,0.32,0.71,51,51
St. Martin (French part),MAF,1988,73.858,America,0.34,0.71,51,51
St. Martin (French part),MAF,1989,74.205,America,0.35,0.71,51,51
St. Martin (French part),MAF,1990,74.565,America,0.36,0.71,51,51
St. Martin (French part),MAF,1991,74.925,America,0.36,0.71,51,51
St. Martin (French part),MAF,1992,75.15,America,0.23,0.71,51,51
St. Martin (French part),MAF,1993,75.349,America,0.2,0.71,51,51
St. Martin (French part),MAF,1994,75.533,America,0.18,0.71,51,51
St. Martin (French part),MAF,1995,75.714,America,0.18,0.71,51,51
St. Martin (French part),MAF,1996,75.885,America,0.17,0.71,51,51
St. Martin (French part),MAF,1997,76.105,America,0.22,0.71,51,51
St. Martin (French part),MAF,1998,76.338,America,0.23,0.71,51,51
St. Martin (French part),MAF,1999,76.565,America,0.23,0.71,51,51
St. Martin (French part),MAF,2000,76.793,America,0.23,0.71,51,51
St. Martin (French part),MAF,2001,77.009,America,0.22,0.71,51,51
St. Martin (French part),MAF,2002,77.219,America,0.21,0.71,51,51
St. Martin (French part),MAF,2003,77.419,America,0.2,0.71,51,51
St. Martin (French part),MAF,2004,77.612,America,0.19,0.71,51,51
St. Martin (French part),MAF,2005,77.802,America,0.19,0.71,51,51
St. Martin (French part),MAF,2006,77.989,America,0.19,0.71,51,51
St. Martin (French part),MAF,2007,78.16,America,0.17,0.71,51,51
St. Martin (French part),MAF,2008,78.326,America,0.17,0.71,51,51
St. Martin (French part),MAF,2009,78.513,America,0.19,0.71,51,51
St. Martin (French part),MAF,2010,78.752,America,0.24,0.71,51,51
St. Martin (French part),MAF,2011,79.016,America,0.26,0.71,51,51
St. Martin (French part),MAF,2012,79.302,America,0.29,0.71,51,51
St. Martin (French part),MAF,2013,79.528,America,0.23,0.71,51,51
St. Martin (French part),MAF,2014,79.727,America,0.2,0.71,51,51
St. Martin (French part),MAF,2015,79.829,America,0.1,0.71,51,51
St. Martin (French part),MAF,2016,79.885,America,0.06,0.71,51,51
St. Martin (French part),MAF,2017,78.762,America,-1.12,0.71,51,51
St. Martin (French part),MAF,2018,80.029,America,1.27,0.71,51,51
St. Martin (French part),MAF,2019,80.078,America,0.05,0.71,51,51
St. Martin (French part),MAF,2020,80.085,America,0.01,0.71,51,51
St. Martin (French part),MAF,2021,80.206,America,0.12,0.71,51,51
St. Martin (French part),MAF,2022,80.236,America,0.03,0.71,51,51
St. Martin (French part),MAF,2023,80.224,America,-0.01,0.71,51,51
St. Martin (French part),MAF,2024,80.438,America,0.21,0.71,51,51
Morocco,MAR,1960,41.73,Africa,,2.97,103,103
Morocco,MAR,1961,43.694,Africa,1.96,2.97,103,103
Morocco,MAR,1962,44.226,Africa,0.53,2.97,103,103
Morocco,MAR,1963,44.768,Africa,0.54,2.97,103,103
Morocco,MAR,1964,45.346,Africa,0.58,2.97,103,103
Morocco,MAR,1965,45.922,Africa,0.58,2.97,103,103
Morocco,MAR,1966,46.495,Africa,0.57,2.97,103,103
Morocco,MAR,1967,47.099,Africa,0.6,2.97,103,103
Morocco,MAR,1968,47.659,Africa,0.56,2.97,103,103
Morocco,MAR,1969,48.187,Africa,0.53,2.97,103,103
Morocco,MAR,1970,48.691,Africa,0.5,2.97,103,103
Morocco,MAR,1971,49.169,Africa,0.48,2.97,103,103
Morocco,MAR,1972,49.706,Africa,0.54,2.97,103,103
Morocco,MAR,1973,50.22,Africa,0.51,2.97,103,103
Morocco,MAR,1974,50.762,Africa,0.54,2.97,103,103
Morocco,MAR,1975,51.356,Africa,0.59,2.97,103,103
Morocco,MAR,1976,52.048,Africa,0.69,2.97,103,103
Morocco,MAR,1977,52.791,Africa,0.74,2.97,103,103
Morocco,MAR,1978,53.554,Africa,0.76,2.97,103,103
Morocco,MAR,1979,54.376,Africa,0.82,2.97,103,103
Morocco,MAR,1980,55.219,Africa,0.84,2.97,103,103
Morocco,MAR,1981,56.023,Africa,0.8,2.97,103,103
Morocco,MAR,1982,56.869,Africa,0.85,2.97,103,103
Morocco,MAR,1983,57.685,Africa,0.82,2.97,103,103
Morocco,MAR,1984,58.438,Africa,0.75,2.97,103,103
Morocco,MAR,1985,59.208,Africa,0.77,2.97,103,103
Morocco,MAR,1986,59.951,Africa,0.74,2.97,103,103
Morocco,MAR,1987,60.62,Africa,0.67,2.97,103,103
Morocco,MAR,1988,61.231,Africa,0.61,2.97,103,103
Morocco,MAR,1989,61.824,Africa,0.59,2.97,103,103
Morocco,MAR,1990,62.396,Africa,0.57,2.97,103,103
Morocco,MAR,1991,62.919,Africa,0.52,2.97,103,103
Morocco,MAR,1992,63.388,Africa,0.47,2.97,103,103
Morocco,MAR,1993,63.868,Africa,0.48,2.97,103,103
Morocco,MAR,1994,64.346,Africa,0.48,2.97,103,103
Morocco,MAR,1995,64.725,Africa,0.38,2.97,103,103
Morocco,MAR,1996,65.226,Africa,0.5,2.97,103,103
Morocco,MAR,1997,65.616,Africa,0.39,2.97,103,103
Morocco,MAR,1998,66.008,Africa,0.39,2.97,103,103
Morocco,MAR,1999,66.404,Africa,0.4,2.97,103,103
Morocco,MAR,2000,66.794,Africa,0.39,2.97,103,103
Morocco,MAR,2001,67.2,Africa,0.41,2.97,103,103
Morocco,MAR,2002,67.582,Africa,0.38,2.97,103,103
Morocco,MAR,2003,67.958,Africa,0.38,2.97,103,103
Morocco,MAR,2004,68.272,Africa,0.31,2.97,103,103
Morocco,MAR,2005,68.748,Africa,0.48,2.97,103,103
Morocco,MAR,2006,69.157,Africa,0.41,2.97,103,103
Morocco,MAR,2007,69.62,Africa,0.46,2.97,103,103
Morocco,MAR,2008,70.051,Africa,0.43,2.97,103,103
Morocco,MAR,2009,70.454,Africa,0.4,2.97,103,103
Morocco,MAR,2010,70.821,Africa,0.37,2.97,103,103
Morocco,MAR,2011,71.263,Africa,0.44,2.97,103,103
Morocco,MAR,2012,71.674,Africa,0.41,2.97,103,103
Morocco,MAR,2013,72.117,Africa,0.44,2.97,103,103
Morocco,MAR,2014,72.522,Africa,0.41,2.97,103,103
Morocco,MAR,2015,72.894,Africa,0.37,2.97,103,103
Morocco,MAR,2016,73.228,Africa,0.33,2.97,103,103
Morocco,MAR,2017,73.608,Africa,0.38,2.97,103,103
Morocco,MAR,2018,73.946,Africa,0.34,2.97,103,103
Morocco,MAR,2019,74.245,Africa,0.3,2.97,103,103
Morocco,MAR,2020,73.133,Africa,-1.11,2.97,103,103
Morocco,MAR,2021,73.385,Africa,0.25,2.97,103,103
Morocco,MAR,2022,75.161,Africa,1.78,2.97,103,103
Morocco,MAR,2023,75.313,Africa,0.15,2.97,103,103
Morocco,MAR,2024,75.493,Africa,0.18,2.97,103,103
Monaco,MCO,1960,71.861,Europe,,1.4,1,1
Monaco,MCO,1961,72.177,Europe,0.32,1.4,1,1
Monaco,MCO,1962,72.437,Europe,0.26,1.4,1,1
Monaco,MCO,1963,72.476,Europe,0.04,1.4,1,1
Monaco,MCO,1964,72.706,Europe,0.23,1.4,1,1
Monaco,MCO,1965,72.866,Europe,0.16,1.4,1,1
Monaco,MCO,1966,73.03,Europe,0.16,1.4,1,1
Monaco,MCO,1967,73.058,Europe,0.03,1.4,1,1
Monaco,MCO,1968,73.17,Europe,0.11,1.4,1,1
Monaco,MCO,1969,73.249,Europe,0.08,1.4,1,1
Monaco,MCO,1970,73.349,Europe,0.1,1.4,1,1
Monaco,MCO,1971,73.365,Europe,0.02,1.4,1,1
Monaco,MCO,1972,73.381,Europe,0.02,1.4,1,1
Monaco,MCO,1973,73.374,Europe,-0.01,1.4,1,1
Monaco,MCO,1974,73.421,Europe,0.05,1.4,1,1
Monaco,MCO,1975,73.523,Europe,0.1,1.4,1,1
Monaco,MCO,1976,73.797,Europe,0.27,1.4,1,1
Monaco,MCO,1977,74.193,Europe,0.4,1.4,1,1
Monaco,MCO,1978,74.656,Europe,0.46,1.4,1,1
Monaco,MCO,1979,74.87,Europe,0.21,1.4,1,1
Monaco,MCO,1980,74.948,Europe,0.08,1.4,1,1
Monaco,MCO,1981,74.953,Europe,0.01,1.4,1,1
Monaco,MCO,1982,75.255,Europe,0.3,1.4,1,1
Monaco,MCO,1983,75.697,Europe,0.44,1.4,1,1
Monaco,MCO,1984,76.394,Europe,0.7,1.4,1,1
Monaco,MCO,1985,77.363,Europe,0.97,1.4,1,1
Monaco,MCO,1986,78.4,Europe,1.04,1.4,1,1
Monaco,MCO,1987,79.257,Europe,0.86,1.4,1,1
Monaco,MCO,1988,79.408,Europe,0.15,1.4,1,1
Monaco,MCO,1989,79.416,Europe,0.01,1.4,1,1
Monaco,MCO,1990,79.436,Europe,0.02,1.4,1,1
Monaco,MCO,1991,79.749,Europe,0.31,1.4,1,1
Monaco,MCO,1992,80.065,Europe,0.32,1.4,1,1
Monaco,MCO,1993,80.365,Europe,0.3,1.4,1,1
Monaco,MCO,1994,80.654,Europe,0.29,1.4,1,1
Monaco,MCO,1995,80.902,Europe,0.25,1.4,1,1
Monaco,MCO,1996,81.133,Europe,0.23,1.4,1,1
Monaco,MCO,1997,81.358,Europe,0.23,1.4,1,1
Monaco,MCO,1998,81.605,Europe,0.25,1.4,1,1
Monaco,MCO,1999,81.826,Europe,0.22,1.4,1,1
Monaco,MCO,2000,82.121,Europe,0.3,1.4,1,1
Monaco,MCO,2001,82.485,Europe,0.36,1.4,1,1
Monaco,MCO,2002,83.055,Europe,0.57,1.4,1,1
Monaco,MCO,2003,83.613,Europe,0.56,1.4,1,1
Monaco,MCO,2004,84.151,Europe,0.54,1.4,1,1
Monaco,MCO,2005,84.34,Europe,0.19,1.4,1,1
Monaco,MCO,2006,84.194,Europe,-0.15,1.4,1,1
Monaco,MCO,2007,83.903,Europe,-0.29,1.4,1,1
Monaco,MCO,2008,83.827,Europe,-0.08,1.4,1,1
Monaco,MCO,2009,84.187,Europe,0.36,1.4,1,1
Monaco,MCO,2010,84.644,Europe,0.46,1.4,1,1
Monaco,MCO,2011,85.01,Europe,0.37,1.4,1,1
Monaco,MCO,2012,85.045,Europe,0.03,1.4,1,1
Monaco,MCO,2013,85.056,Europe,0.01,1.4,1,1
Monaco,MCO,2014,85.093,Europe,0.04,1.4,1,1
Monaco,MCO,2015,85.323,Europe,0.23,1.4,1,1
Monaco,MCO,2016,85.63,Europe,0.31,1.4,1,1
Monaco,MCO,2017,85.878,Europe,0.25,1.4,1,1
Monaco,MCO,2018,86.084,Europe,0.21,1.4,1,1
Monaco,MCO,2019,86.151,Europe,0.07,1.4,1,1
Monaco,MCO,2020,86.089,Europe,-0.06,1.4,1,1
Monaco,MCO,2021,85.113,Europe,-0.98,1.4,1,1
Monaco,MCO,2022,85.746,Europe,0.63,1.4,1,1
Monaco,MCO,2023,86.372,Europe,0.63,1.4,1,1
Monaco,MCO,2024,86.497,Europe,0.12,1.4,1,1
Moldova,MDA,1960,59.44,Europe,,1.09,144,144
Moldova,MDA,1961,59.856,Europe,0.42,1.09,144,144
Moldova,MDA,1962,60.254,Europe,0.4,1.09,144,144
Moldova,MDA,1963,60.616,Europe,0.36,1.09,144,144
Moldova,MDA,1964,60.962,Europe,0.35,1.09,144,144
Moldova,MDA,1965,61.275,Europe,0.31,1.09,144,144
Moldova,MDA,1966,61.552,Europe,0.28,1.09,144,144
Moldova,MDA,1967,61.781,Europe,0.23,1.09,144,144
Moldova,MDA,1968,61.975,Europe,0.19,1.09,144,144
Moldova,MDA,1969,62.184,Europe,0.21,1.09,144,144
Moldova,MDA,1970,62.414,Europe,0.23,1.09,144,144
Moldova,MDA,1971,62.672,Europe,0.26,1.09,144,144
Moldova,MDA,1972,62.932,Europe,0.26,1.09,144,144
Moldova,MDA,1973,63.175,Europe,0.24,1.09,144,144
Moldova,MDA,1974,63.437,Europe,0.26,1.09,144,144
Moldova,MDA,1975,63.7,Europe,0.26,1.09,144,144
Moldova,MDA,1976,63.968,Europe,0.27,1.09,144,144
Moldova,MDA,1977,64.231,Europe,0.26,1.09,144,144
Moldova,MDA,1978,64.489,Europe,0.26,1.09,144,144
Moldova,MDA,1979,64.823,Europe,0.33,1.09,144,144
Moldova,MDA,1980,65.189,Europe,0.37,1.09,144,144
Moldova,MDA,1981,65.595,Europe,0.41,1.09,144,144
Moldova,MDA,1982,65.859,Europe,0.26,1.09,144,144
Moldova,MDA,1983,66.149,Europe,0.29,1.09,144,144
Moldova,MDA,1984,66.433,Europe,0.28,1.09,144,144
Moldova,MDA,1985,66.882,Europe,0.45,1.09,144,144
Moldova,MDA,1986,67.395,Europe,0.51,1.09,144,144
Moldova,MDA,1987,67.922,Europe,0.53,1.09,144,144
Moldova,MDA,1988,68.191,Europe,0.27,1.09,144,144
Moldova,MDA,1989,68.173,Europe,-0.02,1.09,144,144
Moldova,MDA,1990,67.92,Europe,-0.25,1.09,144,144
Moldova,MDA,1991,67.554,Europe,-0.37,1.09,144,144
Moldova,MDA,1992,66.749,Europe,-0.81,1.09,144,144
Moldova,MDA,1993,66.66,Europe,-0.09,1.09,144,144
Moldova,MDA,1994,66.319,Europe,-0.34,1.09,144,144
Moldova,MDA,1995,66.218,Europe,-0.1,1.09,144,144
Moldova,MDA,1996,66.248,Europe,0.03,1.09,144,144
Moldova,MDA,1997,66.484,Europe,0.24,1.09,144,144
Moldova,MDA,1998,66.84,Europe,0.36,1.09,144,144
Moldova,MDA,1999,67.205,Europe,0.36,1.09,144,144
Moldova,MDA,2000,67.462,Europe,0.26,1.09,144,144
Moldova,MDA,2001,67.672,Europe,0.21,1.09,144,144
Moldova,MDA,2002,67.793,Europe,0.12,1.09,144,144
Moldova,MDA,2003,67.9,Europe,0.11,1.09,144,144
Moldova,MDA,2004,68.017,Europe,0.12,1.09,144,144
Moldova,MDA,2005,68.197,Europe,0.18,1.09,144,144
Moldova,MDA,2006,68.423,Europe,0.23,1.09,144,144
Moldova,MDA,2007,68.674,Europe,0.25,1.09,144,144
Moldova,MDA,2008,69.0,Europe,0.33,1.09,144,144
Moldova,MDA,2009,69.406,Europe,0.41,1.09,144,144
Moldova,MDA,2010,69.876,Europe,0.47,1.09,144,144
Moldova,MDA,2011,70.173,Europe,0.3,1.09,144,144
Moldova,MDA,2012,70.344,Europe,0.17,1.09,144,144
Moldova,MDA,2013,70.291,Europe,-0.05,1.09,144,144
Moldova,MDA,2014,70.241,Europe,-0.05,1.09,144,144
Moldova,MDA,2015,70.118,Europe,-0.12,1.09,144,144
Moldova,MDA,2016,70.179,Europe,0.06,1.09,144,144
Moldova,MDA,2017,70.375,Europe,0.2,1.09,144,144
Moldova,MDA,2018,70.236,Europe,-0.14,1.09,144,144
Moldova,MDA,2019,70.181,Europe,-0.06,1.09,144,144
Moldova,MDA,2020,69.914,Europe,-0.27,1.09,144,144
Moldova,MDA,2021,68.991,Europe,-0.92,1.09,144,144
Moldova,MDA,2022,71.546,Europe,2.56,1.09,144,144
Moldova,MDA,2023,71.198,Europe,-0.35,1.09,144,144
Moldova,MDA,2024,71.332,Europe,0.13,1.09,144,144
Madagascar,MDG,1960,43.349,Africa,,0.57,196,196
Madagascar,MDG,1961,43.79,Africa,0.44,0.57,196,196
Madagascar,MDG,1962,44.185,Africa,0.4,0.57,196,196
Madagascar,MDG,1963,44.626,Africa,0.44,0.57,196,196
Madagascar,MDG,1964,45.037,Africa,0.41,0.57,196,196
Madagascar,MDG,1965,45.447,Africa,0.41,0.57,196,196
Madagascar,MDG,1966,45.98,Africa,0.53,0.57,196,196
Madagascar,MDG,1967,46.457,Africa,0.48,0.57,196,196
Madagascar,MDG,1968,46.932,Africa,0.48,0.57,196,196
Madagascar,MDG,1969,47.322,Africa,0.39,0.57,196,196
Madagascar,MDG,1970,47.898,Africa,0.58,0.57,196,196
Madagascar,MDG,1971,48.204,Africa,0.31,0.57,196,196
Madagascar,MDG,1972,48.507,Africa,0.3,0.57,196,196
Madagascar,MDG,1973,48.921,Africa,0.41,0.57,196,196
Madagascar,MDG,1974,49.303,Africa,0.38,0.57,196,196
Madagascar,MDG,1975,49.596,Africa,0.29,0.57,196,196
Madagascar,MDG,1976,49.8,Africa,0.2,0.57,196,196
Madagascar,MDG,1977,49.945,Africa,0.15,0.57,196,196
Madagascar,MDG,1978,50.017,Africa,0.07,0.57,196,196
Madagascar,MDG,1979,50.059,Africa,0.04,0.57,196,196
Madagascar,MDG,1980,49.984,Africa,-0.07,0.57,196,196
Madagascar,MDG,1981,49.806,Africa,-0.18,0.57,196,196
Madagascar,MDG,1982,50.009,Africa,0.2,0.57,196,196
Madagascar,MDG,1983,50.107,Africa,0.1,0.57,196,196
Madagascar,MDG,1984,50.209,Africa,0.1,0.57,196,196
Madagascar,MDG,1985,50.406,Africa,0.2,0.57,196,196
Madagascar,MDG,1986,50.651,Africa,0.25,0.57,196,196
Madagascar,MDG,1987,51.098,Africa,0.45,0.57,196,196
Madagascar,MDG,1988,51.425,Africa,0.33,0.57,196,196
Madagascar,MDG,1989,51.816,Africa,0.39,0.57,196,196
Madagascar,MDG,1990,52.14,Africa,0.32,0.57,196,196
Madagascar,MDG,1991,52.555,Africa,0.41,0.57,196,196
Madagascar,MDG,1992,52.946,Africa,0.39,0.57,196,196
Madagascar,MDG,1993,53.733,Africa,0.79,0.57,196,196
Madagascar,MDG,1994,54.247,Africa,0.51,0.57,196,196
Madagascar,MDG,1995,54.845,Africa,0.6,0.57,196,196
Madagascar,MDG,1996,55.477,Africa,0.63,0.57,196,196
Madagascar,MDG,1997,56.127,Africa,0.65,0.57,196,196
Madagascar,MDG,1998,56.803,Africa,0.68,0.57,196,196
Madagascar,MDG,1999,57.434,Africa,0.63,0.57,196,196
Madagascar,MDG,2000,57.974,Africa,0.54,0.57,196,196
Madagascar,MDG,2001,58.674,Africa,0.7,0.57,196,196
Madagascar,MDG,2002,59.17,Africa,0.5,0.57,196,196
Madagascar,MDG,2003,59.693,Africa,0.52,0.57,196,196
Madagascar,MDG,2004,60.168,Africa,0.48,0.57,196,196
Madagascar,MDG,2005,60.664,Africa,0.5,0.57,196,196
Madagascar,MDG,2006,61.14,Africa,0.48,0.57,196,196
Madagascar,MDG,2007,61.533,Africa,0.39,0.57,196,196
Madagascar,MDG,2008,61.992,Africa,0.46,0.57,196,196
Madagascar,MDG,2009,62.304,Africa,0.31,0.57,196,196
Madagascar,MDG,2010,62.597,Africa,0.29,0.57,196,196
Madagascar,MDG,2011,62.86,Africa,0.26,0.57,196,196
Madagascar,MDG,2012,63.007,Africa,0.15,0.57,196,196
Madagascar,MDG,2013,63.161,Africa,0.15,0.57,196,196
Madagascar,MDG,2014,63.261,Africa,0.1,0.57,196,196
Madagascar,MDG,2015,63.362,Africa,0.1,0.57,196,196
Madagascar,MDG,2016,63.431,Africa,0.07,0.57,196,196
Madagascar,MDG,2017,63.433,Africa,0.0,0.57,196,196
Madagascar,MDG,2018,63.491,Africa,0.06,0.57,196,196
Madagascar,MDG,2019,63.504,Africa,0.01,0.57,196,196
Madagascar,MDG,2020,62.706,Africa,-0.8,0.57,196,196
Madagascar,MDG,2021,62.516,Africa,-0.19,0.57,196,196
Madagascar,MDG,2022,63.068,Africa,0.55,0.57,196,196
Madagascar,MDG,2023,63.632,Africa,0.56,0.57,196,196
Madagascar,MDG,2024,63.835,Africa,0.2,0.57,196,196
Maldives,MDV,1960,38.244,Asia,,3.1,44,44
Maldives,MDV,1961,38.645,Asia,0.4,3.1,44,44
Maldives,MDV,1962,39.09,Asia,0.45,3.1,44,44
Maldives,MDV,1963,39.593,Asia,0.5,3.1,44,44
Maldives,MDV,1964,40.152,Asia,0.56,3.1,44,44
Maldives,MDV,1965,40.759,Asia,0.61,3.1,44,44
Maldives,MDV,1966,41.406,Asia,0.65,3.1,44,44
Maldives,MDV,1967,42.106,Asia,0.7,3.1,44,44
Maldives,MDV,1968,42.852,Asia,0.75,3.1,44,44
Maldives,MDV,1969,43.654,Asia,0.8,3.1,44,44
Maldives,MDV,1970,44.522,Asia,0.87,3.1,44,44
Maldives,MDV,1971,45.454,Asia,0.93,3.1,44,44
Maldives,MDV,1972,46.431,Asia,0.98,3.1,44,44
Maldives,MDV,1973,47.459,Asia,1.03,3.1,44,44
Maldives,MDV,1974,48.535,Asia,1.08,3.1,44,44
Maldives,MDV,1975,49.645,Asia,1.11,3.1,44,44
Maldives,MDV,1976,50.753,Asia,1.11,3.1,44,44
Maldives,MDV,1977,51.835,Asia,1.08,3.1,44,44
Maldives,MDV,1978,50.448,Asia,-1.39,3.1,44,44
Maldives,MDV,1979,53.871,Asia,3.42,3.1,44,44
Maldives,MDV,1980,54.819,Asia,0.95,3.1,44,44
Maldives,MDV,1981,55.729,Asia,0.91,3.1,44,44
Maldives,MDV,1982,56.614,Asia,0.88,3.1,44,44
Maldives,MDV,1983,57.484,Asia,0.87,3.1,44,44
Maldives,MDV,1984,58.341,Asia,0.86,3.1,44,44
Maldives,MDV,1985,59.18,Asia,0.84,3.1,44,44
Maldives,MDV,1986,59.993,Asia,0.81,3.1,44,44
Maldives,MDV,1987,60.789,Asia,0.8,3.1,44,44
Maldives,MDV,1988,61.59,Asia,0.8,3.1,44,44
Maldives,MDV,1989,62.375,Asia,0.78,3.1,44,44
Maldives,MDV,1990,63.148,Asia,0.77,3.1,44,44
Maldives,MDV,1991,63.911,Asia,0.76,3.1,44,44
Maldives,MDV,1992,64.664,Asia,0.75,3.1,44,44
Maldives,MDV,1993,65.434,Asia,0.77,3.1,44,44
Maldives,MDV,1994,66.197,Asia,0.76,3.1,44,44
Maldives,MDV,1995,66.962,Asia,0.77,3.1,44,44
Maldives,MDV,1996,67.734,Asia,0.77,3.1,44,44
Maldives,MDV,1997,68.517,Asia,0.78,3.1,44,44
Maldives,MDV,1998,69.303,Asia,0.79,3.1,44,44
Maldives,MDV,1999,70.157,Asia,0.85,3.1,44,44
Maldives,MDV,2000,70.892,Asia,0.73,3.1,44,44
Maldives,MDV,2001,71.659,Asia,0.77,3.1,44,44
Maldives,MDV,2002,72.36,Asia,0.7,3.1,44,44
Maldives,MDV,2003,73.263,Asia,0.9,3.1,44,44
Maldives,MDV,2004,73.008,Asia,-0.26,3.1,44,44
Maldives,MDV,2005,74.785,Asia,1.78,3.1,44,44
Maldives,MDV,2006,75.256,Asia,0.47,3.1,44,44
Maldives,MDV,2007,75.711,Asia,0.45,3.1,44,44
Maldives,MDV,2008,75.999,Asia,0.29,3.1,44,44
Maldives,MDV,2009,76.371,Asia,0.37,3.1,44,44
Maldives,MDV,2010,76.756,Asia,0.39,3.1,44,44
Maldives,MDV,2011,77.141,Asia,0.39,3.1,44,44
Maldives,MDV,2012,77.512,Asia,0.37,3.1,44,44
Maldives,MDV,2013,77.847,Asia,0.33,3.1,44,44
Maldives,MDV,2014,78.187,Asia,0.34,3.1,44,44
Maldives,MDV,2015,78.607,Asia,0.42,3.1,44,44
Maldives,MDV,2016,78.913,Asia,0.31,3.1,44,44
Maldives,MDV,2017,79.228,Asia,0.31,3.1,44,44
Maldives,MDV,2018,79.433,Asia,0.21,3.1,44,44
Maldives,MDV,2019,79.707,Asia,0.27,3.1,44,44
Maldives,MDV,2020,78.713,Asia,-0.99,3.1,44,44
Maldives,MDV,2021,78.052,Asia,-0.66,3.1,44,44
Maldives,MDV,2022,80.76,Asia,2.71,3.1,44,44
Maldives,MDV,2023,81.041,Asia,0.28,3.1,44,44
Maldives,MDV,2024,81.285,Asia,0.24,3.1,44,44
Mexico,MEX,1960,53.573,America,,0.86,105,105
Mexico,MEX,1961,54.422,America,0.85,0.86,105,105
Mexico,MEX,1962,55.057,America,0.64,0.86,105,105
Mexico,MEX,1963,55.501,America,0.44,0.86,105,105
Mexico,MEX,1964,55.916,America,0.41,0.86,105,105
Mexico,MEX,1965,56.688,America,0.77,0.86,105,105
Mexico,MEX,1966,57.355,America,0.67,0.86,105,105
Mexico,MEX,1967,57.959,America,0.6,0.86,105,105
Mexico,MEX,1968,58.22,America,0.26,0.86,105,105
Mexico,MEX,1969,58.413,America,0.19,0.86,105,105
Mexico,MEX,1970,58.893,America,0.48,0.86,105,105
Mexico,MEX,1971,59.415,America,0.52,0.86,105,105
Mexico,MEX,1972,60.051,America,0.64,0.86,105,105
Mexico,MEX,1973,60.518,America,0.47,0.86,105,105
Mexico,MEX,1974,61.18,America,0.66,0.86,105,105
Mexico,MEX,1975,61.883,America,0.7,0.86,105,105
Mexico,MEX,1976,62.475,America,0.59,0.86,105,105
Mexico,MEX,1977,62.988,America,0.51,0.86,105,105
Mexico,MEX,1978,63.435,America,0.45,0.86,105,105
Mexico,MEX,1979,63.862,America,0.43,0.86,105,105
Mexico,MEX,1980,64.282,America,0.42,0.86,105,105
Mexico,MEX,1981,64.722,America,0.44,0.86,105,105
Mexico,MEX,1982,65.256,America,0.53,0.86,105,105
Mexico,MEX,1983,65.756,America,0.5,0.86,105,105
Mexico,MEX,1984,66.215,America,0.46,0.86,105,105
Mexico,MEX,1985,66.775,America,0.56,0.86,105,105
Mexico,MEX,1986,67.377,America,0.6,0.86,105,105
Mexico,MEX,1987,67.904,America,0.53,0.86,105,105
Mexico,MEX,1988,68.299,America,0.4,0.86,105,105
Mexico,MEX,1989,68.621,America,0.32,0.86,105,105
Mexico,MEX,1990,69.034,America,0.41,0.86,105,105
Mexico,MEX,1991,69.368,America,0.33,0.86,105,105
Mexico,MEX,1992,69.663,America,0.3,0.86,105,105
Mexico,MEX,1993,69.961,America,0.3,0.86,105,105
Mexico,MEX,1994,70.302,America,0.34,0.86,105,105
Mexico,MEX,1995,70.703,America,0.4,0.86,105,105
Mexico,MEX,1996,71.088,America,0.38,0.86,105,105
Mexico,MEX,1997,71.472,America,0.38,0.86,105,105
Mexico,MEX,1998,71.792,America,0.32,0.86,105,105
Mexico,MEX,1999,72.203,America,0.41,0.86,105,105
Mexico,MEX,2000,72.562,America,0.36,0.86,105,105
Mexico,MEX,2001,72.912,America,0.35,0.86,105,105
Mexico,MEX,2002,73.106,America,0.19,0.86,105,105
Mexico,MEX,2003,73.308,America,0.2,0.86,105,105
Mexico,MEX,2004,73.432,America,0.12,0.86,105,105
Mexico,MEX,2005,73.627,America,0.19,0.86,105,105
Mexico,MEX,2006,73.746,America,0.12,0.86,105,105
Mexico,MEX,2007,73.796,America,0.05,0.86,105,105
Mexico,MEX,2008,73.695,America,-0.1,0.86,105,105
Mexico,MEX,2009,73.628,America,-0.07,0.86,105,105
Mexico,MEX,2010,73.718,America,0.09,0.86,105,105
Mexico,MEX,2011,73.921,America,0.2,0.86,105,105
Mexico,MEX,2012,74.128,America,0.21,0.86,105,105
Mexico,MEX,2013,74.289,America,0.16,0.86,105,105
Mexico,MEX,2014,74.404,America,0.11,0.86,105,105
Mexico,MEX,2015,74.431,America,0.03,0.86,105,105
Mexico,MEX,2016,74.376,America,-0.05,0.86,105,105
Mexico,MEX,2017,74.261,America,-0.12,0.86,105,105
Mexico,MEX,2018,74.301,America,0.04,0.86,105,105
Mexico,MEX,2019,74.53,America,0.23,0.86,105,105
Mexico,MEX,2020,70.449,America,-4.08,0.86,105,105
Mexico,MEX,2021,69.75,America,-0.7,0.86,105,105
Mexico,MEX,2022,73.973,America,4.22,0.86,105,105
Mexico,MEX,2023,75.069,America,1.1,0.86,105,105
Mexico,MEX,2024,75.264,America,0.19,0.86,105,105
Marshall Islands,MHL,1960,54.359,Oceania,,1.97,178,178
Marshall Islands,MHL,1961,54.725,Oceania,0.37,1.97,178,178
Marshall Islands,MHL,1962,55.214,Oceania,0.49,1.97,178,178
Marshall Islands,MHL,1963,55.739,Oceania,0.52,1.97,178,178
Marshall Islands,MHL,1964,56.265,Oceania,0.53,1.97,178,178
Marshall Islands,MHL,1965,56.779,Oceania,0.51,1.97,178,178
Marshall Islands,MHL,1966,57.284,Oceania,0.5,1.97,178,178
Marshall Islands,MHL,1967,57.764,Oceania,0.48,1.97,178,178
Marshall Islands,MHL,1968,58.192,Oceania,0.43,1.97,178,178
Marshall Islands,MHL,1969,58.504,Oceania,0.31,1.97,178,178
Marshall Islands,MHL,1970,58.798,Oceania,0.29,1.97,178,178
Marshall Islands,MHL,1971,59.133,Oceania,0.34,1.97,178,178
Marshall Islands,MHL,1972,59.491,Oceania,0.36,1.97,178,178
Marshall Islands,MHL,1973,59.833,Oceania,0.34,1.97,178,178
Marshall Islands,MHL,1974,60.12,Oceania,0.29,1.97,178,178
Marshall Islands,MHL,1975,60.273,Oceania,0.15,1.97,178,178
Marshall Islands,MHL,1976,60.416,Oceania,0.14,1.97,178,178
Marshall Islands,MHL,1977,60.572,Oceania,0.16,1.97,178,178
Marshall Islands,MHL,1978,60.701,Oceania,0.13,1.97,178,178
Marshall Islands,MHL,1979,60.845,Oceania,0.14,1.97,178,178
Marshall Islands,MHL,1980,60.989,Oceania,0.14,1.97,178,178
Marshall Islands,MHL,1981,61.139,Oceania,0.15,1.97,178,178
Marshall Islands,MHL,1982,61.293,Oceania,0.15,1.97,178,178
Marshall Islands,MHL,1983,61.452,Oceania,0.16,1.97,178,178
Marshall Islands,MHL,1984,61.602,Oceania,0.15,1.97,178,178
Marshall Islands,MHL,1985,61.712,Oceania,0.11,1.97,178,178
Marshall Islands,MHL,1986,61.778,Oceania,0.07,1.97,178,178
Marshall Islands,MHL,1987,61.808,Oceania,0.03,1.97,178,178
Marshall Islands,MHL,1988,61.778,Oceania,-0.03,1.97,178,178
Marshall Islands,MHL,1989,61.733,Oceania,-0.05,1.97,178,178
Marshall Islands,MHL,1990,61.756,Oceania,0.02,1.97,178,178
Marshall Islands,MHL,1991,61.792,Oceania,0.04,1.97,178,178
Marshall Islands,MHL,1992,61.9,Oceania,0.11,1.97,178,178
Marshall Islands,MHL,1993,62.085,Oceania,0.19,1.97,178,178
Marshall Islands,MHL,1994,62.308,Oceania,0.22,1.97,178,178
Marshall Islands,MHL,1995,62.515,Oceania,0.21,1.97,178,178
Marshall Islands,MHL,1996,62.765,Oceania,0.25,1.97,178,178
Marshall Islands,MHL,1997,63.015,Oceania,0.25,1.97,178,178
Marshall Islands,MHL,1998,63.218,Oceania,0.2,1.97,178,178
Marshall Islands,MHL,1999,63.421,Oceania,0.2,1.97,178,178
Marshall Islands,MHL,2000,63.323,Oceania,-0.1,1.97,178,178
Marshall Islands,MHL,2001,63.735,Oceania,0.41,1.97,178,178
Marshall Islands,MHL,2002,63.848,Oceania,0.11,1.97,178,178
Marshall Islands,MHL,2003,63.956,Oceania,0.11,1.97,178,178
Marshall Islands,MHL,2004,64.044,Oceania,0.09,1.97,178,178
Marshall Islands,MHL,2005,64.112,Oceania,0.07,1.97,178,178
Marshall Islands,MHL,2006,64.207,Oceania,0.09,1.97,178,178
Marshall Islands,MHL,2007,64.259,Oceania,0.05,1.97,178,178
Marshall Islands,MHL,2008,64.3,Oceania,0.04,1.97,178,178
Marshall Islands,MHL,2009,64.395,Oceania,0.09,1.97,178,178
Marshall Islands,MHL,2010,64.498,Oceania,0.1,1.97,178,178
Marshall Islands,MHL,2011,64.641,Oceania,0.14,1.97,178,178
Marshall Islands,MHL,2012,64.776,Oceania,0.13,1.97,178,178
Marshall Islands,MHL,2013,64.954,Oceania,0.18,1.97,178,178
Marshall Islands,MHL,2014,65.11,Oceania,0.16,1.97,178,178
Marshall Islands,MHL,2015,65.292,Oceania,0.18,1.97,178,178
Marshall Islands,MHL,2016,65.477,Oceania,0.19,1.97,178,178
Marshall Islands,MHL,2017,65.673,Oceania,0.2,1.97,178,178
Marshall Islands,MHL,2018,65.87,Oceania,0.2,1.97,178,178
Marshall Islands,MHL,2019,66.047,Oceania,0.18,1.97,178,178
Marshall Islands,MHL,2020,65.387,Oceania,-0.66,1.97,178,178
Marshall Islands,MHL,2021,65.421,Oceania,0.03,1.97,178,178
Marshall Islands,MHL,2022,66.725,Oceania,1.3,1.97,178,178
Marshall Islands,MHL,2023,66.945,Oceania,0.22,1.97,178,178
Marshall Islands,MHL,2024,67.075,Oceania,0.13,1.97,178,178
North Macedonia,MKD,1960,60.50173170731708,Europe,,1.17,89,89
North Macedonia,MKD,1961,61.77809756097562,Europe,1.28,1.17,89,89
North Macedonia,MKD,1962,59.284731707317086,Europe,-2.49,1.17,89,89
North Macedonia,MKD,1963,61.35760975609757,Europe,2.07,1.17,89,89
North Macedonia,MKD,1964,61.503414634146345,Europe,0.15,1.17,89,89
North Macedonia,MKD,1965,62.56336585365855,Europe,1.06,1.17,89,89
North Macedonia,MKD,1966,63.4809024390244,Europe,0.92,1.17,89,89
North Macedonia,MKD,1967,63.711292682926846,Europe,0.23,1.17,89,89
North Macedonia,MKD,1968,64.52109756097562,Europe,0.81,1.17,89,89
North Macedonia,MKD,1969,63.93153658536586,Europe,-0.59,1.17,89,89
North Macedonia,MKD,1970,64.90182926829269,Europe,0.97,1.17,89,89
North Macedonia,MKD,1971,65.13792682926831,Europe,0.24,1.17,89,89
North Macedonia,MKD,1972,65.56858536585365,Europe,0.43,1.17,89,89
North Macedonia,MKD,1973,66.98626829268292,Europe,1.42,1.17,89,89
North Macedonia,MKD,1974,67.02619512195123,Europe,0.04,1.17,89,89
North Macedonia,MKD,1975,67.16287804878048,Europe,0.14,1.17,89,89
North Macedonia,MKD,1976,67.77168292682927,Europe,0.61,1.17,89,89
North Macedonia,MKD,1977,68.13565853658535,Europe,0.36,1.17,89,89
North Macedonia,MKD,1978,68.9548780487805,Europe,0.82,1.17,89,89
North Macedonia,MKD,1979,69.06236585365855,Europe,0.11,1.17,89,89
North Macedonia,MKD,1980,68.9679756097561,Europe,-0.09,1.17,89,89
North Macedonia,MKD,1981,69.3280975609756,Europe,0.36,1.17,89,89
North Macedonia,MKD,1982,69.73285365853658,Europe,0.4,1.17,89,89
North Macedonia,MKD,1983,69.60729268292684,Europe,-0.13,1.17,89,89
North Macedonia,MKD,1984,70.06178048780488,Europe,0.45,1.17,89,89
North Macedonia,MKD,1985,70.08778048780489,Europe,0.03,1.17,89,89
North Macedonia,MKD,1986,70.15409756097561,Europe,0.07,1.17,89,89
North Macedonia,MKD,1987,70.26380487804879,Europe,0.11,1.17,89,89
North Macedonia,MKD,1988,70.31360975609756,Europe,0.05,1.17,89,89
North Macedonia,MKD,1989,70.95746341463416,Europe,0.64,1.17,89,89
North Macedonia,MKD,1990,71.17209756097563,Europe,0.21,1.17,89,89
North Macedonia,MKD,1991,71.58290243902441,Europe,0.41,1.17,89,89
North Macedonia,MKD,1992,71.14846341463416,Europe,-0.43,1.17,89,89
North Macedonia,MKD,1993,71.59656097560976,Europe,0.45,1.17,89,89
North Macedonia,MKD,1994,71.69268292682928,Europe,0.1,1.17,89,89
North Macedonia,MKD,1995,71.84878048780489,Europe,0.16,1.17,89,89
North Macedonia,MKD,1996,72.49512195121952,Europe,0.65,1.17,89,89
North Macedonia,MKD,1997,72.44634146341464,Europe,-0.05,1.17,89,89
North Macedonia,MKD,1998,72.29756097560977,Europe,-0.15,1.17,89,89
North Macedonia,MKD,1999,72.79024390243904,Europe,0.49,1.17,89,89
North Macedonia,MKD,2000,72.94634146341465,Europe,0.16,1.17,89,89
North Macedonia,MKD,2001,73.43658536585367,Europe,0.49,1.17,89,89
North Macedonia,MKD,2002,73.03902439024391,Europe,-0.4,1.17,89,89
North Macedonia,MKD,2003,73.24146341463415,Europe,0.2,1.17,89,89
North Macedonia,MKD,2004,73.59756097560977,Europe,0.36,1.17,89,89
North Macedonia,MKD,2005,73.69756097560976,Europe,0.1,1.17,89,89
North Macedonia,MKD,2006,73.89512195121952,Europe,0.2,1.17,89,89
North Macedonia,MKD,2007,73.80000000000001,Europe,-0.1,1.17,89,89
North Macedonia,MKD,2008,74.4,Europe,0.6,1.17,89,89
North Macedonia,MKD,2009,74.44634146341464,Europe,0.05,1.17,89,89
North Macedonia,MKD,2010,74.99756097560976,Europe,0.55,1.17,89,89
North Macedonia,MKD,2011,75.1,Europe,0.1,1.17,89,89
North Macedonia,MKD,2012,74.90243902439026,Europe,-0.2,1.17,89,89
North Macedonia,MKD,2013,75.4,Europe,0.5,1.17,89,89
North Macedonia,MKD,2014,75.45121951219514,Europe,0.05,1.17,89,89
North Macedonia,MKD,2015,75.40243902439025,Europe,-0.05,1.17,89,89
North Macedonia,MKD,2016,75.4,Europe,-0.0,1.17,89,89
North Macedonia,MKD,2017,75.95365853658537,Europe,0.55,1.17,89,89
North Macedonia,MKD,2018,76.64878048780488,Europe,0.7,1.17,89,89
North Macedonia,MKD,2019,76.60243902439025,Europe,-0.05,1.17,89,89
North Macedonia,MKD,2020,74.39512195121951,Europe,-2.21,1.17,89,89
North Macedonia,MKD,2021,73.24634146341464,Europe,-1.15,1.17,89,89
North Macedonia,MKD,2022,74.4248780487805,Europe,1.18,1.17,89,89
North Macedonia,MKD,2023,75.31609756097562,Europe,0.89,1.17,89,89
North Macedonia,MKD,2024,76.61658536585368,Europe,1.3,1.17,89,89
Mali,MLI,1960,30.459,Africa,,3.19,211,211
Mali,MLI,1961,30.637,Africa,0.18,3.19,211,211
Mali,MLI,1962,30.833,Africa,0.2,3.19,211,211
Mali,MLI,1963,31.02,Africa,0.19,3.19,211,211
Mali,MLI,1964,31.231,Africa,0.21,3.19,211,211
Mali,MLI,1965,31.529,Africa,0.3,3.19,211,211
Mali,MLI,1966,31.792,Africa,0.26,3.19,211,211
Mali,MLI,1967,32.197,Africa,0.41,3.19,211,211
Mali,MLI,1968,32.568,Africa,0.37,3.19,211,211
Mali,MLI,1969,32.871,Africa,0.3,3.19,211,211
Mali,MLI,1970,33.396,Africa,0.52,3.19,211,211
Mali,MLI,1971,33.804,Africa,0.41,3.19,211,211
Mali,MLI,1972,34.507,Africa,0.7,3.19,211,211
Mali,MLI,1973,35.087,Africa,0.58,3.19,211,211
Mali,MLI,1974,35.749,Africa,0.66,3.19,211,211
Mali,MLI,1975,36.484,Africa,0.73,3.19,211,211
Mali,MLI,1976,37.204,Africa,0.72,3.19,211,211
Mali,MLI,1977,37.986,Africa,0.78,3.19,211,211
Mali,MLI,1978,38.761,Africa,0.78,3.19,211,211
Mali,MLI,1979,39.506,Africa,0.74,3.19,211,211
Mali,MLI,1980,40.266,Africa,0.76,3.19,211,211
Mali,MLI,1981,40.984,Africa,0.72,3.19,211,211
Mali,MLI,1982,41.804,Africa,0.82,3.19,211,211
Mali,MLI,1983,42.748,Africa,0.94,3.19,211,211
Mali,MLI,1984,43.396,Africa,0.65,3.19,211,211
Mali,MLI,1985,43.921,Africa,0.52,3.19,211,211
Mali,MLI,1986,44.62,Africa,0.7,3.19,211,211
Mali,MLI,1987,45.228,Africa,0.61,3.19,211,211
Mali,MLI,1988,45.72,Africa,0.49,3.19,211,211
Mali,MLI,1989,46.237,Africa,0.52,3.19,211,211
Mali,MLI,1990,46.541,Africa,0.3,3.19,211,211
Mali,MLI,1991,46.889,Africa,0.35,3.19,211,211
Mali,MLI,1992,47.238,Africa,0.35,3.19,211,211
Mali,MLI,1993,47.586,Africa,0.35,3.19,211,211
Mali,MLI,1994,47.914,Africa,0.33,3.19,211,211
Mali,MLI,1995,48.292,Africa,0.38,3.19,211,211
Mali,MLI,1996,48.5,Africa,0.21,3.19,211,211
Mali,MLI,1997,49.086,Africa,0.59,3.19,211,211
Mali,MLI,1998,49.592,Africa,0.51,3.19,211,211
Mali,MLI,1999,50.06,Africa,0.47,3.19,211,211
Mali,MLI,2000,50.605,Africa,0.54,3.19,211,211
Mali,MLI,2001,51.3,Africa,0.7,3.19,211,211
Mali,MLI,2002,51.995,Africa,0.7,3.19,211,211
Mali,MLI,2003,52.632,Africa,0.64,3.19,211,211
Mali,MLI,2004,53.253,Africa,0.62,3.19,211,211
Mali,MLI,2005,53.792,Africa,0.54,3.19,211,211
Mali,MLI,2006,54.305,Africa,0.51,3.19,211,211
Mali,MLI,2007,54.756,Africa,0.45,3.19,211,211
Mali,MLI,2008,55.187,Africa,0.43,3.19,211,211
Mali,MLI,2009,55.588,Africa,0.4,3.19,211,211
Mali,MLI,2010,55.993,Africa,0.41,3.19,211,211
Mali,MLI,2011,56.367,Africa,0.37,3.19,211,211
Mali,MLI,2012,56.696,Africa,0.33,3.19,211,211
Mali,MLI,2013,57.052,Africa,0.36,3.19,211,211
Mali,MLI,2014,57.482,Africa,0.43,3.19,211,211
Mali,MLI,2015,57.852,Africa,0.37,3.19,211,211
Mali,MLI,2016,58.286,Africa,0.43,3.19,211,211
Mali,MLI,2017,58.562,Africa,0.28,3.19,211,211
Mali,MLI,2018,58.873,Africa,0.31,3.19,211,211
Mali,MLI,2019,59.217,Africa,0.34,3.19,211,211
Mali,MLI,2020,58.858,Africa,-0.36,3.19,211,211
Mali,MLI,2021,59.116,Africa,0.26,3.19,211,211
Mali,MLI,2022,60.035,Africa,0.92,3.19,211,211
Mali,MLI,2023,60.439,Africa,0.4,3.19,211,211
Mali,MLI,2024,60.675,Africa,0.24,3.19,211,211
Malta,MLT,1960,68.34409756097561,Europe,,1.06,25,25
Malta,MLT,1961,68.32163414634148,Europe,-0.02,1.06,25,25
Malta,MLT,1962,69.07526829268295,Europe,0.75,1.06,25,25
Malta,MLT,1963,69.15851219512196,Europe,0.08,1.06,25,25
Malta,MLT,1964,69.25819512195123,Europe,0.1,1.06,25,25
Malta,MLT,1965,69.3719024390244,Europe,0.11,1.06,25,25
Malta,MLT,1966,69.65809756097562,Europe,0.29,1.06,25,25
Malta,MLT,1967,69.71051219512195,Europe,0.05,1.06,25,25
Malta,MLT,1968,69.81878048780489,Europe,0.11,1.06,25,25
Malta,MLT,1969,69.97414634146342,Europe,0.16,1.06,25,25
Malta,MLT,1970,70.28495121951221,Europe,0.31,1.06,25,25
Malta,MLT,1971,70.07653658536586,Europe,-0.21,1.06,25,25
Malta,MLT,1972,70.59631707317074,Europe,0.52,1.06,25,25
Malta,MLT,1973,71.2199268292683,Europe,0.62,1.06,25,25
Malta,MLT,1974,71.8290731707317,Europe,0.61,1.06,25,25
Malta,MLT,1975,71.95321951219512,Europe,0.12,1.06,25,25
Malta,MLT,1976,72.09160975609757,Europe,0.14,1.06,25,25
Malta,MLT,1977,72.2178048780488,Europe,0.13,1.06,25,25
Malta,MLT,1978,72.2289268292683,Europe,0.01,1.06,25,25
Malta,MLT,1979,72.39170731707317,Europe,0.16,1.06,25,25
Malta,MLT,1980,72.21839024390246,Europe,-0.17,1.06,25,25
Malta,MLT,1981,72.27165853658538,Europe,0.05,1.06,25,25
Malta,MLT,1982,72.72558536585366,Europe,0.45,1.06,25,25
Malta,MLT,1983,73.00114634146342,Europe,0.28,1.06,25,25
Malta,MLT,1984,73.21117073170733,Europe,0.21,1.06,25,25
Malta,MLT,1985,73.76407317073172,Europe,0.55,1.06,25,25
Malta,MLT,1986,74.39351219512197,Europe,0.63,1.06,25,25
Malta,MLT,1987,75.19331707317073,Europe,0.8,1.06,25,25
Malta,MLT,1988,75.7509024390244,Europe,0.56,1.06,25,25
Malta,MLT,1989,76.05129268292683,Europe,0.3,1.06,25,25
Malta,MLT,1990,76.04592682926831,Europe,-0.01,1.06,25,25
Malta,MLT,1991,76.37763414634148,Europe,0.33,1.06,25,25
Malta,MLT,1992,76.56512195121952,Europe,0.19,1.06,25,25
Malta,MLT,1993,76.71960975609755,Europe,0.15,1.06,25,25
Malta,MLT,1994,76.83297560975612,Europe,0.11,1.06,25,25
Malta,MLT,1995,77.29024390243903,Europe,0.46,1.06,25,25
Malta,MLT,1996,77.34146341463416,Europe,0.05,1.06,25,25
Malta,MLT,1997,77.73902439024391,Europe,0.4,1.06,25,25
Malta,MLT,1998,77.58780487804879,Europe,-0.15,1.06,25,25
Malta,MLT,1999,77.5,Europe,-0.09,1.06,25,25
Malta,MLT,2000,78.34878048780489,Europe,0.85,1.06,25,25
Malta,MLT,2001,78.84390243902439,Europe,0.5,1.06,25,25
Malta,MLT,2002,78.73902439024391,Europe,-0.1,1.06,25,25
Malta,MLT,2003,78.54634146341465,Europe,-0.19,1.06,25,25
Malta,MLT,2004,79.25365853658539,Europe,0.71,1.06,25,25
Malta,MLT,2005,79.30000000000001,Europe,0.05,1.06,25,25
Malta,MLT,2006,79.43902439024392,Europe,0.14,1.06,25,25
Malta,MLT,2007,79.79268292682927,Europe,0.35,1.06,25,25
Malta,MLT,2008,79.63658536585366,Europe,-0.16,1.06,25,25
Malta,MLT,2009,80.24146341463415,Europe,0.6,1.06,25,25
Malta,MLT,2010,81.39756097560976,Europe,1.16,1.06,25,25
Malta,MLT,2011,80.74634146341464,Europe,-0.65,1.06,25,25
Malta,MLT,2012,80.74634146341464,Europe,0.0,1.06,25,25
Malta,MLT,2013,81.74634146341464,Europe,1.0,1.06,25,25
Malta,MLT,2014,81.89512195121951,Europe,0.15,1.06,25,25
Malta,MLT,2015,81.79756097560977,Europe,-0.1,1.06,25,25
Malta,MLT,2016,82.35365853658537,Europe,0.56,1.06,25,25
Malta,MLT,2017,82.19512195121952,Europe,-0.16,1.06,25,25
Malta,MLT,2018,82.2487804878049,Europe,0.05,1.06,25,25
Malta,MLT,2019,82.65853658536585,Europe,0.41,1.06,25,25
Malta,MLT,2020,82.09756097560977,Europe,-0.56,1.06,25,25
Malta,MLT,2021,82.25853658536586,Europe,0.16,1.06,25,25
Malta,MLT,2022,82.29756097560977,Europe,0.04,1.06,25,25
Malta,MLT,2023,83.35609756097561,Europe,1.06,1.06,25,25
Malta,MLT,2024,82.95609756097562,Europe,-0.4,1.06,25,25
Myanmar,MMR,1960,44.086,Asia,,2.1,177,177
Myanmar,MMR,1961,44.603,Asia,0.52,2.1,177,177
Myanmar,MMR,1962,45.264,Asia,0.66,2.1,177,177
Myanmar,MMR,1963,45.951,Asia,0.69,2.1,177,177
Myanmar,MMR,1964,46.653,Asia,0.7,2.1,177,177
Myanmar,MMR,1965,47.405,Asia,0.75,2.1,177,177
Myanmar,MMR,1966,48.181,Asia,0.78,2.1,177,177
Myanmar,MMR,1967,48.86,Asia,0.68,2.1,177,177
Myanmar,MMR,1968,49.4,Asia,0.54,2.1,177,177
Myanmar,MMR,1969,50.02,Asia,0.62,2.1,177,177
Myanmar,MMR,1970,50.47,Asia,0.45,2.1,177,177
Myanmar,MMR,1971,51.027,Asia,0.56,2.1,177,177
Myanmar,MMR,1972,51.397,Asia,0.37,2.1,177,177
Myanmar,MMR,1973,51.763,Asia,0.37,2.1,177,177
Myanmar,MMR,1974,52.092,Asia,0.33,2.1,177,177
Myanmar,MMR,1975,52.493,Asia,0.4,2.1,177,177
Myanmar,MMR,1976,52.908,Asia,0.41,2.1,177,177
Myanmar,MMR,1977,53.266,Asia,0.36,2.1,177,177
Myanmar,MMR,1978,53.522,Asia,0.26,2.1,177,177
Myanmar,MMR,1979,54.026,Asia,0.5,2.1,177,177
Myanmar,MMR,1980,54.374,Asia,0.35,2.1,177,177
Myanmar,MMR,1981,54.699,Asia,0.32,2.1,177,177
Myanmar,MMR,1982,55.033,Asia,0.33,2.1,177,177
Myanmar,MMR,1983,55.308,Asia,0.27,2.1,177,177
Myanmar,MMR,1984,55.596,Asia,0.29,2.1,177,177
Myanmar,MMR,1985,55.816,Asia,0.22,2.1,177,177
Myanmar,MMR,1986,56.084,Asia,0.27,2.1,177,177
Myanmar,MMR,1987,56.353,Asia,0.27,2.1,177,177
Myanmar,MMR,1988,56.57,Asia,0.22,2.1,177,177
Myanmar,MMR,1989,56.889,Asia,0.32,2.1,177,177
Myanmar,MMR,1990,57.159,Asia,0.27,2.1,177,177
Myanmar,MMR,1991,57.395,Asia,0.24,2.1,177,177
Myanmar,MMR,1992,57.681,Asia,0.29,2.1,177,177
Myanmar,MMR,1993,58.032,Asia,0.35,2.1,177,177
Myanmar,MMR,1994,58.326,Asia,0.29,2.1,177,177
Myanmar,MMR,1995,58.671,Asia,0.34,2.1,177,177
Myanmar,MMR,1996,59.169,Asia,0.5,2.1,177,177
Myanmar,MMR,1997,59.523,Asia,0.35,2.1,177,177
Myanmar,MMR,1998,59.896,Asia,0.37,2.1,177,177
Myanmar,MMR,1999,60.107,Asia,0.21,2.1,177,177
Myanmar,MMR,2000,60.357,Asia,0.25,2.1,177,177
Myanmar,MMR,2001,60.64,Asia,0.28,2.1,177,177
Myanmar,MMR,2002,60.925,Asia,0.28,2.1,177,177
Myanmar,MMR,2003,61.196,Asia,0.27,2.1,177,177
Myanmar,MMR,2004,61.443,Asia,0.25,2.1,177,177
Myanmar,MMR,2005,61.72,Asia,0.28,2.1,177,177
Myanmar,MMR,2006,62.026,Asia,0.31,2.1,177,177
Myanmar,MMR,2007,62.367,Asia,0.34,2.1,177,177
Myanmar,MMR,2008,56.364,Asia,-6.0,2.1,177,177
Myanmar,MMR,2009,63.095,Asia,6.73,2.1,177,177
Myanmar,MMR,2010,63.479,Asia,0.38,2.1,177,177
Myanmar,MMR,2011,63.859,Asia,0.38,2.1,177,177
Myanmar,MMR,2012,64.251,Asia,0.39,2.1,177,177
Myanmar,MMR,2013,64.617,Asia,0.37,2.1,177,177
Myanmar,MMR,2014,64.994,Asia,0.38,2.1,177,177
Myanmar,MMR,2015,65.288,Asia,0.29,2.1,177,177
Myanmar,MMR,2016,65.64,Asia,0.35,2.1,177,177
Myanmar,MMR,2017,65.909,Asia,0.27,2.1,177,177
Myanmar,MMR,2018,66.232,Asia,0.32,2.1,177,177
Myanmar,MMR,2019,66.457,Asia,0.22,2.1,177,177
Myanmar,MMR,2020,66.612,Asia,0.16,2.1,177,177
Myanmar,MMR,2021,65.553,Asia,-1.06,2.1,177,177
Myanmar,MMR,2022,66.506,Asia,0.95,2.1,177,177
Myanmar,MMR,2023,66.889,Asia,0.38,2.1,177,177
Myanmar,MMR,2024,67.095,Asia,0.21,2.1,177,177
Montenegro,MNE,1960,65.49219512195123,Europe,,1.55,75,75
Montenegro,MNE,1961,65.92819512195123,Europe,0.44,1.55,75,75
Montenegro,MNE,1962,66.21787804878049,Europe,0.29,1.55,75,75
Montenegro,MNE,1963,66.60719512195124,Europe,0.39,1.55,75,75
Montenegro,MNE,1964,67.20856097560977,Europe,0.6,1.55,75,75
Montenegro,MNE,1965,67.90173170731708,Europe,0.69,1.55,75,75
Montenegro,MNE,1966,68.4289024390244,Europe,0.53,1.55,75,75
Montenegro,MNE,1967,69.07556097560976,Europe,0.65,1.55,75,75
Montenegro,MNE,1968,69.64317073170733,Europe,0.57,1.55,75,75
Montenegro,MNE,1969,69.9628780487805,Europe,0.32,1.55,75,75
Montenegro,MNE,1970,70.20631707317075,Europe,0.24,1.55,75,75
Montenegro,MNE,1971,70.61265853658537,Europe,0.41,1.55,75,75
Montenegro,MNE,1972,71.03646341463416,Europe,0.42,1.55,75,75
Montenegro,MNE,1973,71.36760975609758,Europe,0.33,1.55,75,75
Montenegro,MNE,1974,71.4118048780488,Europe,0.04,1.55,75,75
Montenegro,MNE,1975,71.70941463414634,Europe,0.3,1.55,75,75
Montenegro,MNE,1976,71.84619512195123,Europe,0.14,1.55,75,75
Montenegro,MNE,1977,71.6151219512195,Europe,-0.23,1.55,75,75
Montenegro,MNE,1978,71.71021951219514,Europe,0.1,1.55,75,75
Montenegro,MNE,1979,71.28046341463416,Europe,-0.43,1.55,75,75
Montenegro,MNE,1980,72.03258536585368,Europe,0.75,1.55,75,75
Montenegro,MNE,1981,71.91929268292684,Europe,-0.11,1.55,75,75
Montenegro,MNE,1982,72.10148780487808,Europe,0.18,1.55,75,75
Montenegro,MNE,1983,72.10678048780488,Europe,0.01,1.55,75,75
Montenegro,MNE,1984,72.09804878048782,Europe,-0.01,1.55,75,75
Montenegro,MNE,1985,72.23860975609757,Europe,0.14,1.55,75,75
Montenegro,MNE,1986,72.58846341463416,Europe,0.35,1.55,75,75
Montenegro,MNE,1987,72.98334146341465,Europe,0.39,1.55,75,75
Montenegro,MNE,1988,73.21312195121952,Europe,0.23,1.55,75,75
Montenegro,MNE,1989,73.62048780487807,Europe,0.41,1.55,75,75
Montenegro,MNE,1990,73.69634146341464,Europe,0.08,1.55,75,75
Montenegro,MNE,1991,73.76673170731708,Europe,0.07,1.55,75,75
Montenegro,MNE,1992,73.62165853658537,Europe,-0.15,1.55,75,75
Montenegro,MNE,1993,73.69387804878049,Europe,0.07,1.55,75,75
Montenegro,MNE,1994,73.58778048780489,Europe,-0.11,1.55,75,75
Montenegro,MNE,1995,73.56492682926832,Europe,-0.02,1.55,75,75
Montenegro,MNE,1996,73.44473170731706,Europe,-0.12,1.55,75,75
Montenegro,MNE,1997,73.3429756097561,Europe,-0.1,1.55,75,75
Montenegro,MNE,1998,73.28778048780488,Europe,-0.06,1.55,75,75
Montenegro,MNE,1999,73.1438780487805,Europe,-0.14,1.55,75,75
Montenegro,MNE,2000,73.39680487804878,Europe,0.25,1.55,75,75
Montenegro,MNE,2001,73.58019512195123,Europe,0.18,1.55,75,75
Montenegro,MNE,2002,73.96521951219512,Europe,0.39,1.55,75,75
Montenegro,MNE,2003,74.0557317073171,Europe,0.09,1.55,75,75
Montenegro,MNE,2004,74.20560975609757,Europe,0.15,1.55,75,75
Montenegro,MNE,2005,73.9829268292683,Europe,-0.22,1.55,75,75
Montenegro,MNE,2006,73.8390243902439,Europe,-0.14,1.55,75,75
Montenegro,MNE,2007,74.33902439024392,Europe,0.5,1.55,75,75
Montenegro,MNE,2008,75.13658536585366,Europe,0.8,1.55,75,75
Montenegro,MNE,2009,75.1439024390244,Europe,0.01,1.55,75,75
Montenegro,MNE,2010,75.99024390243903,Europe,0.85,1.55,75,75
Montenegro,MNE,2011,76.08292682926832,Europe,0.09,1.55,75,75
Montenegro,MNE,2012,76.30000000000001,Europe,0.22,1.55,75,75
Montenegro,MNE,2013,76.49024390243903,Europe,0.19,1.55,75,75
Montenegro,MNE,2014,76.3390243902439,Europe,-0.15,1.55,75,75
Montenegro,MNE,2015,76.60243902439025,Europe,0.26,1.55,75,75
Montenegro,MNE,2016,76.54146341463417,Europe,-0.06,1.55,75,75
Montenegro,MNE,2017,76.68536585365854,Europe,0.14,1.55,75,75
Montenegro,MNE,2018,77.88536585365854,Europe,1.2,1.55,75,75
Montenegro,MNE,2019,76.6829268292683,Europe,-1.2,1.55,75,75
Montenegro,MNE,2020,75.93170731707318,Europe,-0.75,1.55,75,75
Montenegro,MNE,2021,73.82439024390244,Europe,-2.11,1.55,75,75
Montenegro,MNE,2022,76.1878048780488,Europe,2.36,1.55,75,75
Montenegro,MNE,2023,77.58780487804879,Europe,1.4,1.55,75,75
Montenegro,MNE,2024,77.89024390243904,Europe,0.3,1.55,75,75
Mongolia,MNG,1960,44.53104878048781,Asia,,1.81,134,134
Mongolia,MNG,1961,45.39268292682927,Asia,0.86,1.81,134,134
Mongolia,MNG,1962,46.247414634146345,Asia,0.85,1.81,134,134
Mongolia,MNG,1963,47.10624390243903,Asia,0.86,1.81,134,134
Mongolia,MNG,1964,47.91719512195122,Asia,0.81,1.81,134,134
Mongolia,MNG,1965,48.68314634146342,Asia,0.77,1.81,134,134
Mongolia,MNG,1966,49.33448780487805,Asia,0.65,1.81,134,134
Mongolia,MNG,1967,50.09,Asia,0.76,1.81,134,134
Mongolia,MNG,1968,50.73919512195123,Asia,0.65,1.81,134,134
Mongolia,MNG,1969,51.3599756097561,Asia,0.62,1.81,134,134
Mongolia,MNG,1970,51.95058536585366,Asia,0.59,1.81,134,134
Mongolia,MNG,1971,52.520219512195126,Asia,0.57,1.81,134,134
Mongolia,MNG,1972,53.072829268292686,Asia,0.55,1.81,134,134
Mongolia,MNG,1973,53.56714634146341,Asia,0.49,1.81,134,134
Mongolia,MNG,1974,53.98763414634147,Asia,0.42,1.81,134,134
Mongolia,MNG,1975,54.30097560975611,Asia,0.31,1.81,134,134
Mongolia,MNG,1976,54.54841463414635,Asia,0.25,1.81,134,134
Mongolia,MNG,1977,54.73578048780488,Asia,0.19,1.81,134,134
Mongolia,MNG,1978,54.88617073170733,Asia,0.15,1.81,134,134
Mongolia,MNG,1979,55.02704878048781,Asia,0.14,1.81,134,134
Mongolia,MNG,1980,55.1848780487805,Asia,0.16,1.81,134,134
Mongolia,MNG,1981,55.37304878048781,Asia,0.19,1.81,134,134
Mongolia,MNG,1982,55.59402439024391,Asia,0.22,1.81,134,134
Mongolia,MNG,1983,55.84541463414635,Asia,0.25,1.81,134,134
Mongolia,MNG,1984,56.120609756097565,Asia,0.28,1.81,134,134
Mongolia,MNG,1985,56.416756097560985,Asia,0.3,1.81,134,134
Mongolia,MNG,1986,56.737804878048784,Asia,0.32,1.81,134,134
Mongolia,MNG,1987,57.09285365853659,Asia,0.36,1.81,134,134
Mongolia,MNG,1988,57.48034146341464,Asia,0.39,1.81,134,134
Mongolia,MNG,1989,58.10202439024391,Asia,0.62,1.81,134,134
Mongolia,MNG,1990,58.80119512195122,Asia,0.7,1.81,134,134
Mongolia,MNG,1991,59.80473170731708,Asia,1.0,1.81,134,134
Mongolia,MNG,1992,60.43070731707317,Asia,0.63,1.81,134,134
Mongolia,MNG,1993,60.82421951219513,Asia,0.39,1.81,134,134
Mongolia,MNG,1994,60.85900000000001,Asia,0.03,1.81,134,134
Mongolia,MNG,1995,60.89251219512197,Asia,0.03,1.81,134,134
Mongolia,MNG,1996,60.99400000000001,Asia,0.1,1.81,134,134
Mongolia,MNG,1997,61.41451219512196,Asia,0.42,1.81,134,134
Mongolia,MNG,1998,62.08307317073171,Asia,0.67,1.81,134,134
Mongolia,MNG,1999,62.78953658536586,Asia,0.71,1.81,134,134
Mongolia,MNG,2000,63.210487804878056,Asia,0.42,1.81,134,134
Mongolia,MNG,2001,63.39170731707318,Asia,0.18,1.81,134,134
Mongolia,MNG,2002,63.54024390243902,Asia,0.15,1.81,134,134
Mongolia,MNG,2003,63.57536585365854,Asia,0.04,1.81,134,134
Mongolia,MNG,2004,64.63024390243903,Asia,1.05,1.81,134,134
Mongolia,MNG,2005,65.28073170731709,Asia,0.65,1.81,134,134
Mongolia,MNG,2006,65.90219512195122,Asia,0.62,1.81,134,134
Mongolia,MNG,2007,66.59341463414636,Asia,0.69,1.81,134,134
Mongolia,MNG,2008,67.24609756097561,Asia,0.65,1.81,134,134
Mongolia,MNG,2009,67.9690243902439,Asia,0.72,1.81,134,134
Mongolia,MNG,2010,68.50560975609758,Asia,0.54,1.81,134,134
Mongolia,MNG,2011,69.10926829268296,Asia,0.6,1.81,134,134
Mongolia,MNG,2012,69.50024390243904,Asia,0.39,1.81,134,134
Mongolia,MNG,2013,70.09804878048782,Asia,0.6,1.81,134,134
Mongolia,MNG,2014,70.58317073170731,Asia,0.49,1.81,134,134
Mongolia,MNG,2015,70.81024390243903,Asia,0.23,1.81,134,134
Mongolia,MNG,2016,70.2239024390244,Asia,-0.59,1.81,134,134
Mongolia,MNG,2017,70.54341463414633,Asia,0.32,1.81,134,134
Mongolia,MNG,2018,70.82707317073172,Asia,0.28,1.81,134,134
Mongolia,MNG,2019,71.05317073170733,Asia,0.23,1.81,134,134
Mongolia,MNG,2020,71.3490243902439,Asia,0.3,1.81,134,134
Mongolia,MNG,2021,71.64512195121952,Asia,0.3,1.81,134,134
Mongolia,MNG,2022,71.90073170731708,Asia,0.26,1.81,134,134
Mongolia,MNG,2023,72.12243902439025,Asia,0.22,1.81,134,134
Mongolia,MNG,2024,72.39804878048781,Asia,0.28,1.81,134,134
Northern Mariana Islands,MNP,1960,61.39,Oceania,,1.57,58,58
Northern Mariana Islands,MNP,1961,61.671,Oceania,0.28,1.57,58,58
Northern Mariana Islands,MNP,1962,61.972,Oceania,0.3,1.57,58,58
Northern Mariana Islands,MNP,1963,62.308,Oceania,0.34,1.57,58,58
Northern Mariana Islands,MNP,1964,62.592,Oceania,0.28,1.57,58,58
Northern Mariana Islands,MNP,1965,62.958,Oceania,0.37,1.57,58,58
Northern Mariana Islands,MNP,1966,63.331,Oceania,0.37,1.57,58,58
Northern Mariana Islands,MNP,1967,63.711,Oceania,0.38,1.57,58,58
Northern Mariana Islands,MNP,1968,64.076,Oceania,0.36,1.57,58,58
Northern Mariana Islands,MNP,1969,64.475,Oceania,0.4,1.57,58,58
Northern Mariana Islands,MNP,1970,64.831,Oceania,0.36,1.57,58,58
Northern Mariana Islands,MNP,1971,65.196,Oceania,0.36,1.57,58,58
Northern Mariana Islands,MNP,1972,65.557,Oceania,0.36,1.57,58,58
Northern Mariana Islands,MNP,1973,65.988,Oceania,0.43,1.57,58,58
Northern Mariana Islands,MNP,1974,66.434,Oceania,0.45,1.57,58,58
Northern Mariana Islands,MNP,1975,66.85,Oceania,0.42,1.57,58,58
Northern Mariana Islands,MNP,1976,67.278,Oceania,0.43,1.57,58,58
Northern Mariana Islands,MNP,1977,67.653,Oceania,0.38,1.57,58,58
Northern Mariana Islands,MNP,1978,67.903,Oceania,0.25,1.57,58,58
Northern Mariana Islands,MNP,1979,68.123,Oceania,0.22,1.57,58,58
Northern Mariana Islands,MNP,1980,68.302,Oceania,0.18,1.57,58,58
Northern Mariana Islands,MNP,1981,68.479,Oceania,0.18,1.57,58,58
Northern Mariana Islands,MNP,1982,68.692,Oceania,0.21,1.57,58,58
Northern Mariana Islands,MNP,1983,68.858,Oceania,0.17,1.57,58,58
Northern Mariana Islands,MNP,1984,69.062,Oceania,0.2,1.57,58,58
Northern Mariana Islands,MNP,1985,69.231,Oceania,0.17,1.57,58,58
Northern Mariana Islands,MNP,1986,69.357,Oceania,0.13,1.57,58,58
Northern Mariana Islands,MNP,1987,69.48,Oceania,0.12,1.57,58,58
Northern Mariana Islands,MNP,1988,69.614,Oceania,0.13,1.57,58,58
Northern Mariana Islands,MNP,1989,69.784,Oceania,0.17,1.57,58,58
Northern Mariana Islands,MNP,1990,70.038,Oceania,0.25,1.57,58,58
Northern Mariana Islands,MNP,1991,70.362,Oceania,0.32,1.57,58,58
Northern Mariana Islands,MNP,1992,70.762,Oceania,0.4,1.57,58,58
Northern Mariana Islands,MNP,1993,71.156,Oceania,0.39,1.57,58,58
Northern Mariana Islands,MNP,1994,71.533,Oceania,0.38,1.57,58,58
Northern Mariana Islands,MNP,1995,71.938,Oceania,0.41,1.57,58,58
Northern Mariana Islands,MNP,1996,72.442,Oceania,0.5,1.57,58,58
Northern Mariana Islands,MNP,1997,72.947,Oceania,0.51,1.57,58,58
Northern Mariana Islands,MNP,1998,73.573,Oceania,0.63,1.57,58,58
Northern Mariana Islands,MNP,1999,74.262,Oceania,0.69,1.57,58,58
Northern Mariana Islands,MNP,2000,74.9,Oceania,0.64,1.57,58,58
Northern Mariana Islands,MNP,2001,75.419,Oceania,0.52,1.57,58,58
Northern Mariana Islands,MNP,2002,75.934,Oceania,0.52,1.57,58,58
Northern Mariana Islands,MNP,2003,76.505,Oceania,0.57,1.57,58,58
Northern Mariana Islands,MNP,2004,76.789,Oceania,0.28,1.57,58,58
Northern Mariana Islands,MNP,2005,77.307,Oceania,0.52,1.57,58,58
Northern Mariana Islands,MNP,2006,77.688,Oceania,0.38,1.57,58,58
Northern Mariana Islands,MNP,2007,77.863,Oceania,0.17,1.57,58,58
Northern Mariana Islands,MNP,2008,77.938,Oceania,0.08,1.57,58,58
Northern Mariana Islands,MNP,2009,77.903,Oceania,-0.03,1.57,58,58
Northern Mariana Islands,MNP,2010,77.8,Oceania,-0.1,1.57,58,58
Northern Mariana Islands,MNP,2011,77.688,Oceania,-0.11,1.57,58,58
Northern Mariana Islands,MNP,2012,77.566,Oceania,-0.12,1.57,58,58
Northern Mariana Islands,MNP,2013,77.452,Oceania,-0.11,1.57,58,58
Northern Mariana Islands,MNP,2014,77.377,Oceania,-0.08,1.57,58,58
Northern Mariana Islands,MNP,2015,77.36,Oceania,-0.02,1.57,58,58
Northern Mariana Islands,MNP,2016,77.392,Oceania,0.03,1.57,58,58
Northern Mariana Islands,MNP,2017,77.47,Oceania,0.08,1.57,58,58
Northern Mariana Islands,MNP,2018,77.51,Oceania,0.04,1.57,58,58
Northern Mariana Islands,MNP,2019,77.844,Oceania,0.33,1.57,58,58
Northern Mariana Islands,MNP,2020,78.03,Oceania,0.19,1.57,58,58
Northern Mariana Islands,MNP,2021,78.16,Oceania,0.13,1.57,58,58
Northern Mariana Islands,MNP,2022,78.531,Oceania,0.37,1.57,58,58
Northern Mariana Islands,MNP,2023,78.808,Oceania,0.28,1.57,58,58
Northern Mariana Islands,MNP,2024,78.947,Oceania,0.14,1.57,58,58
Mozambique,MOZ,1960,41.197,Africa,,5.83,199,199
Mozambique,MOZ,1961,41.5,Africa,0.3,5.83,199,199
Mozambique,MOZ,1962,41.761,Africa,0.26,5.83,199,199
Mozambique,MOZ,1963,41.958,Africa,0.2,5.83,199,199
Mozambique,MOZ,1964,41.656,Africa,-0.3,5.83,199,199
Mozambique,MOZ,1965,41.792,Africa,0.14,5.83,199,199
Mozambique,MOZ,1966,41.835,Africa,0.04,5.83,199,199
Mozambique,MOZ,1967,41.953,Africa,0.12,5.83,199,199
Mozambique,MOZ,1968,42.1,Africa,0.15,5.83,199,199
Mozambique,MOZ,1969,42.267,Africa,0.17,5.83,199,199
Mozambique,MOZ,1970,42.459,Africa,0.19,5.83,199,199
Mozambique,MOZ,1971,42.581,Africa,0.12,5.83,199,199
Mozambique,MOZ,1972,42.523,Africa,-0.06,5.83,199,199
Mozambique,MOZ,1973,42.724,Africa,0.2,5.83,199,199
Mozambique,MOZ,1974,43.211,Africa,0.49,5.83,199,199
Mozambique,MOZ,1975,43.821,Africa,0.61,5.83,199,199
Mozambique,MOZ,1976,43.923,Africa,0.1,5.83,199,199
Mozambique,MOZ,1977,43.924,Africa,0.0,5.83,199,199
Mozambique,MOZ,1978,43.963,Africa,0.04,5.83,199,199
Mozambique,MOZ,1979,43.914,Africa,-0.05,5.83,199,199
Mozambique,MOZ,1980,43.987,Africa,0.07,5.83,199,199
Mozambique,MOZ,1981,41.643,Africa,-2.34,5.83,199,199
Mozambique,MOZ,1982,41.677,Africa,0.03,5.83,199,199
Mozambique,MOZ,1983,41.596,Africa,-0.08,5.83,199,199
Mozambique,MOZ,1984,38.897,Africa,-2.7,5.83,199,199
Mozambique,MOZ,1985,38.984,Africa,0.09,5.83,199,199
Mozambique,MOZ,1986,40.951,Africa,1.97,5.83,199,199
Mozambique,MOZ,1987,41.002,Africa,0.05,5.83,199,199
Mozambique,MOZ,1988,43.691,Africa,2.69,5.83,199,199
Mozambique,MOZ,1989,43.889,Africa,0.2,5.83,199,199
Mozambique,MOZ,1990,44.337,Africa,0.45,5.83,199,199
Mozambique,MOZ,1991,44.705,Africa,0.37,5.83,199,199
Mozambique,MOZ,1992,45.095,Africa,0.39,5.83,199,199
Mozambique,MOZ,1993,45.675,Africa,0.58,5.83,199,199
Mozambique,MOZ,1994,46.086,Africa,0.41,5.83,199,199
Mozambique,MOZ,1995,46.546,Africa,0.46,5.83,199,199
Mozambique,MOZ,1996,47.121,Africa,0.58,5.83,199,199
Mozambique,MOZ,1997,47.8,Africa,0.68,5.83,199,199
Mozambique,MOZ,1998,48.212,Africa,0.41,5.83,199,199
Mozambique,MOZ,1999,48.837,Africa,0.62,5.83,199,199
Mozambique,MOZ,2000,49.476,Africa,0.64,5.83,199,199
Mozambique,MOZ,2001,50.259,Africa,0.78,5.83,199,199
Mozambique,MOZ,2002,50.879,Africa,0.62,5.83,199,199
Mozambique,MOZ,2003,51.383,Africa,0.5,5.83,199,199
Mozambique,MOZ,2004,51.855,Africa,0.47,5.83,199,199
Mozambique,MOZ,2005,52.322,Africa,0.47,5.83,199,199
Mozambique,MOZ,2006,52.748,Africa,0.43,5.83,199,199
Mozambique,MOZ,2007,53.255,Africa,0.51,5.83,199,199
Mozambique,MOZ,2008,53.799,Africa,0.54,5.83,199,199
Mozambique,MOZ,2009,54.4,Africa,0.6,5.83,199,199
Mozambique,MOZ,2010,55.04,Africa,0.64,5.83,199,199
Mozambique,MOZ,2011,55.733,Africa,0.69,5.83,199,199
Mozambique,MOZ,2012,56.46,Africa,0.73,5.83,199,199
Mozambique,MOZ,2013,57.189,Africa,0.73,5.83,199,199
Mozambique,MOZ,2014,57.965,Africa,0.78,5.83,199,199
Mozambique,MOZ,2015,58.711,Africa,0.75,5.83,199,199
Mozambique,MOZ,2016,59.455,Africa,0.74,5.83,199,199
Mozambique,MOZ,2017,60.148,Africa,0.69,5.83,199,199
Mozambique,MOZ,2018,60.79,Africa,0.64,5.83,199,199
Mozambique,MOZ,2019,61.306,Africa,0.52,5.83,199,199
Mozambique,MOZ,2020,61.39,Africa,0.08,5.83,199,199
Mozambique,MOZ,2021,60.268,Africa,-1.12,5.83,199,199
Mozambique,MOZ,2022,63.011,Africa,2.74,5.83,199,199
Mozambique,MOZ,2023,63.611,Africa,0.6,5.83,199,199
Mozambique,MOZ,2024,63.797,Africa,0.19,5.83,199,199
Mauritania,MRT,1960,43.611,Africa,,2.51,164,164
Mauritania,MRT,1961,44.307,Africa,0.7,2.51,164,164
Mauritania,MRT,1962,45.047,Africa,0.74,2.51,164,164
Mauritania,MRT,1963,45.794,Africa,0.75,2.51,164,164
Mauritania,MRT,1964,46.581,Africa,0.79,2.51,164,164
Mauritania,MRT,1965,47.36,Africa,0.78,2.51,164,164
Mauritania,MRT,1966,48.135,Africa,0.77,2.51,164,164
Mauritania,MRT,1967,48.893,Africa,0.76,2.51,164,164
Mauritania,MRT,1968,49.507,Africa,0.61,2.51,164,164
Mauritania,MRT,1969,50.085,Africa,0.58,2.51,164,164
Mauritania,MRT,1970,50.544,Africa,0.46,2.51,164,164
Mauritania,MRT,1971,50.757,Africa,0.21,2.51,164,164
Mauritania,MRT,1972,51.037,Africa,0.28,2.51,164,164
Mauritania,MRT,1973,51.216,Africa,0.18,2.51,164,164
Mauritania,MRT,1974,51.432,Africa,0.22,2.51,164,164
Mauritania,MRT,1975,51.571,Africa,0.14,2.51,164,164
Mauritania,MRT,1976,51.77,Africa,0.2,2.51,164,164
Mauritania,MRT,1977,51.998,Africa,0.23,2.51,164,164
Mauritania,MRT,1978,52.349,Africa,0.35,2.51,164,164
Mauritania,MRT,1979,52.763,Africa,0.41,2.51,164,164
Mauritania,MRT,1980,53.204,Africa,0.44,2.51,164,164
Mauritania,MRT,1981,53.684,Africa,0.48,2.51,164,164
Mauritania,MRT,1982,54.229,Africa,0.55,2.51,164,164
Mauritania,MRT,1983,54.58,Africa,0.35,2.51,164,164
Mauritania,MRT,1984,55.195,Africa,0.62,2.51,164,164
Mauritania,MRT,1985,55.808,Africa,0.61,2.51,164,164
Mauritania,MRT,1986,56.323,Africa,0.52,2.51,164,164
Mauritania,MRT,1987,56.964,Africa,0.64,2.51,164,164
Mauritania,MRT,1988,57.483,Africa,0.52,2.51,164,164
Mauritania,MRT,1989,57.699,Africa,0.22,2.51,164,164
Mauritania,MRT,1990,58.087,Africa,0.39,2.51,164,164
Mauritania,MRT,1991,58.291,Africa,0.2,2.51,164,164
Mauritania,MRT,1992,58.568,Africa,0.28,2.51,164,164
Mauritania,MRT,1993,58.733,Africa,0.16,2.51,164,164
Mauritania,MRT,1994,58.763,Africa,0.03,2.51,164,164
Mauritania,MRT,1995,58.861,Africa,0.1,2.51,164,164
Mauritania,MRT,1996,58.915,Africa,0.05,2.51,164,164
Mauritania,MRT,1997,59.417,Africa,0.5,2.51,164,164
Mauritania,MRT,1998,59.89,Africa,0.47,2.51,164,164
Mauritania,MRT,1999,60.443,Africa,0.55,2.51,164,164
Mauritania,MRT,2000,61.044,Africa,0.6,2.51,164,164
Mauritania,MRT,2001,61.662,Africa,0.62,2.51,164,164
Mauritania,MRT,2002,62.249,Africa,0.59,2.51,164,164
Mauritania,MRT,2003,62.805,Africa,0.56,2.51,164,164
Mauritania,MRT,2004,63.369,Africa,0.56,2.51,164,164
Mauritania,MRT,2005,63.92,Africa,0.55,2.51,164,164
Mauritania,MRT,2006,64.493,Africa,0.57,2.51,164,164
Mauritania,MRT,2007,64.885,Africa,0.39,2.51,164,164
Mauritania,MRT,2008,65.233,Africa,0.35,2.51,164,164
Mauritania,MRT,2009,65.485,Africa,0.25,2.51,164,164
Mauritania,MRT,2010,65.661,Africa,0.18,2.51,164,164
Mauritania,MRT,2011,65.754,Africa,0.09,2.51,164,164
Mauritania,MRT,2012,65.808,Africa,0.05,2.51,164,164
Mauritania,MRT,2013,65.89,Africa,0.08,2.51,164,164
Mauritania,MRT,2014,66.207,Africa,0.32,2.51,164,164
Mauritania,MRT,2015,66.498,Africa,0.29,2.51,164,164
Mauritania,MRT,2016,66.823,Africa,0.32,2.51,164,164
Mauritania,MRT,2017,67.088,Africa,0.27,2.51,164,164
Mauritania,MRT,2018,67.419,Africa,0.33,2.51,164,164
Mauritania,MRT,2019,67.64,Africa,0.22,2.51,164,164
Mauritania,MRT,2020,66.794,Africa,-0.85,2.51,164,164
Mauritania,MRT,2021,66.762,Africa,-0.03,2.51,164,164
Mauritania,MRT,2022,68.281,Africa,1.52,2.51,164,164
Mauritania,MRT,2023,68.484,Africa,0.2,2.51,164,164
Mauritania,MRT,2024,68.713,Africa,0.23,2.51,164,164
Mauritius,MUS,1960,58.46141463414634,Africa,,-0.41,117,117
Mauritius,MUS,1961,59.56668292682928,Africa,1.11,-0.41,117,117
Mauritius,MUS,1962,60.44339024390245,Africa,0.88,-0.41,117,117
Mauritius,MUS,1963,61.12851219512196,Africa,0.69,-0.41,117,117
Mauritius,MUS,1964,61.50404878048781,Africa,0.38,-0.41,117,117
Mauritius,MUS,1965,62.074756097560986,Africa,0.57,-0.41,117,117
Mauritius,MUS,1966,62.12748780487806,Africa,0.05,-0.41,117,117
Mauritius,MUS,1967,61.74517073170732,Africa,-0.38,-0.41,117,117
Mauritius,MUS,1968,62.09934146341464,Africa,0.35,-0.41,117,117
Mauritius,MUS,1969,62.70387804878049,Africa,0.6,-0.41,117,117
Mauritius,MUS,1970,63.73219512195123,Africa,1.03,-0.41,117,117
Mauritius,MUS,1971,63.90043902439025,Africa,0.17,-0.41,117,117
Mauritius,MUS,1972,63.87339024390244,Africa,-0.03,-0.41,117,117
Mauritius,MUS,1973,64.29419512195122,Africa,0.42,-0.41,117,117
Mauritius,MUS,1974,64.41070731707318,Africa,0.12,-0.41,117,117
Mauritius,MUS,1975,64.61368292682928,Africa,0.2,-0.41,117,117
Mauritius,MUS,1976,64.38102439024392,Africa,-0.23,-0.41,117,117
Mauritius,MUS,1977,65.13073170731708,Africa,0.75,-0.41,117,117
Mauritius,MUS,1978,65.59207317073171,Africa,0.46,-0.41,117,117
Mauritius,MUS,1979,66.32253658536587,Africa,0.73,-0.41,117,117
Mauritius,MUS,1980,66.77090243902441,Africa,0.45,-0.41,117,117
Mauritius,MUS,1981,67.40614634146341,Africa,0.64,-0.41,117,117
Mauritius,MUS,1982,68.08197560975609,Africa,0.68,-0.41,117,117
Mauritius,MUS,1983,68.5459024390244,Africa,0.46,-0.41,117,117
Mauritius,MUS,1984,68.77602439024392,Africa,0.23,-0.41,117,117
Mauritius,MUS,1985,68.85551219512196,Africa,0.08,-0.41,117,117
Mauritius,MUS,1986,68.99780487804878,Africa,0.14,-0.41,117,117
Mauritius,MUS,1987,69.28770731707318,Africa,0.29,-0.41,117,117
Mauritius,MUS,1988,69.56060975609758,Africa,0.27,-0.41,117,117
Mauritius,MUS,1989,69.67912195121951,Africa,0.12,-0.41,117,117
Mauritius,MUS,1990,69.40487804878049,Africa,-0.27,-0.41,117,117
Mauritius,MUS,1991,69.95609756097562,Africa,0.55,-0.41,117,117
Mauritius,MUS,1992,70.05853658536586,Africa,0.1,-0.41,117,117
Mauritius,MUS,1993,70.10731707317075,Africa,0.05,-0.41,117,117
Mauritius,MUS,1994,70.15853658536585,Africa,0.05,-0.41,117,117
Mauritius,MUS,1995,70.3258536585366,Africa,0.17,-0.41,117,117
Mauritius,MUS,1996,70.3229268292683,Africa,-0.0,-0.41,117,117
Mauritius,MUS,1997,70.40487804878049,Africa,0.08,-0.41,117,117
Mauritius,MUS,1998,70.60731707317073,Africa,0.2,-0.41,117,117
Mauritius,MUS,1999,70.96097560975612,Africa,0.35,-0.41,117,117
Mauritius,MUS,2000,71.66341463414635,Africa,0.7,-0.41,117,117
Mauritius,MUS,2001,71.7658536585366,Africa,0.1,-0.41,117,117
Mauritius,MUS,2002,71.96585365853659,Africa,0.2,-0.41,117,117
Mauritius,MUS,2003,72.1170731707317,Africa,0.15,-0.41,117,117
Mauritius,MUS,2004,72.2658536585366,Africa,0.15,-0.41,117,117
Mauritius,MUS,2005,72.43219512195122,Africa,0.17,-0.41,117,117
Mauritius,MUS,2006,72.43219512195122,Africa,0.0,-0.41,117,117
Mauritius,MUS,2007,72.57073170731708,Africa,0.14,-0.41,117,117
Mauritius,MUS,2008,72.57073170731708,Africa,0.0,-0.41,117,117
Mauritius,MUS,2009,72.88243902439025,Africa,0.31,-0.41,117,117
Mauritius,MUS,2010,72.96731707317073,Africa,0.08,-0.41,117,117
Mauritius,MUS,2011,73.2668292682927,Africa,0.3,-0.41,117,117
Mauritius,MUS,2012,73.86341463414635,Africa,0.6,-0.41,117,117
Mauritius,MUS,2013,74.01707317073172,Africa,0.15,-0.41,117,117
Mauritius,MUS,2014,74.19439024390245,Africa,0.18,-0.41,117,117
Mauritius,MUS,2015,74.35317073170732,Africa,0.16,-0.41,117,117
Mauritius,MUS,2016,74.3948780487805,Africa,0.04,-0.41,117,117
Mauritius,MUS,2017,74.51463414634146,Africa,0.12,-0.41,117,117
Mauritius,MUS,2018,74.41634146341464,Africa,-0.1,-0.41,117,117
Mauritius,MUS,2019,74.23585365853658,Africa,-0.18,-0.41,117,117
Mauritius,MUS,2020,74.1770731707317,Africa,-0.06,-0.41,117,117
Mauritius,MUS,2021,73.68024390243903,Africa,-0.5,-0.41,117,117
Mauritius,MUS,2022,73.51463414634146,Africa,-0.17,-0.41,117,117
Mauritius,MUS,2023,73.41219512195123,Africa,-0.1,-0.41,117,117
Mauritius,MUS,2024,73.7890243902439,Africa,0.38,-0.41,117,117
Malawi,MWI,1960,34.986,Africa,,5.91,171,171
Malawi,MWI,1961,35.23,Africa,0.24,5.91,171,171
Malawi,MWI,1962,35.449,Africa,0.22,5.91,171,171
Malawi,MWI,1963,35.643,Africa,0.19,5.91,171,171
Malawi,MWI,1964,35.681,Africa,0.04,5.91,171,171
Malawi,MWI,1965,35.74,Africa,0.06,5.91,171,171
Malawi,MWI,1966,35.831,Africa,0.09,5.91,171,171
Malawi,MWI,1967,35.941,Africa,0.11,5.91,171,171
Malawi,MWI,1968,36.085,Africa,0.14,5.91,171,171
Malawi,MWI,1969,36.301,Africa,0.22,5.91,171,171
Malawi,MWI,1970,36.638,Africa,0.34,5.91,171,171
Malawi,MWI,1971,37.095,Africa,0.46,5.91,171,171
Malawi,MWI,1972,37.608,Africa,0.51,5.91,171,171
Malawi,MWI,1973,38.355,Africa,0.75,5.91,171,171
Malawi,MWI,1974,39.197,Africa,0.84,5.91,171,171
Malawi,MWI,1975,40.079,Africa,0.88,5.91,171,171
Malawi,MWI,1976,41.022,Africa,0.94,5.91,171,171
Malawi,MWI,1977,41.979,Africa,0.96,5.91,171,171
Malawi,MWI,1978,43.002,Africa,1.02,5.91,171,171
Malawi,MWI,1979,43.703,Africa,0.7,5.91,171,171
Malawi,MWI,1980,44.331,Africa,0.63,5.91,171,171
Malawi,MWI,1981,44.72,Africa,0.39,5.91,171,171
Malawi,MWI,1982,44.84,Africa,0.12,5.91,171,171
Malawi,MWI,1983,44.974,Africa,0.13,5.91,171,171
Malawi,MWI,1984,44.807,Africa,-0.17,5.91,171,171
Malawi,MWI,1985,44.568,Africa,-0.24,5.91,171,171
Malawi,MWI,1986,44.298,Africa,-0.27,5.91,171,171
Malawi,MWI,1987,43.902,Africa,-0.4,5.91,171,171
Malawi,MWI,1988,43.569,Africa,-0.33,5.91,171,171
Malawi,MWI,1989,43.515,Africa,-0.05,5.91,171,171
Malawi,MWI,1990,43.575,Africa,0.06,5.91,171,171
Malawi,MWI,1991,43.54,Africa,-0.04,5.91,171,171
Malawi,MWI,1992,43.636,Africa,0.1,5.91,171,171
Malawi,MWI,1993,43.648,Africa,0.01,5.91,171,171
Malawi,MWI,1994,43.8,Africa,0.15,5.91,171,171
Malawi,MWI,1995,43.804,Africa,0.0,5.91,171,171
Malawi,MWI,1996,44.005,Africa,0.2,5.91,171,171
Malawi,MWI,1997,44.2,Africa,0.2,5.91,171,171
Malawi,MWI,1998,44.3,Africa,0.1,5.91,171,171
Malawi,MWI,1999,45.06,Africa,0.76,5.91,171,171
Malawi,MWI,2000,46.17,Africa,1.11,5.91,171,171
Malawi,MWI,2001,47.205,Africa,1.03,5.91,171,171
Malawi,MWI,2002,48.176,Africa,0.97,5.91,171,171
Malawi,MWI,2003,49.601,Africa,1.42,5.91,171,171
Malawi,MWI,2004,51.073,Africa,1.47,5.91,171,171
Malawi,MWI,2005,52.469,Africa,1.4,5.91,171,171
Malawi,MWI,2006,53.652,Africa,1.18,5.91,171,171
Malawi,MWI,2007,54.687,Africa,1.03,5.91,171,171
Malawi,MWI,2008,55.715,Africa,1.03,5.91,171,171
Malawi,MWI,2009,56.714,Africa,1.0,5.91,171,171
Malawi,MWI,2010,57.787,Africa,1.07,5.91,171,171
Malawi,MWI,2011,58.859,Africa,1.07,5.91,171,171
Malawi,MWI,2012,59.87,Africa,1.01,5.91,171,171
Malawi,MWI,2013,60.816,Africa,0.95,5.91,171,171
Malawi,MWI,2014,61.651,Africa,0.84,5.91,171,171
Malawi,MWI,2015,62.324,Africa,0.67,5.91,171,171
Malawi,MWI,2016,63.163,Africa,0.84,5.91,171,171
Malawi,MWI,2017,63.914,Africa,0.75,5.91,171,171
Malawi,MWI,2018,64.464,Africa,0.55,5.91,171,171
Malawi,MWI,2019,64.995,Africa,0.53,5.91,171,171
Malawi,MWI,2020,65.216,Africa,0.22,5.91,171,171
Malawi,MWI,2021,64.782,Africa,-0.43,5.91,171,171
Malawi,MWI,2022,66.037,Africa,1.26,5.91,171,171
Malawi,MWI,2023,67.353,Africa,1.32,5.91,171,171
Malawi,MWI,2024,67.561,Africa,0.21,5.91,171,171
Malaysia,MYS,1960,57.168,Asia,,1.48,86,86
Malaysia,MYS,1961,58.015,Asia,0.85,1.48,86,86
Malaysia,MYS,1962,58.855,Asia,0.84,1.48,86,86
Malaysia,MYS,1963,59.667,Asia,0.81,1.48,86,86
Malaysia,MYS,1964,60.448,Asia,0.78,1.48,86,86
Malaysia,MYS,1965,61.144,Asia,0.7,1.48,86,86
Malaysia,MYS,1966,61.679,Asia,0.54,1.48,86,86
Malaysia,MYS,1967,62.044,Asia,0.36,1.48,86,86
Malaysia,MYS,1968,62.443,Asia,0.4,1.48,86,86
Malaysia,MYS,1969,62.868,Asia,0.43,1.48,86,86
Malaysia,MYS,1970,63.298,Asia,0.43,1.48,86,86
Malaysia,MYS,1971,63.77,Asia,0.47,1.48,86,86
Malaysia,MYS,1972,64.232,Asia,0.46,1.48,86,86
Malaysia,MYS,1973,64.725,Asia,0.49,1.48,86,86
Malaysia,MYS,1974,65.204,Asia,0.48,1.48,86,86
Malaysia,MYS,1975,65.697,Asia,0.49,1.48,86,86
Malaysia,MYS,1976,66.233,Asia,0.54,1.48,86,86
Malaysia,MYS,1977,66.72,Asia,0.49,1.48,86,86
Malaysia,MYS,1978,67.17,Asia,0.45,1.48,86,86
Malaysia,MYS,1979,67.607,Asia,0.44,1.48,86,86
Malaysia,MYS,1980,68.061,Asia,0.45,1.48,86,86
Malaysia,MYS,1981,68.461,Asia,0.4,1.48,86,86
Malaysia,MYS,1982,68.876,Asia,0.42,1.48,86,86
Malaysia,MYS,1983,69.205,Asia,0.33,1.48,86,86
Malaysia,MYS,1984,69.551,Asia,0.35,1.48,86,86
Malaysia,MYS,1985,69.863,Asia,0.31,1.48,86,86
Malaysia,MYS,1986,70.133,Asia,0.27,1.48,86,86
Malaysia,MYS,1987,70.351,Asia,0.22,1.48,86,86
Malaysia,MYS,1988,70.551,Asia,0.2,1.48,86,86
Malaysia,MYS,1989,70.759,Asia,0.21,1.48,86,86
Malaysia,MYS,1990,70.952,Asia,0.19,1.48,86,86
Malaysia,MYS,1991,71.219,Asia,0.27,1.48,86,86
Malaysia,MYS,1992,71.483,Asia,0.26,1.48,86,86
Malaysia,MYS,1993,71.721,Asia,0.24,1.48,86,86
Malaysia,MYS,1994,71.865,Asia,0.14,1.48,86,86
Malaysia,MYS,1995,71.979,Asia,0.11,1.48,86,86
Malaysia,MYS,1996,72.119,Asia,0.14,1.48,86,86
Malaysia,MYS,1997,72.296,Asia,0.18,1.48,86,86
Malaysia,MYS,1998,72.385,Asia,0.09,1.48,86,86
Malaysia,MYS,1999,72.428,Asia,0.04,1.48,86,86
Malaysia,MYS,2000,72.732,Asia,0.3,1.48,86,86
Malaysia,MYS,2001,73.08,Asia,0.35,1.48,86,86
Malaysia,MYS,2002,73.469,Asia,0.39,1.48,86,86
Malaysia,MYS,2003,73.727,Asia,0.26,1.48,86,86
Malaysia,MYS,2004,74.027,Asia,0.3,1.48,86,86
Malaysia,MYS,2005,74.37,Asia,0.34,1.48,86,86
Malaysia,MYS,2006,74.697,Asia,0.33,1.48,86,86
Malaysia,MYS,2007,74.961,Asia,0.26,1.48,86,86
Malaysia,MYS,2008,75.151,Asia,0.19,1.48,86,86
Malaysia,MYS,2009,75.269,Asia,0.12,1.48,86,86
Malaysia,MYS,2010,75.376,Asia,0.11,1.48,86,86
Malaysia,MYS,2011,75.488,Asia,0.11,1.48,86,86
Malaysia,MYS,2012,75.552,Asia,0.06,1.48,86,86
Malaysia,MYS,2013,75.464,Asia,-0.09,1.48,86,86
Malaysia,MYS,2014,75.345,Asia,-0.12,1.48,86,86
Malaysia,MYS,2015,75.288,Asia,-0.06,1.48,86,86
Malaysia,MYS,2016,75.371,Asia,0.08,1.48,86,86
Malaysia,MYS,2017,75.542,Asia,0.17,1.48,86,86
Malaysia,MYS,2018,75.734,Asia,0.19,1.48,86,86
Malaysia,MYS,2019,75.9,Asia,0.17,1.48,86,86
Malaysia,MYS,2020,76.057,Asia,0.16,1.48,86,86
Malaysia,MYS,2021,73.917,Asia,-2.14,1.48,86,86
Malaysia,MYS,2022,75.444,Asia,1.53,1.48,86,86
Malaysia,MYS,2023,76.657,Asia,1.21,1.48,86,86
Malaysia,MYS,2024,76.821,Asia,0.16,1.48,86,86
Namibia,NAM,1960,48.529,Africa,,8.21,172,172
Namibia,NAM,1961,49.242,Africa,0.71,8.21,172,172
Namibia,NAM,1962,49.972,Africa,0.73,8.21,172,172
Namibia,NAM,1963,50.641,Africa,0.67,8.21,172,172
Namibia,NAM,1964,51.349,Africa,0.71,8.21,172,172
Namibia,NAM,1965,51.997,Africa,0.65,8.21,172,172
Namibia,NAM,1966,52.301,Africa,0.3,8.21,172,172
Namibia,NAM,1967,52.933,Africa,0.63,8.21,172,172
Namibia,NAM,1968,53.553,Africa,0.62,8.21,172,172
Namibia,NAM,1969,54.126,Africa,0.57,8.21,172,172
Namibia,NAM,1970,54.686,Africa,0.56,8.21,172,172
Namibia,NAM,1971,55.289,Africa,0.6,8.21,172,172
Namibia,NAM,1972,55.845,Africa,0.56,8.21,172,172
Namibia,NAM,1973,56.422,Africa,0.58,8.21,172,172
Namibia,NAM,1974,56.943,Africa,0.52,8.21,172,172
Namibia,NAM,1975,57.55,Africa,0.61,8.21,172,172
Namibia,NAM,1976,58.041,Africa,0.49,8.21,172,172
Namibia,NAM,1977,58.586,Africa,0.55,8.21,172,172
Namibia,NAM,1978,59.111,Africa,0.52,8.21,172,172
Namibia,NAM,1979,59.519,Africa,0.41,8.21,172,172
Namibia,NAM,1980,56.572,Africa,-2.95,8.21,172,172
Namibia,NAM,1981,56.912,Africa,0.34,8.21,172,172
Namibia,NAM,1982,57.335,Africa,0.42,8.21,172,172
Namibia,NAM,1983,57.637,Africa,0.3,8.21,172,172
Namibia,NAM,1984,58.097,Africa,0.46,8.21,172,172
Namibia,NAM,1985,58.472,Africa,0.38,8.21,172,172
Namibia,NAM,1986,58.725,Africa,0.25,8.21,172,172
Namibia,NAM,1987,59.123,Africa,0.4,8.21,172,172
Namibia,NAM,1988,59.033,Africa,-0.09,8.21,172,172
Namibia,NAM,1989,60.773,Africa,1.74,8.21,172,172
Namibia,NAM,1990,61.359,Africa,0.59,8.21,172,172
Namibia,NAM,1991,60.833,Africa,-0.53,8.21,172,172
Namibia,NAM,1992,60.16,Africa,-0.67,8.21,172,172
Namibia,NAM,1993,59.26,Africa,-0.9,8.21,172,172
Namibia,NAM,1994,58.441,Africa,-0.82,8.21,172,172
Namibia,NAM,1995,57.518,Africa,-0.92,8.21,172,172
Namibia,NAM,1996,56.639,Africa,-0.88,8.21,172,172
Namibia,NAM,1997,55.844,Africa,-0.8,8.21,172,172
Namibia,NAM,1998,54.767,Africa,-1.08,8.21,172,172
Namibia,NAM,1999,53.983,Africa,-0.78,8.21,172,172
Namibia,NAM,2000,52.946,Africa,-1.04,8.21,172,172
Namibia,NAM,2001,51.98,Africa,-0.97,8.21,172,172
Namibia,NAM,2002,51.988,Africa,0.01,8.21,172,172
Namibia,NAM,2003,51.918,Africa,-0.07,8.21,172,172
Namibia,NAM,2004,52.175,Africa,0.26,8.21,172,172
Namibia,NAM,2005,52.557,Africa,0.38,8.21,172,172
Namibia,NAM,2006,53.183,Africa,0.63,8.21,172,172
Namibia,NAM,2007,54.026,Africa,0.84,8.21,172,172
Namibia,NAM,2008,54.74,Africa,0.71,8.21,172,172
Namibia,NAM,2009,55.347,Africa,0.61,8.21,172,172
Namibia,NAM,2010,56.093,Africa,0.75,8.21,172,172
Namibia,NAM,2011,56.647,Africa,0.55,8.21,172,172
Namibia,NAM,2012,57.733,Africa,1.09,8.21,172,172
Namibia,NAM,2013,58.468,Africa,0.74,8.21,172,172
Namibia,NAM,2014,59.311,Africa,0.84,8.21,172,172
Namibia,NAM,2015,60.008,Africa,0.7,8.21,172,172
Namibia,NAM,2016,60.81,Africa,0.8,8.21,172,172
Namibia,NAM,2017,61.661,Africa,0.85,8.21,172,172
Namibia,NAM,2018,62.579,Africa,0.92,8.21,172,172
Namibia,NAM,2019,63.546,Africa,0.97,8.21,172,172
Namibia,NAM,2020,64.071,Africa,0.52,8.21,172,172
Namibia,NAM,2021,60.85,Africa,-3.22,8.21,172,172
Namibia,NAM,2022,64.19,Africa,3.34,8.21,172,172
Namibia,NAM,2023,67.385,Africa,3.2,8.21,172,172
Namibia,NAM,2024,67.516,Africa,0.13,8.21,172,172
New Caledonia,NCL,1960,52.341,Oceania,,1.87,60,60
New Caledonia,NCL,1961,53.068,Oceania,0.73,1.87,60,60
New Caledonia,NCL,1962,53.795,Oceania,0.73,1.87,60,60
New Caledonia,NCL,1963,54.531,Oceania,0.74,1.87,60,60
New Caledonia,NCL,1964,55.287,Oceania,0.76,1.87,60,60
New Caledonia,NCL,1965,56.066,Oceania,0.78,1.87,60,60
New Caledonia,NCL,1966,56.871,Oceania,0.8,1.87,60,60
New Caledonia,NCL,1967,57.688,Oceania,0.82,1.87,60,60
New Caledonia,NCL,1968,58.503,Oceania,0.81,1.87,60,60
New Caledonia,NCL,1969,59.3,Oceania,0.8,1.87,60,60
New Caledonia,NCL,1970,60.057,Oceania,0.76,1.87,60,60
New Caledonia,NCL,1971,60.785,Oceania,0.73,1.87,60,60
New Caledonia,NCL,1972,61.413,Oceania,0.63,1.87,60,60
New Caledonia,NCL,1973,62.1,Oceania,0.69,1.87,60,60
New Caledonia,NCL,1974,62.69,Oceania,0.59,1.87,60,60
New Caledonia,NCL,1975,63.239,Oceania,0.55,1.87,60,60
New Caledonia,NCL,1976,63.751,Oceania,0.51,1.87,60,60
New Caledonia,NCL,1977,64.236,Oceania,0.49,1.87,60,60
New Caledonia,NCL,1978,64.702,Oceania,0.47,1.87,60,60
New Caledonia,NCL,1979,65.154,Oceania,0.45,1.87,60,60
New Caledonia,NCL,1980,65.601,Oceania,0.45,1.87,60,60
New Caledonia,NCL,1981,65.987,Oceania,0.39,1.87,60,60
New Caledonia,NCL,1982,66.51,Oceania,0.52,1.87,60,60
New Caledonia,NCL,1983,66.972,Oceania,0.46,1.87,60,60
New Caledonia,NCL,1984,67.419,Oceania,0.45,1.87,60,60
New Caledonia,NCL,1985,67.843,Oceania,0.42,1.87,60,60
New Caledonia,NCL,1986,68.239,Oceania,0.4,1.87,60,60
New Caledonia,NCL,1987,68.597,Oceania,0.36,1.87,60,60
New Caledonia,NCL,1988,68.92,Oceania,0.32,1.87,60,60
New Caledonia,NCL,1989,69.221,Oceania,0.3,1.87,60,60
New Caledonia,NCL,1990,69.526,Oceania,0.3,1.87,60,60
New Caledonia,NCL,1991,69.82,Oceania,0.29,1.87,60,60
New Caledonia,NCL,1992,70.143,Oceania,0.32,1.87,60,60
New Caledonia,NCL,1993,70.504,Oceania,0.36,1.87,60,60
New Caledonia,NCL,1994,70.897,Oceania,0.39,1.87,60,60
New Caledonia,NCL,1995,71.314,Oceania,0.42,1.87,60,60
New Caledonia,NCL,1996,71.75,Oceania,0.44,1.87,60,60
New Caledonia,NCL,1997,72.204,Oceania,0.45,1.87,60,60
New Caledonia,NCL,1998,72.677,Oceania,0.47,1.87,60,60
New Caledonia,NCL,1999,73.141,Oceania,0.46,1.87,60,60
New Caledonia,NCL,2000,73.574,Oceania,0.43,1.87,60,60
New Caledonia,NCL,2001,73.958,Oceania,0.38,1.87,60,60
New Caledonia,NCL,2002,74.278,Oceania,0.32,1.87,60,60
New Caledonia,NCL,2003,74.5,Oceania,0.22,1.87,60,60
New Caledonia,NCL,2004,74.713,Oceania,0.21,1.87,60,60
New Caledonia,NCL,2005,74.867,Oceania,0.15,1.87,60,60
New Caledonia,NCL,2006,75.016,Oceania,0.15,1.87,60,60
New Caledonia,NCL,2007,75.181,Oceania,0.16,1.87,60,60
New Caledonia,NCL,2008,75.398,Oceania,0.22,1.87,60,60
New Caledonia,NCL,2009,75.676,Oceania,0.28,1.87,60,60
New Caledonia,NCL,2010,75.992,Oceania,0.32,1.87,60,60
New Caledonia,NCL,2011,76.315,Oceania,0.32,1.87,60,60
New Caledonia,NCL,2012,76.615,Oceania,0.3,1.87,60,60
New Caledonia,NCL,2013,76.867,Oceania,0.25,1.87,60,60
New Caledonia,NCL,2014,77.053,Oceania,0.19,1.87,60,60
New Caledonia,NCL,2015,77.206,Oceania,0.15,1.87,60,60
New Caledonia,NCL,2016,77.359,Oceania,0.15,1.87,60,60
New Caledonia,NCL,2017,77.504,Oceania,0.15,1.87,60,60
New Caledonia,NCL,2018,77.557,Oceania,0.05,1.87,60,60
New Caledonia,NCL,2019,77.262,Oceania,-0.3,1.87,60,60
New Caledonia,NCL,2020,77.049,Oceania,-0.21,1.87,60,60
New Caledonia,NCL,2021,77.113,Oceania,0.06,1.87,60,60
New Caledonia,NCL,2022,77.698,Oceania,0.58,1.87,60,60
New Caledonia,NCL,2023,78.766,Oceania,1.07,1.87,60,60
New Caledonia,NCL,2024,78.921,Oceania,0.16,1.87,60,60
Niger,NER,1960,36.193,Africa,,2.74,207,207
Niger,NER,1961,36.287,Africa,0.09,2.74,207,207
Niger,NER,1962,36.319,Africa,0.03,2.74,207,207
Niger,NER,1963,36.437,Africa,0.12,2.74,207,207
Niger,NER,1964,36.464,Africa,0.03,2.74,207,207
Niger,NER,1965,36.404,Africa,-0.06,2.74,207,207
Niger,NER,1966,36.331,Africa,-0.07,2.74,207,207
Niger,NER,1967,36.243,Africa,-0.09,2.74,207,207
Niger,NER,1968,36.128,Africa,-0.12,2.74,207,207
Niger,NER,1969,36.003,Africa,-0.12,2.74,207,207
Niger,NER,1970,35.919,Africa,-0.08,2.74,207,207
Niger,NER,1971,35.294,Africa,-0.62,2.74,207,207
Niger,NER,1972,35.813,Africa,0.52,2.74,207,207
Niger,NER,1973,35.938,Africa,0.12,2.74,207,207
Niger,NER,1974,36.195,Africa,0.26,2.74,207,207
Niger,NER,1975,36.568,Africa,0.37,2.74,207,207
Niger,NER,1976,37.101,Africa,0.53,2.74,207,207
Niger,NER,1977,37.689,Africa,0.59,2.74,207,207
Niger,NER,1978,38.267,Africa,0.58,2.74,207,207
Niger,NER,1979,38.889,Africa,0.62,2.74,207,207
Niger,NER,1980,39.344,Africa,0.45,2.74,207,207
Niger,NER,1981,39.637,Africa,0.29,2.74,207,207
Niger,NER,1982,39.844,Africa,0.21,2.74,207,207
Niger,NER,1983,39.979,Africa,0.13,2.74,207,207
Niger,NER,1984,39.989,Africa,0.01,2.74,207,207
Niger,NER,1985,40.12,Africa,0.13,2.74,207,207
Niger,NER,1986,40.251,Africa,0.13,2.74,207,207
Niger,NER,1987,40.468,Africa,0.22,2.74,207,207
Niger,NER,1988,40.791,Africa,0.32,2.74,207,207
Niger,NER,1989,41.188,Africa,0.4,2.74,207,207
Niger,NER,1990,41.732,Africa,0.54,2.74,207,207
Niger,NER,1991,42.289,Africa,0.56,2.74,207,207
Niger,NER,1992,43.064,Africa,0.77,2.74,207,207
Niger,NER,1993,43.838,Africa,0.77,2.74,207,207
Niger,NER,1994,44.586,Africa,0.75,2.74,207,207
Niger,NER,1995,45.504,Africa,0.92,2.74,207,207
Niger,NER,1996,46.313,Africa,0.81,2.74,207,207
Niger,NER,1997,47.097,Africa,0.78,2.74,207,207
Niger,NER,1998,47.807,Africa,0.71,2.74,207,207
Niger,NER,1999,48.48,Africa,0.67,2.74,207,207
Niger,NER,2000,49.172,Africa,0.69,2.74,207,207
Niger,NER,2001,49.872,Africa,0.7,2.74,207,207
Niger,NER,2002,50.645,Africa,0.77,2.74,207,207
Niger,NER,2003,51.545,Africa,0.9,2.74,207,207
Niger,NER,2004,52.402,Africa,0.86,2.74,207,207
Niger,NER,2005,53.32,Africa,0.92,2.74,207,207
Niger,NER,2006,54.223,Africa,0.9,2.74,207,207
Niger,NER,2007,55.063,Africa,0.84,2.74,207,207
Niger,NER,2008,55.852,Africa,0.79,2.74,207,207
Niger,NER,2009,56.487,Africa,0.64,2.74,207,207
Niger,NER,2010,57.08,Africa,0.59,2.74,207,207
Niger,NER,2011,57.6,Africa,0.52,2.74,207,207
Niger,NER,2012,57.987,Africa,0.39,2.74,207,207
Niger,NER,2013,58.364,Africa,0.38,2.74,207,207
Niger,NER,2014,58.693,Africa,0.33,2.74,207,207
Niger,NER,2015,58.85,Africa,0.16,2.74,207,207
Niger,NER,2016,59.228,Africa,0.38,2.74,207,207
Niger,NER,2017,59.524,Africa,0.3,2.74,207,207
Niger,NER,2018,59.765,Africa,0.24,2.74,207,207
Niger,NER,2019,60.031,Africa,0.27,2.74,207,207
Niger,NER,2020,59.89,Africa,-0.14,2.74,207,207
Niger,NER,2021,59.542,Africa,-0.35,2.74,207,207
Niger,NER,2022,60.398,Africa,0.86,2.74,207,207
Niger,NER,2023,61.183,Africa,0.78,2.74,207,207
Niger,NER,2024,61.433,Africa,0.25,2.74,207,207
Nigeria,NGA,1960,37.207,Africa,,2.7,217,217
Nigeria,NGA,1961,37.427,Africa,0.22,2.7,217,217
Nigeria,NGA,1962,37.606,Africa,0.18,2.7,217,217
Nigeria,NGA,1963,37.806,Africa,0.2,2.7,217,217
Nigeria,NGA,1964,37.98,Africa,0.17,2.7,217,217
Nigeria,NGA,1965,38.221,Africa,0.24,2.7,217,217
Nigeria,NGA,1966,38.355,Africa,0.13,2.7,217,217
Nigeria,NGA,1967,37.497,Africa,-0.86,2.7,217,217
Nigeria,NGA,1968,38.642,Africa,1.15,2.7,217,217
Nigeria,NGA,1969,38.946,Africa,0.3,2.7,217,217
Nigeria,NGA,1970,40.008,Africa,1.06,2.7,217,217
Nigeria,NGA,1971,40.606,Africa,0.6,2.7,217,217
Nigeria,NGA,1972,41.273,Africa,0.67,2.7,217,217
Nigeria,NGA,1973,41.831,Africa,0.56,2.7,217,217
Nigeria,NGA,1974,42.489,Africa,0.66,2.7,217,217
Nigeria,NGA,1975,43.054,Africa,0.57,2.7,217,217
Nigeria,NGA,1976,44.186,Africa,1.13,2.7,217,217
Nigeria,NGA,1977,44.847,Africa,0.66,2.7,217,217
Nigeria,NGA,1978,45.348,Africa,0.5,2.7,217,217
Nigeria,NGA,1979,45.738,Africa,0.39,2.7,217,217
Nigeria,NGA,1980,45.959,Africa,0.22,2.7,217,217
Nigeria,NGA,1981,46.309,Africa,0.35,2.7,217,217
Nigeria,NGA,1982,46.437,Africa,0.13,2.7,217,217
Nigeria,NGA,1983,46.442,Africa,0.01,2.7,217,217
Nigeria,NGA,1984,46.339,Africa,-0.1,2.7,217,217
Nigeria,NGA,1985,46.193,Africa,-0.15,2.7,217,217
Nigeria,NGA,1986,45.953,Africa,-0.24,2.7,217,217
Nigeria,NGA,1987,45.89,Africa,-0.06,2.7,217,217
Nigeria,NGA,1988,45.834,Africa,-0.06,2.7,217,217
Nigeria,NGA,1989,45.83,Africa,-0.0,2.7,217,217
Nigeria,NGA,1990,45.733,Africa,-0.1,2.7,217,217
Nigeria,NGA,1991,45.483,Africa,-0.25,2.7,217,217
Nigeria,NGA,1992,45.587,Africa,0.1,2.7,217,217
Nigeria,NGA,1993,45.783,Africa,0.2,2.7,217,217
Nigeria,NGA,1994,45.748,Africa,-0.04,2.7,217,217
Nigeria,NGA,1995,45.87,Africa,0.12,2.7,217,217
Nigeria,NGA,1996,45.833,Africa,-0.04,2.7,217,217
Nigeria,NGA,1997,45.96,Africa,0.13,2.7,217,217
Nigeria,NGA,1998,46.148,Africa,0.19,2.7,217,217
Nigeria,NGA,1999,46.609,Africa,0.46,2.7,217,217
Nigeria,NGA,2000,47.143,Africa,0.53,2.7,217,217
Nigeria,NGA,2001,47.549,Africa,0.41,2.7,217,217
Nigeria,NGA,2002,48.02,Africa,0.47,2.7,217,217
Nigeria,NGA,2003,48.618,Africa,0.6,2.7,217,217
Nigeria,NGA,2004,49.148,Africa,0.53,2.7,217,217
Nigeria,NGA,2005,49.538,Africa,0.39,2.7,217,217
Nigeria,NGA,2006,49.876,Africa,0.34,2.7,217,217
Nigeria,NGA,2007,50.381,Africa,0.51,2.7,217,217
Nigeria,NGA,2008,50.748,Africa,0.37,2.7,217,217
Nigeria,NGA,2009,51.08,Africa,0.33,2.7,217,217
Nigeria,NGA,2010,51.315,Africa,0.23,2.7,217,217
Nigeria,NGA,2011,51.49,Africa,0.18,2.7,217,217
Nigeria,NGA,2012,51.688,Africa,0.2,2.7,217,217
Nigeria,NGA,2013,51.827,Africa,0.14,2.7,217,217
Nigeria,NGA,2014,51.94,Africa,0.11,2.7,217,217
Nigeria,NGA,2015,51.939,Africa,-0.0,2.7,217,217
Nigeria,NGA,2016,52.189,Africa,0.25,2.7,217,217
Nigeria,NGA,2017,52.397,Africa,0.21,2.7,217,217
Nigeria,NGA,2018,52.669,Africa,0.27,2.7,217,217
Nigeria,NGA,2019,53.009,Africa,0.34,2.7,217,217
Nigeria,NGA,2020,53.072,Africa,0.06,2.7,217,217
Nigeria,NGA,2021,53.455,Africa,0.38,2.7,217,217
Nigeria,NGA,2022,54.079,Africa,0.62,2.7,217,217
Nigeria,NGA,2023,54.462,Africa,0.38,2.7,217,217
Nigeria,NGA,2024,54.635,Africa,0.17,2.7,217,217
Nicaragua,NIC,1960,46.399,America,,2.31,106,106
Nicaragua,NIC,1961,47.289,America,0.89,2.31,106,106
Nicaragua,NIC,1962,47.981,America,0.69,2.31,106,106
Nicaragua,NIC,1963,48.752,America,0.77,2.31,106,106
Nicaragua,NIC,1964,49.586,America,0.83,2.31,106,106
Nicaragua,NIC,1965,50.647,America,1.06,2.31,106,106
Nicaragua,NIC,1966,51.579,America,0.93,2.31,106,106
Nicaragua,NIC,1967,52.348,America,0.77,2.31,106,106
Nicaragua,NIC,1968,52.865,America,0.52,2.31,106,106
Nicaragua,NIC,1969,53.35,America,0.48,2.31,106,106
Nicaragua,NIC,1970,53.815,America,0.46,2.31,106,106
Nicaragua,NIC,1971,54.219,America,0.4,2.31,106,106
Nicaragua,NIC,1972,47.957,America,-6.26,2.31,106,106
Nicaragua,NIC,1973,55.023,America,7.07,2.31,106,106
Nicaragua,NIC,1974,55.401,America,0.38,2.31,106,106
Nicaragua,NIC,1975,55.774,America,0.37,2.31,106,106
Nicaragua,NIC,1976,56.118,America,0.34,2.31,106,106
Nicaragua,NIC,1977,56.126,America,0.01,2.31,106,106
Nicaragua,NIC,1978,53.533,America,-2.59,2.31,106,106
Nicaragua,NIC,1979,50.828,America,-2.7,2.31,106,106
Nicaragua,NIC,1980,57.953,America,7.12,2.31,106,106
Nicaragua,NIC,1981,58.278,America,0.32,2.31,106,106
Nicaragua,NIC,1982,58.685,America,0.41,2.31,106,106
Nicaragua,NIC,1983,56.851,America,-1.83,2.31,106,106
Nicaragua,NIC,1984,56.126,America,-0.73,2.31,106,106
Nicaragua,NIC,1985,56.4,America,0.27,2.31,106,106
Nicaragua,NIC,1986,57.558,America,1.16,2.31,106,106
Nicaragua,NIC,1987,57.329,America,-0.23,2.31,106,106
Nicaragua,NIC,1988,59.833,America,2.5,2.31,106,106
Nicaragua,NIC,1989,61.884,America,2.05,2.31,106,106
Nicaragua,NIC,1990,62.473,America,0.59,2.31,106,106
Nicaragua,NIC,1991,63.31,America,0.84,2.31,106,106
Nicaragua,NIC,1992,63.672,America,0.36,2.31,106,106
Nicaragua,NIC,1993,64.093,America,0.42,2.31,106,106
Nicaragua,NIC,1994,64.549,America,0.46,2.31,106,106
Nicaragua,NIC,1995,64.869,America,0.32,2.31,106,106
Nicaragua,NIC,1996,65.215,America,0.35,2.31,106,106
Nicaragua,NIC,1997,65.523,America,0.31,2.31,106,106
Nicaragua,NIC,1998,64.111,America,-1.41,2.31,106,106
Nicaragua,NIC,1999,65.892,America,1.78,2.31,106,106
Nicaragua,NIC,2000,66.36,America,0.47,2.31,106,106
Nicaragua,NIC,2001,67.028,America,0.67,2.31,106,106
Nicaragua,NIC,2002,67.95,America,0.92,2.31,106,106
Nicaragua,NIC,2003,68.749,America,0.8,2.31,106,106
Nicaragua,NIC,2004,69.51,America,0.76,2.31,106,106
Nicaragua,NIC,2005,70.374,America,0.86,2.31,106,106
Nicaragua,NIC,2006,70.958,America,0.58,2.31,106,106
Nicaragua,NIC,2007,71.197,America,0.24,2.31,106,106
Nicaragua,NIC,2008,71.404,America,0.21,2.31,106,106
Nicaragua,NIC,2009,71.499,America,0.09,2.31,106,106
Nicaragua,NIC,2010,71.761,America,0.26,2.31,106,106
Nicaragua,NIC,2011,72.033,America,0.27,2.31,106,106
Nicaragua,NIC,2012,72.435,America,0.4,2.31,106,106
Nicaragua,NIC,2013,72.551,America,0.12,2.31,106,106
Nicaragua,NIC,2014,72.792,America,0.24,2.31,106,106
Nicaragua,NIC,2015,72.899,America,0.11,2.31,106,106
Nicaragua,NIC,2016,73.18,America,0.28,2.31,106,106
Nicaragua,NIC,2017,73.389,America,0.21,2.31,106,106
Nicaragua,NIC,2018,73.879,America,0.49,2.31,106,106
Nicaragua,NIC,2019,73.764,America,-0.12,2.31,106,106
Nicaragua,NIC,2020,70.766,America,-3.0,2.31,106,106
Nicaragua,NIC,2021,70.478,America,-0.29,2.31,106,106
Nicaragua,NIC,2022,74.463,America,3.98,2.31,106,106
Nicaragua,NIC,2023,74.947,America,0.48,2.31,106,106
Nicaragua,NIC,2024,75.1,America,0.15,2.31,106,106
Netherlands,NLD,1960,73.39268292682927,Europe,,0.26,37,37
Netherlands,NLD,1961,73.65268292682927,Europe,0.26,0.26,37,37
Netherlands,NLD,1962,73.32390243902441,Europe,-0.33,0.26,37,37
Netherlands,NLD,1963,73.33707317073171,Europe,0.01,0.26,37,37
Netherlands,NLD,1964,73.70414634146343,Europe,0.37,0.26,37,37
Netherlands,NLD,1965,73.56878048780489,Europe,-0.14,0.26,37,37
Netherlands,NLD,1966,73.51292682926831,Europe,-0.06,0.26,37,37
Netherlands,NLD,1967,73.80414634146342,Europe,0.29,0.26,37,37
Netherlands,NLD,1968,73.61268292682928,Europe,-0.19,0.26,37,37
Netherlands,NLD,1969,73.53951219512197,Europe,-0.07,0.26,37,37
Netherlands,NLD,1970,73.58560975609757,Europe,0.05,0.26,37,37
Netherlands,NLD,1971,73.80951219512197,Europe,0.22,0.26,37,37
Netherlands,NLD,1972,73.72707317073173,Europe,-0.08,0.26,37,37
Netherlands,NLD,1973,74.1439024390244,Europe,0.42,0.26,37,37
Netherlands,NLD,1974,74.53682926829269,Europe,0.39,0.26,37,37
Netherlands,NLD,1975,74.4987804878049,Europe,-0.04,0.26,37,37
Netherlands,NLD,1976,74.64707317073172,Europe,0.15,0.26,37,37
Netherlands,NLD,1977,75.22146341463416,Europe,0.57,0.26,37,37
Netherlands,NLD,1978,75.14512195121952,Europe,-0.08,0.26,37,37
Netherlands,NLD,1979,75.60609756097561,Europe,0.46,0.26,37,37
Netherlands,NLD,1980,75.74317073170732,Europe,0.14,0.26,37,37
Netherlands,NLD,1981,75.93439024390246,Europe,0.19,0.26,37,37
Netherlands,NLD,1982,75.98853658536586,Europe,0.05,0.26,37,37
Netherlands,NLD,1983,76.16414634146342,Europe,0.18,0.26,37,37
Netherlands,NLD,1984,76.23317073170732,Europe,0.07,0.26,37,37
Netherlands,NLD,1985,76.28463414634147,Europe,0.05,0.26,37,37
Netherlands,NLD,1986,76.27048780487806,Europe,-0.01,0.26,37,37
Netherlands,NLD,1987,76.70512195121951,Europe,0.43,0.26,37,37
Netherlands,NLD,1988,76.89024390243902,Europe,0.19,0.26,37,37
Netherlands,NLD,1989,76.73414634146343,Europe,-0.16,0.26,37,37
Netherlands,NLD,1990,76.8780487804878,Europe,0.14,0.26,37,37
Netherlands,NLD,1991,77.00000000000001,Europe,0.12,0.26,37,37
Netherlands,NLD,1992,77.21707317073172,Europe,0.22,0.26,37,37
Netherlands,NLD,1993,76.91658536585366,Europe,-0.3,0.26,37,37
Netherlands,NLD,1994,77.37512195121951,Europe,0.46,0.26,37,37
Netherlands,NLD,1995,77.40463414634148,Europe,0.03,0.26,37,37
Netherlands,NLD,1996,77.43560975609756,Europe,0.03,0.26,37,37
Netherlands,NLD,1997,77.79439024390244,Europe,0.36,0.26,37,37
Netherlands,NLD,1998,77.88292682926831,Europe,0.09,0.26,37,37
Netherlands,NLD,1999,77.83658536585367,Europe,-0.05,0.26,37,37
Netherlands,NLD,2000,77.98780487804879,Europe,0.15,0.26,37,37
Netherlands,NLD,2001,78.19024390243904,Europe,0.2,0.26,37,37
Netherlands,NLD,2002,78.29268292682927,Europe,0.1,0.26,37,37
Netherlands,NLD,2003,78.49268292682929,Europe,0.2,0.26,37,37
Netherlands,NLD,2004,79.09512195121953,Europe,0.6,0.26,37,37
Netherlands,NLD,2005,79.34634146341465,Europe,0.25,0.26,37,37
Netherlands,NLD,2006,79.69756097560976,Europe,0.35,0.26,37,37
Netherlands,NLD,2007,80.09756097560975,Europe,0.4,0.26,37,37
Netherlands,NLD,2008,80.25121951219512,Europe,0.15,0.26,37,37
Netherlands,NLD,2009,80.54878048780489,Europe,0.3,0.26,37,37
Netherlands,NLD,2010,80.70243902439024,Europe,0.15,0.26,37,37
Netherlands,NLD,2011,81.2048780487805,Europe,0.5,0.26,37,37
Netherlands,NLD,2012,81.10487804878049,Europe,-0.1,0.26,37,37
Netherlands,NLD,2013,81.3048780487805,Europe,0.2,0.26,37,37
Netherlands,NLD,2014,81.70731707317074,Europe,0.4,0.26,37,37
Netherlands,NLD,2015,81.509756097561,Europe,-0.2,0.26,37,37
Netherlands,NLD,2016,81.5609756097561,Europe,0.05,0.26,37,37
Netherlands,NLD,2017,81.76097560975612,Europe,0.2,0.26,37,37
Netherlands,NLD,2018,81.81219512195123,Europe,0.05,0.26,37,37
Netherlands,NLD,2019,82.11219512195122,Europe,0.3,0.26,37,37
Netherlands,NLD,2020,81.35853658536585,Europe,-0.75,0.26,37,37
Netherlands,NLD,2021,81.30975609756098,Europe,-0.05,0.26,37,37
Netherlands,NLD,2022,81.61463414634147,Europe,0.3,0.26,37,37
Netherlands,NLD,2023,81.86341463414635,Europe,0.25,0.26,37,37
Netherlands,NLD,2024,81.96585365853659,Europe,0.1,0.26,37,37
Norway,NOR,1960,73.54975609756099,Europe,,1.06,19,19
Norway,NOR,1961,73.55048780487806,Europe,0.0,1.06,19,19
Norway,NOR,1962,73.44804878048781,Europe,-0.1,1.06,19,19
Norway,NOR,1963,73.07756097560976,Europe,-0.37,1.06,19,19
Norway,NOR,1964,73.5958536585366,Europe,0.52,1.06,19,19
Norway,NOR,1965,73.72317073170731,Europe,0.13,1.06,19,19
Norway,NOR,1966,73.99536585365854,Europe,0.27,1.06,19,19
Norway,NOR,1967,74.06658536585367,Europe,0.07,1.06,19,19
Norway,NOR,1968,73.9419512195122,Europe,-0.12,1.06,19,19
Norway,NOR,1969,73.66341463414635,Europe,-0.28,1.06,19,19
Norway,NOR,1970,74.08804878048781,Europe,0.42,1.06,19,19
Norway,NOR,1971,74.17926829268293,Europe,0.09,1.06,19,19
Norway,NOR,1972,74.34463414634146,Europe,0.17,1.06,19,19
Norway,NOR,1973,74.44219512195122,Europe,0.1,1.06,19,19
Norway,NOR,1974,74.75365853658538,Europe,0.31,1.06,19,19
Norway,NOR,1975,74.81756097560975,Europe,0.06,1.06,19,19
Norway,NOR,1976,75.03951219512196,Europe,0.22,1.06,19,19
Norway,NOR,1977,75.38682926829269,Europe,0.35,1.06,19,19
Norway,NOR,1978,75.41853658536586,Europe,0.03,1.06,19,19
Norway,NOR,1979,75.4139024390244,Europe,-0.0,1.06,19,19
Norway,NOR,1980,75.67170731707319,Europe,0.26,1.06,19,19
Norway,NOR,1981,75.86902439024391,Europe,0.2,1.06,19,19
Norway,NOR,1982,76.01097560975612,Europe,0.14,1.06,19,19
Norway,NOR,1983,76.0668292682927,Europe,0.06,1.06,19,19
Norway,NOR,1984,76.22439024390245,Europe,0.16,1.06,19,19
Norway,NOR,1985,75.91682926829269,Europe,-0.31,1.06,19,19
Norway,NOR,1986,76.24121951219514,Europe,0.32,1.06,19,19
Norway,NOR,1987,76.08170731707318,Europe,-0.16,1.06,19,19
Norway,NOR,1988,76.22048780487806,Europe,0.14,1.06,19,19
Norway,NOR,1989,76.50048780487805,Europe,0.28,1.06,19,19
Norway,NOR,1990,76.53731707317074,Europe,0.04,1.06,19,19
Norway,NOR,1991,76.98073170731708,Europe,0.44,1.06,19,19
Norway,NOR,1992,77.18439024390246,Europe,0.2,1.06,19,19
Norway,NOR,1993,77.15170731707317,Europe,-0.03,1.06,19,19
Norway,NOR,1994,77.68975609756099,Europe,0.54,1.06,19,19
Norway,NOR,1995,77.73658536585367,Europe,0.05,1.06,19,19
Norway,NOR,1996,78.15048780487807,Europe,0.41,1.06,19,19
Norway,NOR,1997,78.14268292682927,Europe,-0.01,1.06,19,19
Norway,NOR,1998,78.32926829268293,Europe,0.19,1.06,19,19
Norway,NOR,1999,78.28292682926829,Europe,-0.05,1.06,19,19
Norway,NOR,2000,78.63414634146342,Europe,0.35,1.06,19,19
Norway,NOR,2001,78.78536585365853,Europe,0.15,1.06,19,19
Norway,NOR,2002,78.98780487804879,Europe,0.2,1.06,19,19
Norway,NOR,2003,79.39024390243902,Europe,0.4,1.06,19,19
Norway,NOR,2004,79.84146341463416,Europe,0.45,1.06,19,19
Norway,NOR,2005,80.04146341463415,Europe,0.2,1.06,19,19
Norway,NOR,2006,80.34390243902439,Europe,0.3,1.06,19,19
Norway,NOR,2007,80.39512195121952,Europe,0.05,1.06,19,19
Norway,NOR,2008,80.59268292682928,Europe,0.2,1.06,19,19
Norway,NOR,2009,80.79512195121951,Europe,0.2,1.06,19,19
Norway,NOR,2010,80.99756097560977,Europe,0.2,1.06,19,19
Norway,NOR,2011,81.2951219512195,Europe,0.3,1.06,19,19
Norway,NOR,2012,81.45121951219514,Europe,0.16,1.06,19,19
Norway,NOR,2013,81.75121951219514,Europe,0.3,1.06,19,19
Norway,NOR,2014,82.10000000000001,Europe,0.35,1.06,19,19
Norway,NOR,2015,82.30487804878051,Europe,0.2,1.06,19,19
Norway,NOR,2016,82.40731707317074,Europe,0.1,1.06,19,19
Norway,NOR,2017,82.60975609756098,Europe,0.2,1.06,19,19
Norway,NOR,2018,82.75853658536586,Europe,0.15,1.06,19,19
Norway,NOR,2019,82.95853658536586,Europe,0.2,1.06,19,19
Norway,NOR,2020,83.20975609756097,Europe,0.25,1.06,19,19
Norway,NOR,2021,83.16341463414635,Europe,-0.05,1.06,19,19
Norway,NOR,2022,82.50975609756098,Europe,-0.65,1.06,19,19
Norway,NOR,2023,83.01219512195124,Europe,0.5,1.06,19,19
Norway,NOR,2024,83.1609756097561,Europe,0.15,1.06,19,19
Nepal,NPL,1960,38.652,Asia,,2.82,150,150
Nepal,NPL,1961,38.966,Asia,0.31,2.82,150,150
Nepal,NPL,1962,39.333,Asia,0.37,2.82,150,150
Nepal,NPL,1963,39.608,Asia,0.27,2.82,150,150
Nepal,NPL,1964,40.229,Asia,0.62,2.82,150,150
Nepal,NPL,1965,40.688,Asia,0.46,2.82,150,150
Nepal,NPL,1966,41.239,Asia,0.55,2.82,150,150
Nepal,NPL,1967,41.71,Asia,0.47,2.82,150,150
Nepal,NPL,1968,42.173,Asia,0.46,2.82,150,150
Nepal,NPL,1969,42.722,Asia,0.55,2.82,150,150
Nepal,NPL,1970,43.151,Asia,0.43,2.82,150,150
Nepal,NPL,1971,43.616,Asia,0.46,2.82,150,150
Nepal,NPL,1972,44.068,Asia,0.45,2.82,150,150
Nepal,NPL,1973,44.485,Asia,0.42,2.82,150,150
Nepal,NPL,1974,44.919,Asia,0.43,2.82,150,150
Nepal,NPL,1975,45.499,Asia,0.58,2.82,150,150
Nepal,NPL,1976,45.991,Asia,0.49,2.82,150,150
Nepal,NPL,1977,46.628,Asia,0.64,2.82,150,150
Nepal,NPL,1978,47.202,Asia,0.57,2.82,150,150
Nepal,NPL,1979,47.766,Asia,0.56,2.82,150,150
Nepal,NPL,1980,48.333,Asia,0.57,2.82,150,150
Nepal,NPL,1981,48.662,Asia,0.33,2.82,150,150
Nepal,NPL,1982,49.181,Asia,0.52,2.82,150,150
Nepal,NPL,1983,49.676,Asia,0.5,2.82,150,150
Nepal,NPL,1984,50.227,Asia,0.55,2.82,150,150
Nepal,NPL,1985,50.922,Asia,0.7,2.82,150,150
Nepal,NPL,1986,51.594,Asia,0.67,2.82,150,150
Nepal,NPL,1987,52.382,Asia,0.79,2.82,150,150
Nepal,NPL,1988,53.109,Asia,0.73,2.82,150,150
Nepal,NPL,1989,54.013,Asia,0.9,2.82,150,150
Nepal,NPL,1990,54.771,Asia,0.76,2.82,150,150
Nepal,NPL,1991,55.65,Asia,0.88,2.82,150,150
Nepal,NPL,1992,56.686,Asia,1.04,2.82,150,150
Nepal,NPL,1993,57.597,Asia,0.91,2.82,150,150
Nepal,NPL,1994,58.631,Asia,1.03,2.82,150,150
Nepal,NPL,1995,59.323,Asia,0.69,2.82,150,150
Nepal,NPL,1996,60.044,Asia,0.72,2.82,150,150
Nepal,NPL,1997,60.823,Asia,0.78,2.82,150,150
Nepal,NPL,1998,61.532,Asia,0.71,2.82,150,150
Nepal,NPL,1999,62.035,Asia,0.5,2.82,150,150
Nepal,NPL,2000,62.642,Asia,0.61,2.82,150,150
Nepal,NPL,2001,63.288,Asia,0.65,2.82,150,150
Nepal,NPL,2002,63.507,Asia,0.22,2.82,150,150
Nepal,NPL,2003,64.229,Asia,0.72,2.82,150,150
Nepal,NPL,2004,64.744,Asia,0.52,2.82,150,150
Nepal,NPL,2005,65.275,Asia,0.53,2.82,150,150
Nepal,NPL,2006,65.891,Asia,0.62,2.82,150,150
Nepal,NPL,2007,66.169,Asia,0.28,2.82,150,150
Nepal,NPL,2008,66.442,Asia,0.27,2.82,150,150
Nepal,NPL,2009,66.6,Asia,0.16,2.82,150,150
Nepal,NPL,2010,66.772,Asia,0.17,2.82,150,150
Nepal,NPL,2011,67.123,Asia,0.35,2.82,150,150
Nepal,NPL,2012,67.364,Asia,0.24,2.82,150,150
Nepal,NPL,2013,67.598,Asia,0.23,2.82,150,150
Nepal,NPL,2014,67.812,Asia,0.21,2.82,150,150
Nepal,NPL,2015,67.374,Asia,-0.44,2.82,150,150
Nepal,NPL,2016,68.444,Asia,1.07,2.82,150,150
Nepal,NPL,2017,68.74,Asia,0.3,2.82,150,150
Nepal,NPL,2018,69.036,Asia,0.3,2.82,150,150
Nepal,NPL,2019,69.299,Asia,0.26,2.82,150,150
Nepal,NPL,2020,69.106,Asia,-0.19,2.82,150,150
Nepal,NPL,2021,68.385,Asia,-0.72,2.82,150,150
Nepal,NPL,2022,70.087,Asia,1.7,2.82,150,150
Nepal,NPL,2023,70.354,Asia,0.27,2.82,150,150
Nepal,NPL,2024,70.636,Asia,0.28,2.82,150,150
Naoero,NRU,1960,57.924,Oceania,,1.45,203,203
Naoero,NRU,1961,58.005,Oceania,0.08,1.45,203,203
Naoero,NRU,1962,58.023,Oceania,0.02,1.45,203,203
Naoero,NRU,1963,58.099,Oceania,0.08,1.45,203,203
Naoero,NRU,1964,58.167,Oceania,0.07,1.45,203,203
Naoero,NRU,1965,58.255,Oceania,0.09,1.45,203,203
Naoero,NRU,1966,58.385,Oceania,0.13,1.45,203,203
Naoero,NRU,1967,58.62,Oceania,0.23,1.45,203,203
Naoero,NRU,1968,58.633,Oceania,0.01,1.45,203,203
Naoero,NRU,1969,58.408,Oceania,-0.23,1.45,203,203
Naoero,NRU,1970,58.449,Oceania,0.04,1.45,203,203
Naoero,NRU,1971,58.427,Oceania,-0.02,1.45,203,203
Naoero,NRU,1972,58.405,Oceania,-0.02,1.45,203,203
Naoero,NRU,1973,58.362,Oceania,-0.04,1.45,203,203
Naoero,NRU,1974,58.31,Oceania,-0.05,1.45,203,203
Naoero,NRU,1975,58.251,Oceania,-0.06,1.45,203,203
Naoero,NRU,1976,58.215,Oceania,-0.04,1.45,203,203
Naoero,NRU,1977,58.144,Oceania,-0.07,1.45,203,203
Naoero,NRU,1978,58.288,Oceania,0.14,1.45,203,203
Naoero,NRU,1979,58.374,Oceania,0.09,1.45,203,203
Naoero,NRU,1980,58.471,Oceania,0.1,1.45,203,203
Naoero,NRU,1981,58.555,Oceania,0.08,1.45,203,203
Naoero,NRU,1982,58.635,Oceania,0.08,1.45,203,203
Naoero,NRU,1983,58.694,Oceania,0.06,1.45,203,203
Naoero,NRU,1984,58.658,Oceania,-0.04,1.45,203,203
Naoero,NRU,1985,58.598,Oceania,-0.06,1.45,203,203
Naoero,NRU,1986,58.591,Oceania,-0.01,1.45,203,203
Naoero,NRU,1987,58.625,Oceania,0.03,1.45,203,203
Naoero,NRU,1988,58.725,Oceania,0.1,1.45,203,203
Naoero,NRU,1989,58.9,Oceania,0.17,1.45,203,203
Naoero,NRU,1990,59.102,Oceania,0.2,1.45,203,203
Naoero,NRU,1991,59.312,Oceania,0.21,1.45,203,203
Naoero,NRU,1992,59.518,Oceania,0.21,1.45,203,203
Naoero,NRU,1993,59.761,Oceania,0.24,1.45,203,203
Naoero,NRU,1994,59.954,Oceania,0.19,1.45,203,203
Naoero,NRU,1995,60.063,Oceania,0.11,1.45,203,203
Naoero,NRU,1996,60.07,Oceania,0.01,1.45,203,203
Naoero,NRU,1997,59.985,Oceania,-0.09,1.45,203,203
Naoero,NRU,1998,59.86,Oceania,-0.12,1.45,203,203
Naoero,NRU,1999,59.701,Oceania,-0.16,1.45,203,203
Naoero,NRU,2000,59.574,Oceania,-0.13,1.45,203,203
Naoero,NRU,2001,59.482,Oceania,-0.09,1.45,203,203
Naoero,NRU,2002,59.427,Oceania,-0.05,1.45,203,203
Naoero,NRU,2003,59.359,Oceania,-0.07,1.45,203,203
Naoero,NRU,2004,59.346,Oceania,-0.01,1.45,203,203
Naoero,NRU,2005,59.361,Oceania,0.02,1.45,203,203
Naoero,NRU,2006,59.409,Oceania,0.05,1.45,203,203
Naoero,NRU,2007,59.49,Oceania,0.08,1.45,203,203
Naoero,NRU,2008,59.675,Oceania,0.18,1.45,203,203
Naoero,NRU,2009,59.852,Oceania,0.18,1.45,203,203
Naoero,NRU,2010,60.074,Oceania,0.22,1.45,203,203
Naoero,NRU,2011,60.287,Oceania,0.21,1.45,203,203
Naoero,NRU,2012,60.533,Oceania,0.25,1.45,203,203
Naoero,NRU,2013,60.701,Oceania,0.17,1.45,203,203
Naoero,NRU,2014,60.834,Oceania,0.13,1.45,203,203
Naoero,NRU,2015,60.897,Oceania,0.06,1.45,203,203
Naoero,NRU,2016,60.996,Oceania,0.1,1.45,203,203
Naoero,NRU,2017,61.101,Oceania,0.1,1.45,203,203
Naoero,NRU,2018,61.238,Oceania,0.14,1.45,203,203
Naoero,NRU,2019,61.393,Oceania,0.16,1.45,203,203
Naoero,NRU,2020,61.527,Oceania,0.13,1.45,203,203
Naoero,NRU,2021,61.331,Oceania,-0.2,1.45,203,203
Naoero,NRU,2022,61.93,Oceania,0.6,1.45,203,203
Naoero,NRU,2023,62.109,Oceania,0.18,1.45,203,203
Naoero,NRU,2024,62.279,Oceania,0.17,1.45,203,203
New Zealand,NZL,1960,71.23658536585367,Oceania,,0.55,35,35
New Zealand,NZL,1961,70.98536585365855,Oceania,-0.25,0.55,35,35
New Zealand,NZL,1962,71.23170731707316,Oceania,0.25,0.55,35,35
New Zealand,NZL,1963,71.28048780487805,Oceania,0.05,0.55,35,35
New Zealand,NZL,1964,71.32926829268293,Oceania,0.05,0.55,35,35
New Zealand,NZL,1965,71.22682926829268,Oceania,-0.1,0.55,35,35
New Zealand,NZL,1966,71.12439024390245,Oceania,-0.1,0.55,35,35
New Zealand,NZL,1967,71.47317073170733,Oceania,0.35,0.55,35,35
New Zealand,NZL,1968,71.12439024390245,Oceania,-0.35,0.55,35,35
New Zealand,NZL,1969,71.47317073170733,Oceania,0.35,0.55,35,35
New Zealand,NZL,1970,71.27317073170732,Oceania,-0.2,0.55,35,35
New Zealand,NZL,1971,71.77317073170732,Oceania,0.5,0.55,35,35
New Zealand,NZL,1972,71.82926829268294,Oceania,0.06,0.55,35,35
New Zealand,NZL,1973,71.66829268292685,Oceania,-0.16,0.55,35,35
New Zealand,NZL,1974,71.92439024390244,Oceania,0.26,0.55,35,35
New Zealand,NZL,1975,72.21951219512196,Oceania,0.3,0.55,35,35
New Zealand,NZL,1976,72.42195121951221,Oceania,0.2,0.55,35,35
New Zealand,NZL,1977,72.16829268292683,Oceania,-0.25,0.55,35,35
New Zealand,NZL,1978,73.01951219512196,Oceania,0.85,0.55,35,35
New Zealand,NZL,1979,73.06829268292685,Oceania,0.05,0.55,35,35
New Zealand,NZL,1980,72.82926829268294,Oceania,-0.24,0.55,35,35
New Zealand,NZL,1981,73.62195121951221,Oceania,0.79,0.55,35,35
New Zealand,NZL,1982,73.72439024390243,Oceania,0.1,0.55,35,35
New Zealand,NZL,1983,73.77560975609757,Oceania,0.05,0.55,35,35
New Zealand,NZL,1984,74.37073170731708,Oceania,0.6,0.55,35,35
New Zealand,NZL,1985,73.82926829268293,Oceania,-0.54,0.55,35,35
New Zealand,NZL,1986,74.1219512195122,Oceania,0.29,0.55,35,35
New Zealand,NZL,1987,74.17804878048781,Oceania,0.06,0.55,35,35
New Zealand,NZL,1988,74.42439024390244,Oceania,0.25,0.55,35,35
New Zealand,NZL,1989,74.82439024390244,Oceania,0.4,0.55,35,35
New Zealand,NZL,1990,75.37804878048782,Oceania,0.55,0.55,35,35
New Zealand,NZL,1991,76.03170731707318,Oceania,0.65,0.55,35,35
New Zealand,NZL,1992,76.12439024390245,Oceania,0.09,0.55,35,35
New Zealand,NZL,1993,76.43414634146342,Oceania,0.31,0.55,35,35
New Zealand,NZL,1994,76.8829268292683,Oceania,0.45,0.55,35,35
New Zealand,NZL,1995,76.73414634146343,Oceania,-0.15,0.55,35,35
New Zealand,NZL,1996,76.7878048780488,Oceania,0.05,0.55,35,35
New Zealand,NZL,1997,77.33414634146342,Oceania,0.55,0.55,35,35
New Zealand,NZL,1998,78.08536585365854,Oceania,0.75,0.55,35,35
New Zealand,NZL,1999,77.89024390243904,Oceania,-0.2,0.55,35,35
New Zealand,NZL,2000,78.63658536585366,Oceania,0.75,0.55,35,35
New Zealand,NZL,2001,78.69268292682928,Oceania,0.06,0.55,35,35
New Zealand,NZL,2002,78.84634146341463,Oceania,0.15,0.55,35,35
New Zealand,NZL,2003,79.14634146341464,Oceania,0.3,0.55,35,35
New Zealand,NZL,2004,79.54878048780488,Oceania,0.4,0.55,35,35
New Zealand,NZL,2005,79.85121951219514,Oceania,0.3,0.55,35,35
New Zealand,NZL,2006,80.04878048780489,Oceania,0.2,0.55,35,35
New Zealand,NZL,2007,80.15121951219513,Oceania,0.1,0.55,35,35
New Zealand,NZL,2008,80.35121951219514,Oceania,0.2,0.55,35,35
New Zealand,NZL,2009,80.70243902439024,Oceania,0.35,0.55,35,35
New Zealand,NZL,2010,80.90487804878049,Oceania,0.2,0.55,35,35
New Zealand,NZL,2011,81.15609756097562,Oceania,0.25,0.55,35,35
New Zealand,NZL,2012,81.40731707317073,Oceania,0.25,0.55,35,35
New Zealand,NZL,2013,81.40487804878049,Oceania,-0.0,0.55,35,35
New Zealand,NZL,2014,81.4568292682927,Oceania,0.05,0.55,35,35
New Zealand,NZL,2015,81.61243902439026,Oceania,0.16,0.55,35,35
New Zealand,NZL,2016,81.65853658536587,Oceania,0.05,0.55,35,35
New Zealand,NZL,2017,81.85853658536587,Oceania,0.2,0.55,35,35
New Zealand,NZL,2018,81.70731707317074,Oceania,-0.15,0.55,35,35
New Zealand,NZL,2019,82.05609756097562,Oceania,0.35,0.55,35,35
New Zealand,NZL,2020,82.25609756097562,Oceania,0.2,0.55,35,35
New Zealand,NZL,2021,82.20731707317074,Oceania,-0.05,0.55,35,35
New Zealand,NZL,2022,81.95853658536585,Oceania,-0.25,0.55,35,35
New Zealand,NZL,2023,81.75853658536587,Oceania,-0.2,0.55,35,35
New Zealand,NZL,2024,82.00975609756098,Oceania,0.25,0.55,35,35
Oman,OMN,1960,35.429,Asia,,1.22,52,52
Oman,OMN,1961,36.386,Asia,0.96,1.22,52,52
Oman,OMN,1962,37.413,Asia,1.03,1.22,52,52
Oman,OMN,1963,38.498,Asia,1.09,1.22,52,52
Oman,OMN,1964,39.628,Asia,1.13,1.22,52,52
Oman,OMN,1965,40.791,Asia,1.16,1.22,52,52
Oman,OMN,1966,41.975,Asia,1.18,1.22,52,52
Oman,OMN,1967,43.177,Asia,1.2,1.22,52,52
Oman,OMN,1968,44.395,Asia,1.22,1.22,52,52
Oman,OMN,1969,45.624,Asia,1.23,1.22,52,52
Oman,OMN,1970,46.64,Asia,1.02,1.22,52,52
Oman,OMN,1971,47.868,Asia,1.23,1.22,52,52
Oman,OMN,1972,48.717,Asia,0.85,1.22,52,52
Oman,OMN,1973,49.964,Asia,1.25,1.22,52,52
Oman,OMN,1974,51.228,Asia,1.26,1.22,52,52
Oman,OMN,1975,52.511,Asia,1.28,1.22,52,52
Oman,OMN,1976,54.448,Asia,1.94,1.22,52,52
Oman,OMN,1977,55.524,Asia,1.08,1.22,52,52
Oman,OMN,1978,57.037,Asia,1.51,1.22,52,52
Oman,OMN,1979,58.328,Asia,1.29,1.22,52,52
Oman,OMN,1980,59.601,Asia,1.27,1.22,52,52
Oman,OMN,1981,60.802,Asia,1.2,1.22,52,52
Oman,OMN,1982,62.049,Asia,1.25,1.22,52,52
Oman,OMN,1983,63.192,Asia,1.14,1.22,52,52
Oman,OMN,1984,64.272,Asia,1.08,1.22,52,52
Oman,OMN,1985,65.281,Asia,1.01,1.22,52,52
Oman,OMN,1986,66.168,Asia,0.89,1.22,52,52
Oman,OMN,1987,66.979,Asia,0.81,1.22,52,52
Oman,OMN,1988,67.718,Asia,0.74,1.22,52,52
Oman,OMN,1989,68.393,Asia,0.67,1.22,52,52
Oman,OMN,1990,69.012,Asia,0.62,1.22,52,52
Oman,OMN,1991,69.584,Asia,0.57,1.22,52,52
Oman,OMN,1992,70.114,Asia,0.53,1.22,52,52
Oman,OMN,1993,70.608,Asia,0.49,1.22,52,52
Oman,OMN,1994,71.072,Asia,0.46,1.22,52,52
Oman,OMN,1995,71.56,Asia,0.49,1.22,52,52
Oman,OMN,1996,72.023,Asia,0.46,1.22,52,52
Oman,OMN,1997,72.463,Asia,0.44,1.22,52,52
Oman,OMN,1998,72.882,Asia,0.42,1.22,52,52
Oman,OMN,1999,73.276,Asia,0.39,1.22,52,52
Oman,OMN,2000,73.643,Asia,0.37,1.22,52,52
Oman,OMN,2001,73.979,Asia,0.34,1.22,52,52
Oman,OMN,2002,74.276,Asia,0.3,1.22,52,52
Oman,OMN,2003,74.521,Asia,0.25,1.22,52,52
Oman,OMN,2004,74.82,Asia,0.3,1.22,52,52
Oman,OMN,2005,75.07,Asia,0.25,1.22,52,52
Oman,OMN,2006,75.354,Asia,0.28,1.22,52,52
Oman,OMN,2007,75.596,Asia,0.24,1.22,52,52
Oman,OMN,2008,76.124,Asia,0.53,1.22,52,52
Oman,OMN,2009,76.631,Asia,0.51,1.22,52,52
Oman,OMN,2010,77.184,Asia,0.55,1.22,52,52
Oman,OMN,2011,77.74,Asia,0.56,1.22,52,52
Oman,OMN,2012,78.187,Asia,0.45,1.22,52,52
Oman,OMN,2013,78.633,Asia,0.45,1.22,52,52
Oman,OMN,2014,79.03,Asia,0.4,1.22,52,52
Oman,OMN,2015,79.346,Asia,0.32,1.22,52,52
Oman,OMN,2016,79.581,Asia,0.23,1.22,52,52
Oman,OMN,2017,79.748,Asia,0.17,1.22,52,52
Oman,OMN,2018,79.864,Asia,0.12,1.22,52,52
Oman,OMN,2019,79.946,Asia,0.08,1.22,52,52
Oman,OMN,2020,77.763,Asia,-2.18,1.22,52,52
Oman,OMN,2021,75.969,Asia,-1.79,1.22,52,52
Oman,OMN,2022,77.911,Asia,1.94,1.22,52,52
Oman,OMN,2023,80.031,Asia,2.12,1.22,52,52
Oman,OMN,2024,80.246,Asia,0.21,1.22,52,52
Pakistan,PAK,1960,44.101,Asia,,2.43,169,169
Pakistan,PAK,1961,44.956,Asia,0.86,2.43,169,169
Pakistan,PAK,1962,45.85,Asia,0.89,2.43,169,169
Pakistan,PAK,1963,46.761,Asia,0.91,2.43,169,169
Pakistan,PAK,1964,47.831,Asia,1.07,2.43,169,169
Pakistan,PAK,1965,48.495,Asia,0.66,2.43,169,169
Pakistan,PAK,1966,49.797,Asia,1.3,2.43,169,169
Pakistan,PAK,1967,50.763,Asia,0.97,2.43,169,169
Pakistan,PAK,1968,51.624,Asia,0.86,2.43,169,169
Pakistan,PAK,1969,52.316,Asia,0.69,2.43,169,169
Pakistan,PAK,1970,52.943,Asia,0.63,2.43,169,169
Pakistan,PAK,1971,49.002,Asia,-3.94,2.43,169,169
Pakistan,PAK,1972,53.824,Asia,4.82,2.43,169,169
Pakistan,PAK,1973,54.09,Asia,0.27,2.43,169,169
Pakistan,PAK,1974,54.266,Asia,0.18,2.43,169,169
Pakistan,PAK,1975,54.722,Asia,0.46,2.43,169,169
Pakistan,PAK,1976,55.069,Asia,0.35,2.43,169,169
Pakistan,PAK,1977,55.482,Asia,0.41,2.43,169,169
Pakistan,PAK,1978,56.072,Asia,0.59,2.43,169,169
Pakistan,PAK,1979,56.614,Asia,0.54,2.43,169,169
Pakistan,PAK,1980,57.199,Asia,0.59,2.43,169,169
Pakistan,PAK,1981,57.764,Asia,0.57,2.43,169,169
Pakistan,PAK,1982,58.291,Asia,0.53,2.43,169,169
Pakistan,PAK,1983,58.663,Asia,0.37,2.43,169,169
Pakistan,PAK,1984,58.921,Asia,0.26,2.43,169,169
Pakistan,PAK,1985,59.075,Asia,0.15,2.43,169,169
Pakistan,PAK,1986,59.167,Asia,0.09,2.43,169,169
Pakistan,PAK,1987,59.222,Asia,0.05,2.43,169,169
Pakistan,PAK,1988,59.36,Asia,0.14,2.43,169,169
Pakistan,PAK,1989,59.528,Asia,0.17,2.43,169,169
Pakistan,PAK,1990,59.728,Asia,0.2,2.43,169,169
Pakistan,PAK,1991,59.864,Asia,0.14,2.43,169,169
Pakistan,PAK,1992,59.983,Asia,0.12,2.43,169,169
Pakistan,PAK,1993,60.083,Asia,0.1,2.43,169,169
Pakistan,PAK,1994,60.197,Asia,0.11,2.43,169,169
Pakistan,PAK,1995,60.273,Asia,0.08,2.43,169,169
Pakistan,PAK,1996,60.466,Asia,0.19,2.43,169,169
Pakistan,PAK,1997,60.623,Asia,0.16,2.43,169,169
Pakistan,PAK,1998,61.134,Asia,0.51,2.43,169,169
Pakistan,PAK,1999,61.54,Asia,0.41,2.43,169,169
Pakistan,PAK,2000,61.903,Asia,0.36,2.43,169,169
Pakistan,PAK,2001,62.241,Asia,0.34,2.43,169,169
Pakistan,PAK,2002,62.556,Asia,0.31,2.43,169,169
Pakistan,PAK,2003,62.834,Asia,0.28,2.43,169,169
Pakistan,PAK,2004,63.097,Asia,0.26,2.43,169,169
Pakistan,PAK,2005,62.416,Asia,-0.68,2.43,169,169
Pakistan,PAK,2006,63.624,Asia,1.21,2.43,169,169
Pakistan,PAK,2007,63.807,Asia,0.18,2.43,169,169
Pakistan,PAK,2008,64.002,Asia,0.19,2.43,169,169
Pakistan,PAK,2009,64.206,Asia,0.2,2.43,169,169
Pakistan,PAK,2010,64.378,Asia,0.17,2.43,169,169
Pakistan,PAK,2011,64.659,Asia,0.28,2.43,169,169
Pakistan,PAK,2012,64.883,Asia,0.22,2.43,169,169
Pakistan,PAK,2013,65.129,Asia,0.25,2.43,169,169
Pakistan,PAK,2014,65.374,Asia,0.24,2.43,169,169
Pakistan,PAK,2015,65.641,Asia,0.27,2.43,169,169
Pakistan,PAK,2016,65.943,Asia,0.3,2.43,169,169
Pakistan,PAK,2017,66.223,Asia,0.28,2.43,169,169
Pakistan,PAK,2018,66.481,Asia,0.26,2.43,169,169
Pakistan,PAK,2019,66.729,Asia,0.25,2.43,169,169
Pakistan,PAK,2020,65.701,Asia,-1.03,2.43,169,169
Pakistan,PAK,2021,65.773,Asia,0.07,2.43,169,169
Pakistan,PAK,2022,67.417,Asia,1.64,2.43,169,169
Pakistan,PAK,2023,67.649,Asia,0.23,2.43,169,169
Pakistan,PAK,2024,67.799,Asia,0.15,2.43,169,169
Panama,PAN,1960,60.278,America,,2.41,55,55
Panama,PAN,1961,60.914,America,0.64,2.41,55,55
Panama,PAN,1962,61.428,America,0.51,2.41,55,55
Panama,PAN,1963,61.814,America,0.39,2.41,55,55
Panama,PAN,1964,62.101,America,0.29,2.41,55,55
Panama,PAN,1965,62.337,America,0.24,2.41,55,55
Panama,PAN,1966,62.629,America,0.29,2.41,55,55
Panama,PAN,1967,62.887,America,0.26,2.41,55,55
Panama,PAN,1968,63.242,America,0.35,2.41,55,55
Panama,PAN,1969,63.66,America,0.42,2.41,55,55
Panama,PAN,1970,64.068,America,0.41,2.41,55,55
Panama,PAN,1971,64.666,America,0.6,2.41,55,55
Panama,PAN,1972,65.183,America,0.52,2.41,55,55
Panama,PAN,1973,65.783,America,0.6,2.41,55,55
Panama,PAN,1974,66.552,America,0.77,2.41,55,55
Panama,PAN,1975,67.243,America,0.69,2.41,55,55
Panama,PAN,1976,67.794,America,0.55,2.41,55,55
Panama,PAN,1977,68.252,America,0.46,2.41,55,55
Panama,PAN,1978,68.687,America,0.44,2.41,55,55
Panama,PAN,1979,69.09,America,0.4,2.41,55,55
Panama,PAN,1980,69.451,America,0.36,2.41,55,55
Panama,PAN,1981,69.79,America,0.34,2.41,55,55
Panama,PAN,1982,69.9,America,0.11,2.41,55,55
Panama,PAN,1983,70.133,America,0.23,2.41,55,55
Panama,PAN,1984,70.403,America,0.27,2.41,55,55
Panama,PAN,1985,70.544,America,0.14,2.41,55,55
Panama,PAN,1986,70.669,America,0.12,2.41,55,55
Panama,PAN,1987,70.811,America,0.14,2.41,55,55
Panama,PAN,1988,70.945,America,0.13,2.41,55,55
Panama,PAN,1989,70.137,America,-0.81,2.41,55,55
Panama,PAN,1990,71.266,America,1.13,2.41,55,55
Panama,PAN,1991,71.331,America,0.06,2.41,55,55
Panama,PAN,1992,71.461,America,0.13,2.41,55,55
Panama,PAN,1993,71.805,America,0.34,2.41,55,55
Panama,PAN,1994,71.943,America,0.14,2.41,55,55
Panama,PAN,1995,71.994,America,0.05,2.41,55,55
Panama,PAN,1996,72.199,America,0.2,2.41,55,55
Panama,PAN,1997,72.541,America,0.34,2.41,55,55
Panama,PAN,1998,72.785,America,0.24,2.41,55,55
Panama,PAN,1999,73.124,America,0.34,2.41,55,55
Panama,PAN,2000,73.443,America,0.32,2.41,55,55
Panama,PAN,2001,73.82,America,0.38,2.41,55,55
Panama,PAN,2002,74.195,America,0.38,2.41,55,55
Panama,PAN,2003,74.567,America,0.37,2.41,55,55
Panama,PAN,2004,74.845,America,0.28,2.41,55,55
Panama,PAN,2005,75.16,America,0.31,2.41,55,55
Panama,PAN,2006,75.429,America,0.27,2.41,55,55
Panama,PAN,2007,75.675,America,0.25,2.41,55,55
Panama,PAN,2008,75.937,America,0.26,2.41,55,55
Panama,PAN,2009,76.228,America,0.29,2.41,55,55
Panama,PAN,2010,76.417,America,0.19,2.41,55,55
Panama,PAN,2011,76.659,America,0.24,2.41,55,55
Panama,PAN,2012,76.877,America,0.22,2.41,55,55
Panama,PAN,2013,77.129,America,0.25,2.41,55,55
Panama,PAN,2014,77.365,America,0.24,2.41,55,55
Panama,PAN,2015,77.583,America,0.22,2.41,55,55
Panama,PAN,2016,77.772,America,0.19,2.41,55,55
Panama,PAN,2017,77.901,America,0.13,2.41,55,55
Panama,PAN,2018,78.266,America,0.37,2.41,55,55
Panama,PAN,2019,78.514,America,0.25,2.41,55,55
Panama,PAN,2020,76.33,America,-2.18,2.41,55,55
Panama,PAN,2021,77.004,America,0.67,2.41,55,55
Panama,PAN,2022,79.324,America,2.32,2.41,55,55
Panama,PAN,2023,79.594,America,0.27,2.41,55,55
Panama,PAN,2024,79.775,America,0.18,2.41,55,55
Peru,PER,1960,50.597,America,,2.68,73,73
Peru,PER,1961,51.192,America,0.59,2.68,73,73
Peru,PER,1962,51.532,America,0.34,2.68,73,73
Peru,PER,1963,52.597,America,1.07,2.68,73,73
Peru,PER,1964,53.302,America,0.7,2.68,73,73
Peru,PER,1965,53.871,America,0.57,2.68,73,73
Peru,PER,1966,54.4,America,0.53,2.68,73,73
Peru,PER,1967,54.893,America,0.49,2.68,73,73
Peru,PER,1968,55.384,America,0.49,2.68,73,73
Peru,PER,1969,55.816,America,0.43,2.68,73,73
Peru,PER,1970,47.728,America,-8.09,2.68,73,73
Peru,PER,1971,56.493,America,8.76,2.68,73,73
Peru,PER,1972,56.989,America,0.5,2.68,73,73
Peru,PER,1973,57.333,America,0.34,2.68,73,73
Peru,PER,1974,57.769,America,0.44,2.68,73,73
Peru,PER,1975,58.205,America,0.44,2.68,73,73
Peru,PER,1976,58.57,America,0.37,2.68,73,73
Peru,PER,1977,58.895,America,0.33,2.68,73,73
Peru,PER,1978,59.261,America,0.37,2.68,73,73
Peru,PER,1979,59.624,America,0.36,2.68,73,73
Peru,PER,1980,59.982,America,0.36,2.68,73,73
Peru,PER,1981,60.325,America,0.34,2.68,73,73
Peru,PER,1982,60.559,America,0.23,2.68,73,73
Peru,PER,1983,60.764,America,0.21,2.68,73,73
Peru,PER,1984,61.066,America,0.3,2.68,73,73
Peru,PER,1985,61.71,America,0.64,2.68,73,73
Peru,PER,1986,62.154,America,0.44,2.68,73,73
Peru,PER,1987,62.544,America,0.39,2.68,73,73
Peru,PER,1988,62.995,America,0.45,2.68,73,73
Peru,PER,1989,63.405,America,0.41,2.68,73,73
Peru,PER,1990,63.979,America,0.57,2.68,73,73
Peru,PER,1991,64.248,America,0.27,2.68,73,73
Peru,PER,1992,65.031,America,0.78,2.68,73,73
Peru,PER,1993,65.732,America,0.7,2.68,73,73
Peru,PER,1994,66.544,America,0.81,2.68,73,73
Peru,PER,1995,67.22,America,0.68,2.68,73,73
Peru,PER,1996,67.85,America,0.63,2.68,73,73
Peru,PER,1997,68.324,America,0.47,2.68,73,73
Peru,PER,1998,68.724,America,0.4,2.68,73,73
Peru,PER,1999,69.302,America,0.58,2.68,73,73
Peru,PER,2000,69.821,America,0.52,2.68,73,73
Peru,PER,2001,70.315,America,0.49,2.68,73,73
Peru,PER,2002,70.815,America,0.5,2.68,73,73
Peru,PER,2003,71.278,America,0.46,2.68,73,73
Peru,PER,2004,71.447,America,0.17,2.68,73,73
Peru,PER,2005,71.988,America,0.54,2.68,73,73
Peru,PER,2006,72.337,America,0.35,2.68,73,73
Peru,PER,2007,72.746,America,0.41,2.68,73,73
Peru,PER,2008,72.743,America,-0.0,2.68,73,73
Peru,PER,2009,72.631,America,-0.11,2.68,73,73
Peru,PER,2010,72.886,America,0.25,2.68,73,73
Peru,PER,2011,73.327,America,0.44,2.68,73,73
Peru,PER,2012,73.979,America,0.65,2.68,73,73
Peru,PER,2013,74.591,America,0.61,2.68,73,73
Peru,PER,2014,75.26,America,0.67,2.68,73,73
Peru,PER,2015,75.732,America,0.47,2.68,73,73
Peru,PER,2016,75.951,America,0.22,2.68,73,73
Peru,PER,2017,75.958,America,0.01,2.68,73,73
Peru,PER,2018,76.018,America,0.06,2.68,73,73
Peru,PER,2019,76.275,America,0.26,2.68,73,73
Peru,PER,2020,73.832,America,-2.44,2.68,73,73
Peru,PER,2021,71.596,America,-2.24,2.68,73,73
Peru,PER,2022,76.834,America,5.24,2.68,73,73
Peru,PER,2023,77.74,America,0.91,2.68,73,73
Peru,PER,2024,77.941,America,0.2,2.68,73,73
Philippines,PHL,1960,59.175,Asia,,0.63,154,154
Philippines,PHL,1961,59.469,Asia,0.29,0.63,154,154
Philippines,PHL,1962,59.755,Asia,0.29,0.63,154,154
Philippines,PHL,1963,60.018,Asia,0.26,0.63,154,154
Philippines,PHL,1964,60.13,Asia,0.11,0.63,154,154
Philippines,PHL,1965,60.41,Asia,0.28,0.63,154,154
Philippines,PHL,1966,60.623,Asia,0.21,0.63,154,154
Philippines,PHL,1967,60.804,Asia,0.18,0.63,154,154
Philippines,PHL,1968,60.917,Asia,0.11,0.63,154,154
Philippines,PHL,1969,60.981,Asia,0.06,0.63,154,154
Philippines,PHL,1970,60.827,Asia,-0.15,0.63,154,154
Philippines,PHL,1971,61.065,Asia,0.24,0.63,154,154
Philippines,PHL,1972,60.911,Asia,-0.15,0.63,154,154
Philippines,PHL,1973,60.741,Asia,-0.17,0.63,154,154
Philippines,PHL,1974,60.816,Asia,0.08,0.63,154,154
Philippines,PHL,1975,60.904,Asia,0.09,0.63,154,154
Philippines,PHL,1976,60.869,Asia,-0.04,0.63,154,154
Philippines,PHL,1977,61.431,Asia,0.56,0.63,154,154
Philippines,PHL,1978,61.531,Asia,0.1,0.63,154,154
Philippines,PHL,1979,61.727,Asia,0.2,0.63,154,154
Philippines,PHL,1980,61.884,Asia,0.16,0.63,154,154
Philippines,PHL,1981,61.942,Asia,0.06,0.63,154,154
Philippines,PHL,1982,62.175,Asia,0.23,0.63,154,154
Philippines,PHL,1983,62.349,Asia,0.17,0.63,154,154
Philippines,PHL,1984,62.426,Asia,0.08,0.63,154,154
Philippines,PHL,1985,62.735,Asia,0.31,0.63,154,154
Philippines,PHL,1986,62.875,Asia,0.14,0.63,154,154
Philippines,PHL,1987,63.299,Asia,0.42,0.63,154,154
Philippines,PHL,1988,63.711,Asia,0.41,0.63,154,154
Philippines,PHL,1989,64.105,Asia,0.39,0.63,154,154
Philippines,PHL,1990,64.382,Asia,0.28,0.63,154,154
Philippines,PHL,1991,64.622,Asia,0.24,0.63,154,154
Philippines,PHL,1992,65.353,Asia,0.73,0.63,154,154
Philippines,PHL,1993,65.661,Asia,0.31,0.63,154,154
Philippines,PHL,1994,66.0,Asia,0.34,0.63,154,154
Philippines,PHL,1995,66.311,Asia,0.31,0.63,154,154
Philippines,PHL,1996,66.691,Asia,0.38,0.63,154,154
Philippines,PHL,1997,66.994,Asia,0.3,0.63,154,154
Philippines,PHL,1998,67.212,Asia,0.22,0.63,154,154
Philippines,PHL,1999,67.503,Asia,0.29,0.63,154,154
Philippines,PHL,2000,67.789,Asia,0.29,0.63,154,154
Philippines,PHL,2001,67.829,Asia,0.04,0.63,154,154
Philippines,PHL,2002,67.886,Asia,0.06,0.63,154,154
Philippines,PHL,2003,68.049,Asia,0.16,0.63,154,154
Philippines,PHL,2004,68.301,Asia,0.25,0.63,154,154
Philippines,PHL,2005,68.423,Asia,0.12,0.63,154,154
Philippines,PHL,2006,68.172,Asia,-0.25,0.63,154,154
Philippines,PHL,2007,68.549,Asia,0.38,0.63,154,154
Philippines,PHL,2008,68.643,Asia,0.09,0.63,154,154
Philippines,PHL,2009,68.631,Asia,-0.01,0.63,154,154
Philippines,PHL,2010,68.883,Asia,0.25,0.63,154,154
Philippines,PHL,2011,69.096,Asia,0.21,0.63,154,154
Philippines,PHL,2012,69.237,Asia,0.14,0.63,154,154
Philippines,PHL,2013,69.283,Asia,0.05,0.63,154,154
Philippines,PHL,2014,69.311,Asia,0.03,0.63,154,154
Philippines,PHL,2015,69.45,Asia,0.14,0.63,154,154
Philippines,PHL,2016,69.49,Asia,0.04,0.63,154,154
Philippines,PHL,2017,69.966,Asia,0.48,0.63,154,154
Philippines,PHL,2018,69.761,Asia,-0.2,0.63,154,154
Philippines,PHL,2019,69.68,Asia,-0.08,0.63,154,154
Philippines,PHL,2020,70.097,Asia,0.42,0.63,154,154
Philippines,PHL,2021,66.675,Asia,-3.42,0.63,154,154
Philippines,PHL,2022,69.472,Asia,2.8,0.63,154,154
Philippines,PHL,2023,69.833,Asia,0.36,0.63,154,154
Philippines,PHL,2024,69.946,Asia,0.11,0.63,154,154
Palau,PLW,1960,54.853,Oceania,,0.32,157,157
Palau,PLW,1961,55.092,Oceania,0.24,0.32,157,157
Palau,PLW,1962,55.378,Oceania,0.29,0.32,157,157
Palau,PLW,1963,55.567,Oceania,0.19,0.32,157,157
Palau,PLW,1964,55.795,Oceania,0.23,0.32,157,157
Palau,PLW,1965,55.938,Oceania,0.14,0.32,157,157
Palau,PLW,1966,56.212,Oceania,0.27,0.32,157,157
Palau,PLW,1967,56.54,Oceania,0.33,0.32,157,157
Palau,PLW,1968,56.886,Oceania,0.35,0.32,157,157
Palau,PLW,1969,57.253,Oceania,0.37,0.32,157,157
Palau,PLW,1970,57.674,Oceania,0.42,0.32,157,157
Palau,PLW,1971,58.108,Oceania,0.43,0.32,157,157
Palau,PLW,1972,58.557,Oceania,0.45,0.32,157,157
Palau,PLW,1973,59.024,Oceania,0.47,0.32,157,157
Palau,PLW,1974,59.492,Oceania,0.47,0.32,157,157
Palau,PLW,1975,59.998,Oceania,0.51,0.32,157,157
Palau,PLW,1976,60.469,Oceania,0.47,0.32,157,157
Palau,PLW,1977,60.899,Oceania,0.43,0.32,157,157
Palau,PLW,1978,61.294,Oceania,0.39,0.32,157,157
Palau,PLW,1979,61.616,Oceania,0.32,0.32,157,157
Palau,PLW,1980,61.909,Oceania,0.29,0.32,157,157
Palau,PLW,1981,62.142,Oceania,0.23,0.32,157,157
Palau,PLW,1982,62.333,Oceania,0.19,0.32,157,157
Palau,PLW,1983,62.477,Oceania,0.14,0.32,157,157
Palau,PLW,1984,62.638,Oceania,0.16,0.32,157,157
Palau,PLW,1985,62.72,Oceania,0.08,0.32,157,157
Palau,PLW,1986,62.752,Oceania,0.03,0.32,157,157
Palau,PLW,1987,62.771,Oceania,0.02,0.32,157,157
Palau,PLW,1988,62.779,Oceania,0.01,0.32,157,157
Palau,PLW,1989,62.777,Oceania,-0.0,0.32,157,157
Palau,PLW,1990,62.79,Oceania,0.01,0.32,157,157
Palau,PLW,1991,62.849,Oceania,0.06,0.32,157,157
Palau,PLW,1992,62.926,Oceania,0.08,0.32,157,157
Palau,PLW,1993,62.98,Oceania,0.05,0.32,157,157
Palau,PLW,1994,63.104,Oceania,0.12,0.32,157,157
Palau,PLW,1995,63.255,Oceania,0.15,0.32,157,157
Palau,PLW,1996,63.455,Oceania,0.2,0.32,157,157
Palau,PLW,1997,63.707,Oceania,0.25,0.32,157,157
Palau,PLW,1998,63.951,Oceania,0.24,0.32,157,157
Palau,PLW,1999,64.23,Oceania,0.28,0.32,157,157
Palau,PLW,2000,64.499,Oceania,0.27,0.32,157,157
Palau,PLW,2001,64.8,Oceania,0.3,0.32,157,157
Palau,PLW,2002,65.076,Oceania,0.28,0.32,157,157
Palau,PLW,2003,65.446,Oceania,0.37,0.32,157,157
Palau,PLW,2004,65.816,Oceania,0.37,0.32,157,157
Palau,PLW,2005,66.219,Oceania,0.4,0.32,157,157
Palau,PLW,2006,66.633,Oceania,0.41,0.32,157,157
Palau,PLW,2007,67.113,Oceania,0.48,0.32,157,157
Palau,PLW,2008,67.562,Oceania,0.45,0.32,157,157
Palau,PLW,2009,67.99,Oceania,0.43,0.32,157,157
Palau,PLW,2010,68.347,Oceania,0.36,0.32,157,157
Palau,PLW,2011,68.638,Oceania,0.29,0.32,157,157
Palau,PLW,2012,68.863,Oceania,0.22,0.32,157,157
Palau,PLW,2013,68.981,Oceania,0.12,0.32,157,157
Palau,PLW,2014,69.062,Oceania,0.08,0.32,157,157
Palau,PLW,2015,69.07,Oceania,0.01,0.32,157,157
Palau,PLW,2016,69.046,Oceania,-0.02,0.32,157,157
Palau,PLW,2017,69.019,Oceania,-0.03,0.32,157,157
Palau,PLW,2018,68.989,Oceania,-0.03,0.32,157,157
Palau,PLW,2019,68.982,Oceania,-0.01,0.32,157,157
Palau,PLW,2020,68.689,Oceania,-0.29,0.32,157,157
Palau,PLW,2021,68.563,Oceania,-0.13,0.32,157,157
Palau,PLW,2022,68.922,Oceania,0.36,0.32,157,157
Palau,PLW,2023,69.269,Oceania,0.35,0.32,157,157
Palau,PLW,2024,69.383,Oceania,0.11,0.32,157,157
Papua New Guinea,PNG,1960,45.805,Oceania,,2.06,185,185
Papua New Guinea,PNG,1961,46.425,Oceania,0.62,2.06,185,185
Papua New Guinea,PNG,1962,46.706,Oceania,0.28,2.06,185,185
Papua New Guinea,PNG,1963,47.674,Oceania,0.97,2.06,185,185
Papua New Guinea,PNG,1964,48.295,Oceania,0.62,2.06,185,185
Papua New Guinea,PNG,1965,48.927,Oceania,0.63,2.06,185,185
Papua New Guinea,PNG,1966,49.566,Oceania,0.64,2.06,185,185
Papua New Guinea,PNG,1967,50.247,Oceania,0.68,2.06,185,185
Papua New Guinea,PNG,1968,50.884,Oceania,0.64,2.06,185,185
Papua New Guinea,PNG,1969,51.523,Oceania,0.64,2.06,185,185
Papua New Guinea,PNG,1970,52.144,Oceania,0.62,2.06,185,185
Papua New Guinea,PNG,1971,52.593,Oceania,0.45,2.06,185,185
Papua New Guinea,PNG,1972,53.25,Oceania,0.66,2.06,185,185
Papua New Guinea,PNG,1973,53.853,Oceania,0.6,2.06,185,185
Papua New Guinea,PNG,1974,54.441,Oceania,0.59,2.06,185,185
Papua New Guinea,PNG,1975,54.984,Oceania,0.54,2.06,185,185
Papua New Guinea,PNG,1976,55.53,Oceania,0.55,2.06,185,185
Papua New Guinea,PNG,1977,56.05,Oceania,0.52,2.06,185,185
Papua New Guinea,PNG,1978,56.523,Oceania,0.47,2.06,185,185
Papua New Guinea,PNG,1979,56.967,Oceania,0.44,2.06,185,185
Papua New Guinea,PNG,1980,57.391,Oceania,0.42,2.06,185,185
Papua New Guinea,PNG,1981,57.76,Oceania,0.37,2.06,185,185
Papua New Guinea,PNG,1982,58.075,Oceania,0.32,2.06,185,185
Papua New Guinea,PNG,1983,58.294,Oceania,0.22,2.06,185,185
Papua New Guinea,PNG,1984,58.583,Oceania,0.29,2.06,185,185
Papua New Guinea,PNG,1985,58.804,Oceania,0.22,2.06,185,185
Papua New Guinea,PNG,1986,59.017,Oceania,0.21,2.06,185,185
Papua New Guinea,PNG,1987,59.232,Oceania,0.21,2.06,185,185
Papua New Guinea,PNG,1988,59.381,Oceania,0.15,2.06,185,185
Papua New Guinea,PNG,1989,59.598,Oceania,0.22,2.06,185,185
Papua New Guinea,PNG,1990,59.778,Oceania,0.18,2.06,185,185
Papua New Guinea,PNG,1991,59.94,Oceania,0.16,2.06,185,185
Papua New Guinea,PNG,1992,60.26,Oceania,0.32,2.06,185,185
Papua New Guinea,PNG,1993,60.466,Oceania,0.21,2.06,185,185
Papua New Guinea,PNG,1994,60.726,Oceania,0.26,2.06,185,185
Papua New Guinea,PNG,1995,60.929,Oceania,0.2,2.06,185,185
Papua New Guinea,PNG,1996,61.071,Oceania,0.14,2.06,185,185
Papua New Guinea,PNG,1997,61.27,Oceania,0.2,2.06,185,185
Papua New Guinea,PNG,1998,60.435,Oceania,-0.84,2.06,185,185
Papua New Guinea,PNG,1999,61.505,Oceania,1.07,2.06,185,185
Papua New Guinea,PNG,2000,61.609,Oceania,0.1,2.06,185,185
Papua New Guinea,PNG,2001,61.647,Oceania,0.04,2.06,185,185
Papua New Guinea,PNG,2002,61.643,Oceania,-0.0,2.06,185,185
Papua New Guinea,PNG,2003,61.741,Oceania,0.1,2.06,185,185
Papua New Guinea,PNG,2004,61.795,Oceania,0.05,2.06,185,185
Papua New Guinea,PNG,2005,61.868,Oceania,0.07,2.06,185,185
Papua New Guinea,PNG,2006,62.018,Oceania,0.15,2.06,185,185
Papua New Guinea,PNG,2007,62.211,Oceania,0.19,2.06,185,185
Papua New Guinea,PNG,2008,62.511,Oceania,0.3,2.06,185,185
Papua New Guinea,PNG,2009,62.772,Oceania,0.26,2.06,185,185
Papua New Guinea,PNG,2010,63.056,Oceania,0.28,2.06,185,185
Papua New Guinea,PNG,2011,63.382,Oceania,0.33,2.06,185,185
Papua New Guinea,PNG,2012,63.639,Oceania,0.26,2.06,185,185
Papua New Guinea,PNG,2013,63.927,Oceania,0.29,2.06,185,185
Papua New Guinea,PNG,2014,64.198,Oceania,0.27,2.06,185,185
Papua New Guinea,PNG,2015,64.473,Oceania,0.28,2.06,185,185
Papua New Guinea,PNG,2016,64.7,Oceania,0.23,2.06,185,185
Papua New Guinea,PNG,2017,64.923,Oceania,0.22,2.06,185,185
Papua New Guinea,PNG,2018,65.114,Oceania,0.19,2.06,185,185
Papua New Guinea,PNG,2019,65.331,Oceania,0.22,2.06,185,185
Papua New Guinea,PNG,2020,65.075,Oceania,-0.26,2.06,185,185
Papua New Guinea,PNG,2021,64.358,Oceania,-0.72,2.06,185,185
Papua New Guinea,PNG,2022,65.274,Oceania,0.92,2.06,185,185
Papua New Guinea,PNG,2023,66.134,Oceania,0.86,2.06,185,185
Papua New Guinea,PNG,2024,66.256,Oceania,0.12,2.06,185,185
Poland,POL,1960,67.68048780487806,Europe,,0.81,62,62
Poland,POL,1961,67.77804878048781,Europe,0.1,0.81,62,62
Poland,POL,1962,67.4268292682927,Europe,-0.35,0.81,62,62
Poland,POL,1963,68.37560975609757,Europe,0.95,0.81,62,62
Poland,POL,1964,68.62926829268294,Europe,0.25,0.81,62,62
Poland,POL,1965,69.42926829268292,Europe,0.8,0.81,62,62
Poland,POL,1966,69.8268292682927,Europe,0.4,0.81,62,62
Poland,POL,1967,69.42439024390244,Europe,-0.4,0.81,62,62
Poland,POL,1968,70.21951219512195,Europe,0.8,0.81,62,62
Poland,POL,1969,69.71951219512196,Europe,-0.5,0.81,62,62
Poland,POL,1970,69.86829268292684,Europe,0.15,0.81,62,62
Poland,POL,1971,69.61219512195122,Europe,-0.26,0.81,62,62
Poland,POL,1972,70.66585365853659,Europe,1.05,0.81,62,62
Poland,POL,1973,70.66341463414635,Europe,-0.0,0.81,62,62
Poland,POL,1974,71.11707317073171,Europe,0.45,0.81,62,62
Poland,POL,1975,70.56097560975611,Europe,-0.56,0.81,62,62
Poland,POL,1976,70.65609756097561,Europe,0.1,0.81,62,62
Poland,POL,1977,70.40243902439025,Europe,-0.25,0.81,62,62
Poland,POL,1978,70.35121951219514,Europe,-0.05,0.81,62,62
Poland,POL,1979,70.75121951219514,Europe,0.4,0.81,62,62
Poland,POL,1980,70.09756097560975,Europe,-0.65,0.81,62,62
Poland,POL,1981,71.05121951219513,Europe,0.95,0.81,62,62
Poland,POL,1982,71.10243902439025,Europe,0.05,0.81,62,62
Poland,POL,1983,71.00000000000001,Europe,-0.1,0.81,62,62
Poland,POL,1984,70.8,Europe,-0.2,0.81,62,62
Poland,POL,1985,70.54878048780489,Europe,-0.25,0.81,62,62
Poland,POL,1986,70.84878048780489,Europe,0.3,0.81,62,62
Poland,POL,1987,70.89756097560976,Europe,0.05,0.81,62,62
Poland,POL,1988,71.33170731707318,Europe,0.43,0.81,62,62
Poland,POL,1989,71.0439024390244,Europe,-0.29,0.81,62,62
Poland,POL,1990,70.89024390243902,Europe,-0.15,0.81,62,62
Poland,POL,1991,70.58780487804879,Europe,-0.3,0.81,62,62
Poland,POL,1992,71.09024390243904,Europe,0.5,0.81,62,62
Poland,POL,1993,71.59512195121953,Europe,0.5,0.81,62,62
Poland,POL,1994,71.69512195121952,Europe,0.1,0.81,62,62
Poland,POL,1995,71.89268292682927,Europe,0.2,0.81,62,62
Poland,POL,1996,72.24634146341464,Europe,0.35,0.81,62,62
Poland,POL,1997,72.64634146341464,Europe,0.4,0.81,62,62
Poland,POL,1998,72.99756097560977,Europe,0.35,0.81,62,62
Poland,POL,1999,73.04390243902441,Europe,0.05,0.81,62,62
Poland,POL,2000,73.74878048780488,Europe,0.7,0.81,62,62
Poland,POL,2001,74.20000000000002,Europe,0.45,0.81,62,62
Poland,POL,2002,74.49756097560977,Europe,0.3,0.81,62,62
Poland,POL,2003,74.59756097560977,Europe,0.1,0.81,62,62
Poland,POL,2004,74.84634146341465,Europe,0.25,0.81,62,62
Poland,POL,2005,74.99512195121952,Europe,0.15,0.81,62,62
Poland,POL,2006,75.1439024390244,Europe,0.15,0.81,62,62
Poland,POL,2007,75.2439024390244,Europe,0.1,0.81,62,62
Poland,POL,2008,75.54390243902441,Europe,0.3,0.81,62,62
Poland,POL,2009,75.69512195121952,Europe,0.15,0.81,62,62
Poland,POL,2010,76.24634146341464,Europe,0.55,0.81,62,62
Poland,POL,2011,76.69512195121952,Europe,0.45,0.81,62,62
Poland,POL,2012,76.74634146341464,Europe,0.05,0.81,62,62
Poland,POL,2013,77.00000000000001,Europe,0.25,0.81,62,62
Poland,POL,2014,77.60243902439025,Europe,0.6,0.81,62,62
Poland,POL,2015,77.45121951219512,Europe,-0.15,0.81,62,62
Poland,POL,2016,77.85121951219514,Europe,0.4,0.81,62,62
Poland,POL,2017,77.75365853658538,Europe,-0.1,0.81,62,62
Poland,POL,2018,77.60243902439025,Europe,-0.15,0.81,62,62
Poland,POL,2019,77.90487804878049,Europe,0.3,0.81,62,62
Poland,POL,2020,76.4,Europe,-1.5,0.81,62,62
Poland,POL,2021,75.35121951219514,Europe,-1.05,0.81,62,62
Poland,POL,2022,77.15609756097562,Europe,1.8,0.81,62,62
Poland,POL,2023,78.25853658536586,Europe,1.1,0.81,62,62
Poland,POL,2024,78.40975609756099,Europe,0.15,0.81,62,62
Puerto Rico (US),PRI,1960,68.627,America,,1.86,38,38
Puerto Rico (US),PRI,1961,68.528,America,-0.1,1.86,38,38
Puerto Rico (US),PRI,1962,68.863,America,0.33,1.86,38,38
Puerto Rico (US),PRI,1963,68.727,America,-0.14,1.86,38,38
Puerto Rico (US),PRI,1964,68.242,America,-0.48,1.86,38,38
Puerto Rico (US),PRI,1965,69.289,America,1.05,1.86,38,38
Puerto Rico (US),PRI,1966,70.223,America,0.93,1.86,38,38
Puerto Rico (US),PRI,1967,70.699,America,0.48,1.86,38,38
Puerto Rico (US),PRI,1968,70.566,America,-0.13,1.86,38,38
Puerto Rico (US),PRI,1969,70.511,America,-0.06,1.86,38,38
Puerto Rico (US),PRI,1970,70.352,America,-0.16,1.86,38,38
Puerto Rico (US),PRI,1971,71.084,America,0.73,1.86,38,38
Puerto Rico (US),PRI,1972,70.813,America,-0.27,1.86,38,38
Puerto Rico (US),PRI,1973,70.949,America,0.14,1.86,38,38
Puerto Rico (US),PRI,1974,71.324,America,0.38,1.86,38,38
Puerto Rico (US),PRI,1975,71.963,America,0.64,1.86,38,38
Puerto Rico (US),PRI,1976,72.08,America,0.12,1.86,38,38
Puerto Rico (US),PRI,1977,72.401,America,0.32,1.86,38,38
Puerto Rico (US),PRI,1978,72.528,America,0.13,1.86,38,38
Puerto Rico (US),PRI,1979,72.718,America,0.19,1.86,38,38
Puerto Rico (US),PRI,1980,73.101,America,0.38,1.86,38,38
Puerto Rico (US),PRI,1981,72.981,America,-0.12,1.86,38,38
Puerto Rico (US),PRI,1982,72.949,America,-0.03,1.86,38,38
Puerto Rico (US),PRI,1983,73.375,America,0.43,1.86,38,38
Puerto Rico (US),PRI,1984,73.427,America,0.05,1.86,38,38
Puerto Rico (US),PRI,1985,72.633,America,-0.79,1.86,38,38
Puerto Rico (US),PRI,1986,73.272,America,0.64,1.86,38,38
Puerto Rico (US),PRI,1987,73.402,America,0.13,1.86,38,38
Puerto Rico (US),PRI,1988,73.153,America,-0.25,1.86,38,38
Puerto Rico (US),PRI,1989,72.479,America,-0.67,1.86,38,38
Puerto Rico (US),PRI,1990,72.827,America,0.35,1.86,38,38
Puerto Rico (US),PRI,1991,73.877,America,1.05,1.86,38,38
Puerto Rico (US),PRI,1992,73.387,America,-0.49,1.86,38,38
Puerto Rico (US),PRI,1993,73.309,America,-0.08,1.86,38,38
Puerto Rico (US),PRI,1994,73.622,America,0.31,1.86,38,38
Puerto Rico (US),PRI,1995,73.571,America,-0.05,1.86,38,38
Puerto Rico (US),PRI,1996,73.995,America,0.42,1.86,38,38
Puerto Rico (US),PRI,1997,74.674,America,0.68,1.86,38,38
Puerto Rico (US),PRI,1998,74.556,America,-0.12,1.86,38,38
Puerto Rico (US),PRI,1999,75.278,America,0.72,1.86,38,38
Puerto Rico (US),PRI,2000,75.514,America,0.24,1.86,38,38
Puerto Rico (US),PRI,2001,75.972,America,0.46,1.86,38,38
Puerto Rico (US),PRI,2002,76.819,America,0.85,1.86,38,38
Puerto Rico (US),PRI,2003,76.941,America,0.12,1.86,38,38
Puerto Rico (US),PRI,2004,76.913,America,-0.03,1.86,38,38
Puerto Rico (US),PRI,2005,76.703,America,-0.21,1.86,38,38
Puerto Rico (US),PRI,2006,77.561,America,0.86,1.86,38,38
Puerto Rico (US),PRI,2007,77.659,America,0.1,1.86,38,38
Puerto Rico (US),PRI,2008,78.111,America,0.45,1.86,38,38
Puerto Rico (US),PRI,2009,78.377,America,0.27,1.86,38,38
Puerto Rico (US),PRI,2010,78.717,America,0.34,1.86,38,38
Puerto Rico (US),PRI,2011,78.766,America,0.05,1.86,38,38
Puerto Rico (US),PRI,2012,79.258,America,0.49,1.86,38,38
Puerto Rico (US),PRI,2013,80.318,America,1.06,1.86,38,38
Puerto Rico (US),PRI,2014,80.039,America,-0.28,1.86,38,38
Puerto Rico (US),PRI,2015,80.677,America,0.64,1.86,38,38
Puerto Rico (US),PRI,2016,80.355,America,-0.32,1.86,38,38
Puerto Rico (US),PRI,2017,79.07,America,-1.29,1.86,38,38
Puerto Rico (US),PRI,2018,81.086,America,2.02,1.86,38,38
Puerto Rico (US),PRI,2019,81.438,America,0.35,1.86,38,38
Puerto Rico (US),PRI,2020,80.009,America,-1.43,1.86,38,38
Puerto Rico (US),PRI,2021,79.77,America,-0.24,1.86,38,38
Puerto Rico (US),PRI,2022,79.427,America,-0.34,1.86,38,38
Puerto Rico (US),PRI,2023,81.69,America,2.26,1.86,38,38
Puerto Rico (US),PRI,2024,81.902,America,0.21,1.86,38,38
"Korea, Dem. People's Rep.",PRK,1960,55.814,Asia,,1.29,119,119
"Korea, Dem. People's Rep.",PRK,1961,56.408,Asia,0.59,1.29,119,119
"Korea, Dem. People's Rep.",PRK,1962,56.998,Asia,0.59,1.29,119,119
"Korea, Dem. People's Rep.",PRK,1963,57.578,Asia,0.58,1.29,119,119
"Korea, Dem. People's Rep.",PRK,1964,58.17,Asia,0.59,1.29,119,119
"Korea, Dem. People's Rep.",PRK,1965,58.785,Asia,0.61,1.29,119,119
"Korea, Dem. People's Rep.",PRK,1966,59.423,Asia,0.64,1.29,119,119
"Korea, Dem. People's Rep.",PRK,1967,60.087,Asia,0.66,1.29,119,119
"Korea, Dem. People's Rep.",PRK,1968,60.757,Asia,0.67,1.29,119,119
"Korea, Dem. People's Rep.",PRK,1969,61.411,Asia,0.65,1.29,119,119
"Korea, Dem. People's Rep.",PRK,1970,62.049,Asia,0.64,1.29,119,119
"Korea, Dem. People's Rep.",PRK,1971,62.663,Asia,0.61,1.29,119,119
"Korea, Dem. People's Rep.",PRK,1972,63.254,Asia,0.59,1.29,119,119
"Korea, Dem. People's Rep.",PRK,1973,63.816,Asia,0.56,1.29,119,119
"Korea, Dem. People's Rep.",PRK,1974,64.335,Asia,0.52,1.29,119,119
"Korea, Dem. People's Rep.",PRK,1975,64.831,Asia,0.5,1.29,119,119
"Korea, Dem. People's Rep.",PRK,1976,65.325,Asia,0.49,1.29,119,119
"Korea, Dem. People's Rep.",PRK,1977,65.811,Asia,0.49,1.29,119,119
"Korea, Dem. People's Rep.",PRK,1978,66.292,Asia,0.48,1.29,119,119
"Korea, Dem. People's Rep.",PRK,1979,66.748,Asia,0.46,1.29,119,119
"Korea, Dem. People's Rep.",PRK,1980,67.208,Asia,0.46,1.29,119,119
"Korea, Dem. People's Rep.",PRK,1981,67.657,Asia,0.45,1.29,119,119
"Korea, Dem. People's Rep.",PRK,1982,68.09,Asia,0.43,1.29,119,119
"Korea, Dem. People's Rep.",PRK,1983,68.503,Asia,0.41,1.29,119,119
"Korea, Dem. People's Rep.",PRK,1984,68.881,Asia,0.38,1.29,119,119
"Korea, Dem. People's Rep.",PRK,1985,69.231,Asia,0.35,1.29,119,119
"Korea, Dem. People's Rep.",PRK,1986,69.541,Asia,0.31,1.29,119,119
"Korea, Dem. People's Rep.",PRK,1987,69.767,Asia,0.23,1.29,119,119
"Korea, Dem. People's Rep.",PRK,1988,70.052,Asia,0.29,1.29,119,119
"Korea, Dem. People's Rep.",PRK,1989,70.269,Asia,0.22,1.29,119,119
"Korea, Dem. People's Rep.",PRK,1990,70.484,Asia,0.21,1.29,119,119
"Korea, Dem. People's Rep.",PRK,1991,70.717,Asia,0.23,1.29,119,119
"Korea, Dem. People's Rep.",PRK,1992,71.009,Asia,0.29,1.29,119,119
"Korea, Dem. People's Rep.",PRK,1993,70.794,Asia,-0.22,1.29,119,119
"Korea, Dem. People's Rep.",PRK,1994,70.472,Asia,-0.32,1.29,119,119
"Korea, Dem. People's Rep.",PRK,1995,60.766,Asia,-9.71,1.29,119,119
"Korea, Dem. People's Rep.",PRK,1996,60.82,Asia,0.05,1.29,119,119
"Korea, Dem. People's Rep.",PRK,1997,60.869,Asia,0.05,1.29,119,119
"Korea, Dem. People's Rep.",PRK,1998,60.887,Asia,0.02,1.29,119,119
"Korea, Dem. People's Rep.",PRK,1999,60.91,Asia,0.02,1.29,119,119
"Korea, Dem. People's Rep.",PRK,2000,60.911,Asia,0.0,1.29,119,119
"Korea, Dem. People's Rep.",PRK,2001,60.893,Asia,-0.02,1.29,119,119
"Korea, Dem. People's Rep.",PRK,2002,60.877,Asia,-0.02,1.29,119,119
"Korea, Dem. People's Rep.",PRK,2003,69.399,Asia,8.52,1.29,119,119
"Korea, Dem. People's Rep.",PRK,2004,69.294,Asia,-0.11,1.29,119,119
"Korea, Dem. People's Rep.",PRK,2005,69.168,Asia,-0.13,1.29,119,119
"Korea, Dem. People's Rep.",PRK,2006,69.061,Asia,-0.11,1.29,119,119
"Korea, Dem. People's Rep.",PRK,2007,69.021,Asia,-0.04,1.29,119,119
"Korea, Dem. People's Rep.",PRK,2008,69.303,Asia,0.28,1.29,119,119
"Korea, Dem. People's Rep.",PRK,2009,69.702,Asia,0.4,1.29,119,119
"Korea, Dem. People's Rep.",PRK,2010,70.246,Asia,0.54,1.29,119,119
"Korea, Dem. People's Rep.",PRK,2011,70.772,Asia,0.53,1.29,119,119
"Korea, Dem. People's Rep.",PRK,2012,71.317,Asia,0.54,1.29,119,119
"Korea, Dem. People's Rep.",PRK,2013,71.867,Asia,0.55,1.29,119,119
"Korea, Dem. People's Rep.",PRK,2014,72.451,Asia,0.58,1.29,119,119
"Korea, Dem. People's Rep.",PRK,2015,72.825,Asia,0.37,1.29,119,119
"Korea, Dem. People's Rep.",PRK,2016,72.971,Asia,0.15,1.29,119,119
"Korea, Dem. People's Rep.",PRK,2017,73.034,Asia,0.06,1.29,119,119
"Korea, Dem. People's Rep.",PRK,2018,73.02,Asia,-0.01,1.29,119,119
"Korea, Dem. People's Rep.",PRK,2019,72.928,Asia,-0.09,1.29,119,119
"Korea, Dem. People's Rep.",PRK,2020,72.783,Asia,-0.14,1.29,119,119
"Korea, Dem. People's Rep.",PRK,2021,73.437,Asia,0.65,1.29,119,119
"Korea, Dem. People's Rep.",PRK,2022,73.641,Asia,0.2,1.29,119,119
"Korea, Dem. People's Rep.",PRK,2023,73.642,Asia,0.0,1.29,119,119
"Korea, Dem. People's Rep.",PRK,2024,73.743,Asia,0.1,1.29,119,119
Portugal,PRT,1960,64.00746341463416,Europe,,1.26,29,29
Portugal,PRT,1961,62.66651219512196,Europe,-1.34,1.26,29,29
Portugal,PRT,1962,64.1810243902439,Europe,1.51,1.26,29,29
Portugal,PRT,1963,64.78839024390244,Europe,0.61,1.26,29,29
Portugal,PRT,1964,64.98339024390245,Europe,0.2,1.26,29,29
Portugal,PRT,1965,65.96046341463415,Europe,0.98,1.26,29,29
Portugal,PRT,1966,65.48765853658539,Europe,-0.47,1.26,29,29
Portugal,PRT,1967,66.33407317073171,Europe,0.85,1.26,29,29
Portugal,PRT,1968,66.67819512195122,Europe,0.34,1.26,29,29
Portugal,PRT,1969,66.27817073170732,Europe,-0.4,1.26,29,29
Portugal,PRT,1970,67.07317073170732,Europe,0.8,1.26,29,29
Portugal,PRT,1971,66.77073170731708,Europe,-0.3,1.26,29,29
Portugal,PRT,1972,68.32439024390244,Europe,1.55,1.26,29,29
Portugal,PRT,1973,67.52439024390245,Europe,-0.8,1.26,29,29
Portugal,PRT,1974,68.01951219512196,Europe,0.5,1.26,29,29
Portugal,PRT,1975,68.30975609756098,Europe,0.29,1.26,29,29
Portugal,PRT,1976,68.8609756097561,Europe,0.55,1.26,29,29
Portugal,PRT,1977,70.01219512195122,Europe,1.15,1.26,29,29
Portugal,PRT,1978,70.31707317073172,Europe,0.3,1.26,29,29
Portugal,PRT,1979,71.16829268292685,Europe,0.85,1.26,29,29
Portugal,PRT,1980,71.21463414634147,Europe,0.05,1.26,29,29
Portugal,PRT,1981,71.61463414634147,Europe,0.4,1.26,29,29
Portugal,PRT,1982,72.41463414634147,Europe,0.8,1.26,29,29
Portugal,PRT,1983,72.2658536585366,Europe,-0.15,1.26,29,29
Portugal,PRT,1984,72.51463414634145,Europe,0.25,1.26,29,29
Portugal,PRT,1985,72.81463414634148,Europe,0.3,1.26,29,29
Portugal,PRT,1986,73.26585365853659,Europe,0.45,1.26,29,29
Portugal,PRT,1987,73.66585365853659,Europe,0.4,1.26,29,29
Portugal,PRT,1988,73.71463414634147,Europe,0.05,1.26,29,29
Portugal,PRT,1989,74.2658536585366,Europe,0.55,1.26,29,29
Portugal,PRT,1990,73.96585365853659,Europe,-0.3,1.26,29,29
Portugal,PRT,1991,74.01463414634146,Europe,0.05,1.26,29,29
Portugal,PRT,1992,74.31219512195123,Europe,0.3,1.26,29,29
Portugal,PRT,1993,74.51219512195122,Europe,0.2,1.26,29,29
Portugal,PRT,1994,74.91463414634147,Europe,0.4,1.26,29,29
Portugal,PRT,1995,75.31219512195122,Europe,0.4,1.26,29,29
Portugal,PRT,1996,75.26097560975612,Europe,-0.05,1.26,29,29
Portugal,PRT,1997,75.41219512195123,Europe,0.15,1.26,29,29
Portugal,PRT,1998,75.71219512195123,Europe,0.3,1.26,29,29
Portugal,PRT,1999,75.96341463414635,Europe,0.25,1.26,29,29
Portugal,PRT,2000,76.31463414634148,Europe,0.35,1.26,29,29
Portugal,PRT,2001,76.81463414634149,Europe,0.5,1.26,29,29
Portugal,PRT,2002,77.0658536585366,Europe,0.25,1.26,29,29
Portugal,PRT,2003,77.21951219512196,Europe,0.15,1.26,29,29
Portugal,PRT,2004,77.67073170731709,Europe,0.45,1.26,29,29
Portugal,PRT,2005,78.0707317073171,Europe,0.4,1.26,29,29
Portugal,PRT,2006,78.41951219512195,Europe,0.35,1.26,29,29
Portugal,PRT,2007,78.3219512195122,Europe,-0.1,1.26,29,29
Portugal,PRT,2008,78.52439024390246,Europe,0.2,1.26,29,29
Portugal,PRT,2009,78.72682926829269,Europe,0.2,1.26,29,29
Portugal,PRT,2010,79.02682926829269,Europe,0.3,1.26,29,29
Portugal,PRT,2011,80.47073170731709,Europe,1.44,1.26,29,29
Portugal,PRT,2012,80.37317073170732,Europe,-0.1,1.26,29,29
Portugal,PRT,2013,80.7219512195122,Europe,0.35,1.26,29,29
Portugal,PRT,2014,81.12195121951221,Europe,0.4,1.26,29,29
Portugal,PRT,2015,81.12439024390245,Europe,0.0,1.26,29,29
Portugal,PRT,2016,81.12439024390245,Europe,0.0,1.26,29,29
Portugal,PRT,2017,81.42439024390245,Europe,0.3,1.26,29,29
Portugal,PRT,2018,81.32439024390244,Europe,-0.1,1.26,29,29
Portugal,PRT,2019,81.67560975609757,Europe,0.35,1.26,29,29
Portugal,PRT,2020,81.32926829268293,Europe,-0.35,1.26,29,29
Portugal,PRT,2021,81.3780487804878,Europe,0.05,1.26,29,29
Portugal,PRT,2022,81.6317073170732,Europe,0.25,1.26,29,29
Portugal,PRT,2023,82.32926829268294,Europe,0.7,1.26,29,29
Portugal,PRT,2024,82.3829268292683,Europe,0.05,1.26,29,29
Paraguay,PRY,1960,60.197,America,,0.57,115,115
Paraguay,PRY,1961,60.517,America,0.32,0.57,115,115
Paraguay,PRY,1962,60.816,America,0.3,0.57,115,115
Paraguay,PRY,1963,61.101,America,0.28,0.57,115,115
Paraguay,PRY,1964,61.368,America,0.27,0.57,115,115
Paraguay,PRY,1965,61.606,America,0.24,0.57,115,115
Paraguay,PRY,1966,61.832,America,0.23,0.57,115,115
Paraguay,PRY,1967,62.025,America,0.19,0.57,115,115
Paraguay,PRY,1968,62.208,America,0.18,0.57,115,115
Paraguay,PRY,1969,62.385,America,0.18,0.57,115,115
Paraguay,PRY,1970,62.554,America,0.17,0.57,115,115
Paraguay,PRY,1971,62.726,America,0.17,0.57,115,115
Paraguay,PRY,1972,62.89,America,0.16,0.57,115,115
Paraguay,PRY,1973,63.059,America,0.17,0.57,115,115
Paraguay,PRY,1974,63.231,America,0.17,0.57,115,115
Paraguay,PRY,1975,63.435,America,0.2,0.57,115,115
Paraguay,PRY,1976,63.654,America,0.22,0.57,115,115
Paraguay,PRY,1977,63.86,America,0.21,0.57,115,115
Paraguay,PRY,1978,64.078,America,0.22,0.57,115,115
Paraguay,PRY,1979,64.298,America,0.22,0.57,115,115
Paraguay,PRY,1980,64.553,America,0.25,0.57,115,115
Paraguay,PRY,1981,64.811,America,0.26,0.57,115,115
Paraguay,PRY,1982,65.076,America,0.26,0.57,115,115
Paraguay,PRY,1983,65.293,America,0.22,0.57,115,115
Paraguay,PRY,1984,65.609,America,0.32,0.57,115,115
Paraguay,PRY,1985,65.893,America,0.28,0.57,115,115
Paraguay,PRY,1986,66.172,America,0.28,0.57,115,115
Paraguay,PRY,1987,66.454,America,0.28,0.57,115,115
Paraguay,PRY,1988,66.71,America,0.26,0.57,115,115
Paraguay,PRY,1989,66.922,America,0.21,0.57,115,115
Paraguay,PRY,1990,67.341,America,0.42,0.57,115,115
Paraguay,PRY,1991,67.676,America,0.34,0.57,115,115
Paraguay,PRY,1992,67.961,America,0.28,0.57,115,115
Paraguay,PRY,1993,68.234,America,0.27,0.57,115,115
Paraguay,PRY,1994,68.504,America,0.27,0.57,115,115
Paraguay,PRY,1995,68.778,America,0.27,0.57,115,115
Paraguay,PRY,1996,69.05,America,0.27,0.57,115,115
Paraguay,PRY,1997,69.284,America,0.23,0.57,115,115
Paraguay,PRY,1998,69.507,America,0.22,0.57,115,115
Paraguay,PRY,1999,69.774,America,0.27,0.57,115,115
Paraguay,PRY,2000,70.026,America,0.25,0.57,115,115
Paraguay,PRY,2001,70.281,America,0.26,0.57,115,115
Paraguay,PRY,2002,70.539,America,0.26,0.57,115,115
Paraguay,PRY,2003,70.795,America,0.26,0.57,115,115
Paraguay,PRY,2004,71.054,America,0.26,0.57,115,115
Paraguay,PRY,2005,71.317,America,0.26,0.57,115,115
Paraguay,PRY,2006,71.584,America,0.27,0.57,115,115
Paraguay,PRY,2007,71.817,America,0.23,0.57,115,115
Paraguay,PRY,2008,72.047,America,0.23,0.57,115,115
Paraguay,PRY,2009,72.282,America,0.23,0.57,115,115
Paraguay,PRY,2010,72.551,America,0.27,0.57,115,115
Paraguay,PRY,2011,72.787,America,0.24,0.57,115,115
Paraguay,PRY,2012,73.105,America,0.32,0.57,115,115
Paraguay,PRY,2013,73.292,America,0.19,0.57,115,115
Paraguay,PRY,2014,73.415,America,0.12,0.57,115,115
Paraguay,PRY,2015,73.454,America,0.04,0.57,115,115
Paraguay,PRY,2016,73.487,America,0.03,0.57,115,115
Paraguay,PRY,2017,73.45,America,-0.04,0.57,115,115
Paraguay,PRY,2018,73.627,America,0.18,0.57,115,115
Paraguay,PRY,2019,73.668,America,0.04,0.57,115,115
Paraguay,PRY,2020,72.72,America,-0.95,0.57,115,115
Paraguay,PRY,2021,68.108,America,-4.61,0.57,115,115
Paraguay,PRY,2022,72.319,America,4.21,0.57,115,115
Paraguay,PRY,2023,73.844,America,1.52,0.57,115,115
Paraguay,PRY,2024,73.982,America,0.14,0.57,115,115
West Bank and Gaza,PSE,1990,67.803,Asia,,-3.57,160,160
West Bank and Gaza,PSE,1991,68.222,Asia,0.42,-3.57,160,160
West Bank and Gaza,PSE,1992,68.478,Asia,0.26,-3.57,160,160
West Bank and Gaza,PSE,1993,68.759,Asia,0.28,-3.57,160,160
West Bank and Gaza,PSE,1994,69.328,Asia,0.57,-3.57,160,160
West Bank and Gaza,PSE,1995,69.583,Asia,0.25,-3.57,160,160
West Bank and Gaza,PSE,1996,69.982,Asia,0.4,-3.57,160,160
West Bank and Gaza,PSE,1997,70.328,Asia,0.35,-3.57,160,160
West Bank and Gaza,PSE,1998,70.564,Asia,0.24,-3.57,160,160
West Bank and Gaza,PSE,1999,70.789,Asia,0.23,-3.57,160,160
West Bank and Gaza,PSE,2000,70.298,Asia,-0.49,-3.57,160,160
West Bank and Gaza,PSE,2001,69.75,Asia,-0.55,-3.57,160,160
West Bank and Gaza,PSE,2002,70.88,Asia,1.13,-3.57,160,160
West Bank and Gaza,PSE,2003,70.967,Asia,0.09,-3.57,160,160
West Bank and Gaza,PSE,2004,71.094,Asia,0.13,-3.57,160,160
West Bank and Gaza,PSE,2005,72.004,Asia,0.91,-3.57,160,160
West Bank and Gaza,PSE,2006,71.831,Asia,-0.17,-3.57,160,160
West Bank and Gaza,PSE,2007,72.064,Asia,0.23,-3.57,160,160
West Bank and Gaza,PSE,2008,72.204,Asia,0.14,-3.57,160,160
West Bank and Gaza,PSE,2009,72.306,Asia,0.1,-3.57,160,160
West Bank and Gaza,PSE,2010,73.302,Asia,1.0,-3.57,160,160
West Bank and Gaza,PSE,2011,73.557,Asia,0.25,-3.57,160,160
West Bank and Gaza,PSE,2012,73.722,Asia,0.16,-3.57,160,160
West Bank and Gaza,PSE,2013,74.14,Asia,0.42,-3.57,160,160
West Bank and Gaza,PSE,2014,72.781,Asia,-1.36,-3.57,160,160
West Bank and Gaza,PSE,2015,74.577,Asia,1.8,-3.57,160,160
West Bank and Gaza,PSE,2016,74.917,Asia,0.34,-3.57,160,160
West Bank and Gaza,PSE,2017,75.216,Asia,0.3,-3.57,160,160
West Bank and Gaza,PSE,2018,75.38,Asia,0.16,-3.57,160,160
West Bank and Gaza,PSE,2019,75.811,Asia,0.43,-3.57,160,160
West Bank and Gaza,PSE,2020,74.998,Asia,-0.81,-3.57,160,160
West Bank and Gaza,PSE,2021,73.89,Asia,-1.11,-3.57,160,160
West Bank and Gaza,PSE,2022,76.662,Asia,2.77,-3.57,160,160
West Bank and Gaza,PSE,2023,65.17,Asia,-11.49,-3.57,160,160
West Bank and Gaza,PSE,2024,69.213,Asia,4.04,-3.57,160,160
French Polynesia,PYF,1960,59.445,Oceania,,2.04,7,7
French Polynesia,PYF,1961,59.85,Oceania,0.41,2.04,7,7
French Polynesia,PYF,1962,60.201,Oceania,0.35,2.04,7,7
French Polynesia,PYF,1963,60.514,Oceania,0.31,2.04,7,7
French Polynesia,PYF,1964,60.797,Oceania,0.28,2.04,7,7
French Polynesia,PYF,1965,61.069,Oceania,0.27,2.04,7,7
French Polynesia,PYF,1966,61.353,Oceania,0.28,2.04,7,7
French Polynesia,PYF,1967,61.645,Oceania,0.29,2.04,7,7
French Polynesia,PYF,1968,61.931,Oceania,0.29,2.04,7,7
French Polynesia,PYF,1969,62.214,Oceania,0.28,2.04,7,7
French Polynesia,PYF,1970,62.495,Oceania,0.28,2.04,7,7
French Polynesia,PYF,1971,62.782,Oceania,0.29,2.04,7,7
French Polynesia,PYF,1972,63.082,Oceania,0.3,2.04,7,7
French Polynesia,PYF,1973,63.401,Oceania,0.32,2.04,7,7
French Polynesia,PYF,1974,63.778,Oceania,0.38,2.04,7,7
French Polynesia,PYF,1975,64.249,Oceania,0.47,2.04,7,7
French Polynesia,PYF,1976,64.761,Oceania,0.51,2.04,7,7
French Polynesia,PYF,1977,65.31,Oceania,0.55,2.04,7,7
French Polynesia,PYF,1978,65.891,Oceania,0.58,2.04,7,7
French Polynesia,PYF,1979,66.612,Oceania,0.72,2.04,7,7
French Polynesia,PYF,1980,67.405,Oceania,0.79,2.04,7,7
French Polynesia,PYF,1981,68.157,Oceania,0.75,2.04,7,7
French Polynesia,PYF,1982,68.922,Oceania,0.77,2.04,7,7
French Polynesia,PYF,1983,69.702,Oceania,0.78,2.04,7,7
French Polynesia,PYF,1984,70.559,Oceania,0.86,2.04,7,7
French Polynesia,PYF,1985,71.203,Oceania,0.64,2.04,7,7
French Polynesia,PYF,1986,71.967,Oceania,0.76,2.04,7,7
French Polynesia,PYF,1987,72.448,Oceania,0.48,2.04,7,7
French Polynesia,PYF,1988,73.088,Oceania,0.64,2.04,7,7
French Polynesia,PYF,1989,73.494,Oceania,0.41,2.04,7,7
French Polynesia,PYF,1990,73.908,Oceania,0.41,2.04,7,7
French Polynesia,PYF,1991,74.295,Oceania,0.39,2.04,7,7
French Polynesia,PYF,1992,74.746,Oceania,0.45,2.04,7,7
French Polynesia,PYF,1993,75.191,Oceania,0.45,2.04,7,7
French Polynesia,PYF,1994,75.65,Oceania,0.46,2.04,7,7
French Polynesia,PYF,1995,76.243,Oceania,0.59,2.04,7,7
French Polynesia,PYF,1996,76.813,Oceania,0.57,2.04,7,7
French Polynesia,PYF,1997,77.38,Oceania,0.57,2.04,7,7
French Polynesia,PYF,1998,77.842,Oceania,0.46,2.04,7,7
French Polynesia,PYF,1999,78.574,Oceania,0.73,2.04,7,7
French Polynesia,PYF,2000,79.0,Oceania,0.43,2.04,7,7
French Polynesia,PYF,2001,79.316,Oceania,0.32,2.04,7,7
French Polynesia,PYF,2002,79.544,Oceania,0.23,2.04,7,7
French Polynesia,PYF,2003,79.71,Oceania,0.17,2.04,7,7
French Polynesia,PYF,2004,79.829,Oceania,0.12,2.04,7,7
French Polynesia,PYF,2005,79.951,Oceania,0.12,2.04,7,7
French Polynesia,PYF,2006,80.1,Oceania,0.15,2.04,7,7
French Polynesia,PYF,2007,80.328,Oceania,0.23,2.04,7,7
French Polynesia,PYF,2008,80.587,Oceania,0.26,2.04,7,7
French Polynesia,PYF,2009,80.867,Oceania,0.28,2.04,7,7
French Polynesia,PYF,2010,81.141,Oceania,0.27,2.04,7,7
French Polynesia,PYF,2011,81.434,Oceania,0.29,2.04,7,7
French Polynesia,PYF,2012,81.695,Oceania,0.26,2.04,7,7
French Polynesia,PYF,2013,81.935,Oceania,0.24,2.04,7,7
French Polynesia,PYF,2014,82.151,Oceania,0.22,2.04,7,7
French Polynesia,PYF,2015,82.339,Oceania,0.19,2.04,7,7
French Polynesia,PYF,2016,82.555,Oceania,0.22,2.04,7,7
French Polynesia,PYF,2017,82.774,Oceania,0.22,2.04,7,7
French Polynesia,PYF,2018,82.985,Oceania,0.21,2.04,7,7
French Polynesia,PYF,2019,83.195,Oceania,0.21,2.04,7,7
French Polynesia,PYF,2020,82.459,Oceania,-0.74,2.04,7,7
French Polynesia,PYF,2021,79.571,Oceania,-2.89,2.04,7,7
French Polynesia,PYF,2022,83.859,Oceania,4.29,2.04,7,7
French Polynesia,PYF,2023,84.07,Oceania,0.21,2.04,7,7
French Polynesia,PYF,2024,84.192,Oceania,0.12,2.04,7,7
Qatar,QAT,1960,57.773,Asia,,1.13,27,27
Qatar,QAT,1961,58.502,Asia,0.73,1.13,27,27
Qatar,QAT,1962,59.226,Asia,0.72,1.13,27,27
Qatar,QAT,1963,59.96,Asia,0.73,1.13,27,27
Qatar,QAT,1964,60.7,Asia,0.74,1.13,27,27
Qatar,QAT,1965,61.441,Asia,0.74,1.13,27,27
Qatar,QAT,1966,62.171,Asia,0.73,1.13,27,27
Qatar,QAT,1967,62.884,Asia,0.71,1.13,27,27
Qatar,QAT,1968,63.577,Asia,0.69,1.13,27,27
Qatar,QAT,1969,64.246,Asia,0.67,1.13,27,27
Qatar,QAT,1970,64.889,Asia,0.64,1.13,27,27
Qatar,QAT,1971,65.49,Asia,0.6,1.13,27,27
Qatar,QAT,1972,66.07,Asia,0.58,1.13,27,27
Qatar,QAT,1973,66.629,Asia,0.56,1.13,27,27
Qatar,QAT,1974,67.165,Asia,0.54,1.13,27,27
Qatar,QAT,1975,67.679,Asia,0.51,1.13,27,27
Qatar,QAT,1976,68.172,Asia,0.49,1.13,27,27
Qatar,QAT,1977,68.639,Asia,0.47,1.13,27,27
Qatar,QAT,1978,69.083,Asia,0.44,1.13,27,27
Qatar,QAT,1979,69.507,Asia,0.42,1.13,27,27
Qatar,QAT,1980,69.915,Asia,0.41,1.13,27,27
Qatar,QAT,1981,70.313,Asia,0.4,1.13,27,27
Qatar,QAT,1982,70.704,Asia,0.39,1.13,27,27
Qatar,QAT,1983,71.089,Asia,0.39,1.13,27,27
Qatar,QAT,1984,71.465,Asia,0.38,1.13,27,27
Qatar,QAT,1985,71.831,Asia,0.37,1.13,27,27
Qatar,QAT,1986,72.184,Asia,0.35,1.13,27,27
Qatar,QAT,1987,72.52,Asia,0.34,1.13,27,27
Qatar,QAT,1988,72.836,Asia,0.32,1.13,27,27
Qatar,QAT,1989,73.131,Asia,0.3,1.13,27,27
Qatar,QAT,1990,73.405,Asia,0.27,1.13,27,27
Qatar,QAT,1991,73.654,Asia,0.25,1.13,27,27
Qatar,QAT,1992,73.876,Asia,0.22,1.13,27,27
Qatar,QAT,1993,74.071,Asia,0.19,1.13,27,27
Qatar,QAT,1994,74.245,Asia,0.17,1.13,27,27
Qatar,QAT,1995,74.404,Asia,0.16,1.13,27,27
Qatar,QAT,1996,74.558,Asia,0.15,1.13,27,27
Qatar,QAT,1997,74.713,Asia,0.15,1.13,27,27
Qatar,QAT,1998,74.872,Asia,0.16,1.13,27,27
Qatar,QAT,1999,75.048,Asia,0.18,1.13,27,27
Qatar,QAT,2000,75.25,Asia,0.2,1.13,27,27
Qatar,QAT,2001,75.486,Asia,0.24,1.13,27,27
Qatar,QAT,2002,75.766,Asia,0.28,1.13,27,27
Qatar,QAT,2003,76.097,Asia,0.33,1.13,27,27
Qatar,QAT,2004,76.484,Asia,0.39,1.13,27,27
Qatar,QAT,2005,76.909,Asia,0.43,1.13,27,27
Qatar,QAT,2006,77.323,Asia,0.41,1.13,27,27
Qatar,QAT,2007,77.741,Asia,0.42,1.13,27,27
Qatar,QAT,2008,78.262,Asia,0.52,1.13,27,27
Qatar,QAT,2009,78.837,Asia,0.58,1.13,27,27
Qatar,QAT,2010,79.444,Asia,0.61,1.13,27,27
Qatar,QAT,2011,79.994,Asia,0.55,1.13,27,27
Qatar,QAT,2012,80.499,Asia,0.5,1.13,27,27
Qatar,QAT,2013,80.974,Asia,0.48,1.13,27,27
Qatar,QAT,2014,81.395,Asia,0.42,1.13,27,27
Qatar,QAT,2015,81.785,Asia,0.39,1.13,27,27
Qatar,QAT,2016,82.147,Asia,0.36,1.13,27,27
Qatar,QAT,2017,82.458,Asia,0.31,1.13,27,27
Qatar,QAT,2018,82.714,Asia,0.26,1.13,27,27
Qatar,QAT,2019,82.945,Asia,0.23,1.13,27,27
Qatar,QAT,2020,80.409,Asia,-2.54,1.13,27,27
Qatar,QAT,2021,81.083,Asia,0.67,1.13,27,27
Qatar,QAT,2022,81.857,Asia,0.77,1.13,27,27
Qatar,QAT,2023,82.368,Asia,0.51,1.13,27,27
Qatar,QAT,2024,82.522,Asia,0.15,1.13,27,27
Romania,ROU,1960,65.86053658536586,Europe,,1.55,94,94
Romania,ROU,1961,65.87714634146343,Europe,0.02,1.55,94,94
Romania,ROU,1962,65.25565853658537,Europe,-0.62,1.55,94,94
Romania,ROU,1963,67.07170731707318,Europe,1.82,1.55,94,94
Romania,ROU,1964,67.84512195121953,Europe,0.77,1.55,94,94
Romania,ROU,1965,67.70726829268293,Europe,-0.14,1.55,94,94
Romania,ROU,1966,68.89765853658538,Europe,1.19,1.55,94,94
Romania,ROU,1967,67.51595121951219,Europe,-1.38,1.55,94,94
Romania,ROU,1968,67.56036585365854,Europe,0.04,1.55,94,94
Romania,ROU,1969,66.69207317073172,Europe,-0.87,1.55,94,94
Romania,ROU,1970,67.48241463414635,Europe,0.79,1.55,94,94
Romania,ROU,1971,68.50414634146341,Europe,1.02,1.55,94,94
Romania,ROU,1972,68.47024390243904,Europe,-0.03,1.55,94,94
Romania,ROU,1973,69.00560975609757,Europe,0.54,1.55,94,94
Romania,ROU,1974,69.49975609756099,Europe,0.49,1.55,94,94
Romania,ROU,1975,69.6139024390244,Europe,0.11,1.55,94,94
Romania,ROU,1976,69.69878048780488,Europe,0.08,1.55,94,94
Romania,ROU,1977,69.7419512195122,Europe,0.04,1.55,94,94
Romania,ROU,1978,69.48048780487805,Europe,-0.26,1.55,94,94
Romania,ROU,1979,69.15317073170733,Europe,-0.33,1.55,94,94
Romania,ROU,1980,69.09097560975611,Europe,-0.06,1.55,94,94
Romania,ROU,1981,69.36829268292684,Europe,0.28,1.55,94,94
Romania,ROU,1982,69.53170731707318,Europe,0.16,1.55,94,94
Romania,ROU,1983,69.72634146341466,Europe,0.19,1.55,94,94
Romania,ROU,1984,69.65878048780489,Europe,-0.07,1.55,94,94
Romania,ROU,1985,69.7068292682927,Europe,0.05,1.55,94,94
Romania,ROU,1986,69.49634146341464,Europe,-0.21,1.55,94,94
Romania,ROU,1987,69.22682926829269,Europe,-0.27,1.55,94,94
Romania,ROU,1988,69.38804878048781,Europe,0.16,1.55,94,94
Romania,ROU,1989,69.53073170731709,Europe,0.14,1.55,94,94
Romania,ROU,1990,69.74121951219513,Europe,0.21,1.55,94,94
Romania,ROU,1991,69.78439024390244,Europe,0.04,1.55,94,94
Romania,ROU,1992,69.78439024390244,Europe,0.0,1.55,94,94
Romania,ROU,1993,69.56341463414635,Europe,-0.22,1.55,94,94
Romania,ROU,1994,69.50975609756098,Europe,-0.05,1.55,94,94
Romania,ROU,1995,69.4560975609756,Europe,-0.05,1.55,94,94
Romania,ROU,1996,69.10487804878049,Europe,-0.35,1.55,94,94
Romania,ROU,1997,69.0048780487805,Europe,-0.1,1.55,94,94
Romania,ROU,1998,69.80731707317075,Europe,0.8,1.55,94,94
Romania,ROU,1999,70.51219512195124,Europe,0.7,1.55,94,94
Romania,ROU,2000,71.16341463414635,Europe,0.65,1.55,94,94
Romania,ROU,2001,71.16097560975611,Europe,-0.0,1.55,94,94
Romania,ROU,2002,71.00975609756098,Europe,-0.15,1.55,94,94
Romania,ROU,2003,71.30975609756098,Europe,0.3,1.55,94,94
Romania,ROU,2004,71.5609756097561,Europe,0.25,1.55,94,94
Romania,ROU,2005,71.91219512195123,Europe,0.35,1.55,94,94
Romania,ROU,2006,72.16341463414635,Europe,0.25,1.55,94,94
Romania,ROU,2007,72.56585365853658,Europe,0.4,1.55,94,94
Romania,ROU,2008,72.56585365853658,Europe,0.0,1.55,94,94
Romania,ROU,2009,73.30975609756098,Europe,0.74,1.55,94,94
Romania,ROU,2010,73.45853658536586,Europe,0.15,1.55,94,94
Romania,ROU,2011,74.40975609756099,Europe,0.95,1.55,94,94
Romania,ROU,2012,74.41219512195123,Europe,0.0,1.55,94,94
Romania,ROU,2013,75.06341463414634,Europe,0.65,1.55,94,94
Romania,ROU,2014,74.90975609756099,Europe,-0.15,1.55,94,94
Romania,ROU,2015,74.91219512195123,Europe,0.0,1.55,94,94
Romania,ROU,2016,75.20975609756098,Europe,0.3,1.55,94,94
Romania,ROU,2017,75.20975609756098,Europe,0.0,1.55,94,94
Romania,ROU,2018,75.35853658536587,Europe,0.15,1.55,94,94
Romania,ROU,2019,75.60731707317073,Europe,0.25,1.55,94,94
Romania,ROU,2020,74.25365853658539,Europe,-1.35,1.55,94,94
Romania,ROU,2021,72.80975609756098,Europe,-1.44,1.55,94,94
Romania,ROU,2022,75.15365853658537,Europe,2.34,1.55,94,94
Romania,ROU,2023,76.40487804878049,Europe,1.25,1.55,94,94
Romania,ROU,2024,76.45853658536586,Europe,0.05,1.55,94,94
Russian Federation,RUS,1960,67.52612195121952,Europe,,2.7,122,122
Russian Federation,RUS,1961,67.78273170731708,Europe,0.26,2.7,122,122
Russian Federation,RUS,1962,67.69885365853659,Europe,-0.08,2.7,122,122
Russian Federation,RUS,1963,68.27458536585365,Europe,0.58,2.7,122,122
Russian Federation,RUS,1964,68.71473170731709,Europe,0.44,2.7,122,122
Russian Federation,RUS,1965,68.50639024390246,Europe,-0.21,2.7,122,122
Russian Federation,RUS,1966,68.58570731707319,Europe,0.08,2.7,122,122
Russian Federation,RUS,1967,68.42690243902439,Europe,-0.16,2.7,122,122
Russian Federation,RUS,1968,68.31529268292684,Europe,-0.11,2.7,122,122
Russian Federation,RUS,1969,67.91226829268292,Europe,-0.4,2.7,122,122
Russian Federation,RUS,1970,68.13365853658536,Europe,0.22,2.7,122,122
Russian Federation,RUS,1971,68.37658536585366,Europe,0.24,2.7,122,122
Russian Federation,RUS,1972,68.30853658536587,Europe,-0.07,2.7,122,122
Russian Federation,RUS,1973,68.29463414634148,Europe,-0.01,2.7,122,122
Russian Federation,RUS,1974,68.32024390243903,Europe,0.03,2.7,122,122
Russian Federation,RUS,1975,67.7239024390244,Europe,-0.6,2.7,122,122
Russian Federation,RUS,1976,67.48756097560975,Europe,-0.24,2.7,122,122
Russian Federation,RUS,1977,67.37634146341463,Europe,-0.11,2.7,122,122
Russian Federation,RUS,1978,67.3909756097561,Europe,0.01,2.7,122,122
Russian Federation,RUS,1979,67.11439024390243,Europe,-0.28,2.7,122,122
Russian Federation,RUS,1980,67.0339024390244,Europe,-0.08,2.7,122,122
Russian Federation,RUS,1981,67.26390243902439,Europe,0.23,2.7,122,122
Russian Federation,RUS,1982,67.80609756097562,Europe,0.54,2.7,122,122
Russian Federation,RUS,1983,67.65268292682927,Europe,-0.15,2.7,122,122
Russian Federation,RUS,1984,67.20268292682927,Europe,-0.45,2.7,122,122
Russian Federation,RUS,1985,67.85682926829269,Europe,0.65,2.7,122,122
Russian Federation,RUS,1986,69.38975609756099,Europe,1.53,2.7,122,122
Russian Federation,RUS,1987,69.44000000000001,Europe,0.05,2.7,122,122
Russian Federation,RUS,1988,69.46439024390244,Europe,0.02,2.7,122,122
Russian Federation,RUS,1989,69.17170731707317,Europe,-0.29,2.7,122,122
Russian Federation,RUS,1990,68.88609756097561,Europe,-0.29,2.7,122,122
Russian Federation,RUS,1991,68.47439024390245,Europe,-0.41,2.7,122,122
Russian Federation,RUS,1992,66.87317073170732,Europe,-1.6,2.7,122,122
Russian Federation,RUS,1993,64.9358536585366,Europe,-1.94,2.7,122,122
Russian Federation,RUS,1994,64.46707317073171,Europe,-0.47,2.7,122,122
Russian Federation,RUS,1995,64.69073170731708,Europe,0.22,2.7,122,122
Russian Federation,RUS,1996,65.85414634146342,Europe,1.16,2.7,122,122
Russian Federation,RUS,1997,66.6987804878049,Europe,0.84,2.7,122,122
Russian Federation,RUS,1998,67.02975609756098,Europe,0.33,2.7,122,122
Russian Federation,RUS,1999,65.98219512195124,Europe,-1.05,2.7,122,122
Russian Federation,RUS,2000,65.48365853658537,Europe,-0.5,2.7,122,122
Russian Federation,RUS,2001,65.38341463414635,Europe,-0.1,2.7,122,122
Russian Federation,RUS,2002,65.12878048780489,Europe,-0.25,2.7,122,122
Russian Federation,RUS,2003,65.02756097560976,Europe,-0.1,2.7,122,122
Russian Federation,RUS,2004,65.4709756097561,Europe,0.44,2.7,122,122
Russian Federation,RUS,2005,65.52975609756099,Europe,0.06,2.7,122,122
Russian Federation,RUS,2006,66.72756097560976,Europe,1.2,2.7,122,122
Russian Federation,RUS,2007,67.58682926829269,Europe,0.86,2.7,122,122
Russian Federation,RUS,2008,67.94926829268293,Europe,0.36,2.7,122,122
Russian Federation,RUS,2009,68.68463414634147,Europe,0.74,2.7,122,122
Russian Federation,RUS,2010,68.84121951219514,Europe,0.16,2.7,122,122
Russian Federation,RUS,2011,69.6839024390244,Europe,0.84,2.7,122,122
Russian Federation,RUS,2012,70.07219512195124,Europe,0.39,2.7,122,122
Russian Federation,RUS,2013,70.57878048780488,Europe,0.51,2.7,122,122
Russian Federation,RUS,2014,70.74365853658537,Europe,0.16,2.7,122,122
Russian Federation,RUS,2015,71.18341463414635,Europe,0.44,2.7,122,122
Russian Federation,RUS,2016,71.65121951219513,Europe,0.47,2.7,122,122
Russian Federation,RUS,2017,72.45146341463416,Europe,0.8,2.7,122,122
Russian Federation,RUS,2018,72.66219512195121,Europe,0.21,2.7,122,122
Russian Federation,RUS,2019,73.0839024390244,Europe,0.42,2.7,122,122
Russian Federation,RUS,2020,71.3387804878049,Europe,-1.75,2.7,122,122
Russian Federation,RUS,2021,69.90024390243903,Europe,-1.44,2.7,122,122
Russian Federation,RUS,2022,72.54560975609758,Europe,2.65,2.7,122,122
Russian Federation,RUS,2023,73.25463414634149,Europe,0.71,2.7,122,122
Russian Federation,RUS,2024,73.44048780487806,Europe,0.19,2.7,122,122
Rwanda,RWA,1960,47.022,Africa,,2.93,167,167
Rwanda,RWA,1961,47.458,Africa,0.44,2.93,167,167
Rwanda,RWA,1962,47.802,Africa,0.34,2.93,167,167
Rwanda,RWA,1963,43.998,Africa,-3.8,2.93,167,167
Rwanda,RWA,1964,48.131,Africa,4.13,2.93,167,167
Rwanda,RWA,1965,48.203,Africa,0.07,2.93,167,167
Rwanda,RWA,1966,48.084,Africa,-0.12,2.93,167,167
Rwanda,RWA,1967,47.987,Africa,-0.1,2.93,167,167
Rwanda,RWA,1968,47.731,Africa,-0.26,2.93,167,167
Rwanda,RWA,1969,47.437,Africa,-0.29,2.93,167,167
Rwanda,RWA,1970,47.116,Africa,-0.32,2.93,167,167
Rwanda,RWA,1971,46.755,Africa,-0.36,2.93,167,167
Rwanda,RWA,1972,46.343,Africa,-0.41,2.93,167,167
Rwanda,RWA,1973,45.944,Africa,-0.4,2.93,167,167
Rwanda,RWA,1974,45.566,Africa,-0.38,2.93,167,167
Rwanda,RWA,1975,45.324,Africa,-0.24,2.93,167,167
Rwanda,RWA,1976,45.312,Africa,-0.01,2.93,167,167
Rwanda,RWA,1977,45.579,Africa,0.27,2.93,167,167
Rwanda,RWA,1978,46.165,Africa,0.59,2.93,167,167
Rwanda,RWA,1979,47.087,Africa,0.92,2.93,167,167
Rwanda,RWA,1980,48.122,Africa,1.03,2.93,167,167
Rwanda,RWA,1981,49.216,Africa,1.09,2.93,167,167
Rwanda,RWA,1982,50.188,Africa,0.97,2.93,167,167
Rwanda,RWA,1983,50.944,Africa,0.76,2.93,167,167
Rwanda,RWA,1984,51.445,Africa,0.5,2.93,167,167
Rwanda,RWA,1985,51.704,Africa,0.26,2.93,167,167
Rwanda,RWA,1986,51.706,Africa,0.0,2.93,167,167
Rwanda,RWA,1987,51.465,Africa,-0.24,2.93,167,167
Rwanda,RWA,1988,50.914,Africa,-0.55,2.93,167,167
Rwanda,RWA,1989,49.485,Africa,-1.43,2.93,167,167
Rwanda,RWA,1990,47.763,Africa,-1.72,2.93,167,167
Rwanda,RWA,1991,46.243,Africa,-1.52,2.93,167,167
Rwanda,RWA,1992,44.397,Africa,-1.85,2.93,167,167
Rwanda,RWA,1993,42.937,Africa,-1.46,2.93,167,167
Rwanda,RWA,1994,12.158,Africa,-30.78,2.93,167,167
Rwanda,RWA,1995,41.518,Africa,29.36,2.93,167,167
Rwanda,RWA,1996,42.486,Africa,0.97,2.93,167,167
Rwanda,RWA,1997,41.978,Africa,-0.51,2.93,167,167
Rwanda,RWA,1998,43.099,Africa,1.12,2.93,167,167
Rwanda,RWA,1999,45.749,Africa,2.65,2.93,167,167
Rwanda,RWA,2000,47.798,Africa,2.05,2.93,167,167
Rwanda,RWA,2001,49.49,Africa,1.69,2.93,167,167
Rwanda,RWA,2002,51.262,Africa,1.77,2.93,167,167
Rwanda,RWA,2003,53.529,Africa,2.27,2.93,167,167
Rwanda,RWA,2004,55.52,Africa,1.99,2.93,167,167
Rwanda,RWA,2005,56.968,Africa,1.45,2.93,167,167
Rwanda,RWA,2006,58.342,Africa,1.37,2.93,167,167
Rwanda,RWA,2007,59.504,Africa,1.16,2.93,167,167
Rwanda,RWA,2008,60.641,Africa,1.14,2.93,167,167
Rwanda,RWA,2009,61.813,Africa,1.17,2.93,167,167
Rwanda,RWA,2010,62.804,Africa,0.99,2.93,167,167
Rwanda,RWA,2011,63.476,Africa,0.67,2.93,167,167
Rwanda,RWA,2012,64.189,Africa,0.71,2.93,167,167
Rwanda,RWA,2013,64.651,Africa,0.46,2.93,167,167
Rwanda,RWA,2014,65.088,Africa,0.44,2.93,167,167
Rwanda,RWA,2015,65.419,Africa,0.33,2.93,167,167
Rwanda,RWA,2016,65.733,Africa,0.31,2.93,167,167
Rwanda,RWA,2017,66.14,Africa,0.41,2.93,167,167
Rwanda,RWA,2018,66.354,Africa,0.21,2.93,167,167
Rwanda,RWA,2019,66.691,Africa,0.34,2.93,167,167
Rwanda,RWA,2020,66.953,Africa,0.26,2.93,167,167
Rwanda,RWA,2021,66.85,Africa,-0.1,2.93,167,167
Rwanda,RWA,2022,67.528,Africa,0.68,2.93,167,167
Rwanda,RWA,2023,67.785,Africa,0.26,2.93,167,167
Rwanda,RWA,2024,68.017,Africa,0.23,2.93,167,167
Saudi Arabia,SAU,1960,45.31,Asia,,1.87,57,57
Saudi Arabia,SAU,1961,45.88,Asia,0.57,1.87,57,57
Saudi Arabia,SAU,1962,46.469,Asia,0.59,1.87,57,57
Saudi Arabia,SAU,1963,47.086,Asia,0.62,1.87,57,57
Saudi Arabia,SAU,1964,47.732,Asia,0.65,1.87,57,57
Saudi Arabia,SAU,1965,48.436,Asia,0.7,1.87,57,57
Saudi Arabia,SAU,1966,49.187,Asia,0.75,1.87,57,57
Saudi Arabia,SAU,1967,49.994,Asia,0.81,1.87,57,57
Saudi Arabia,SAU,1968,50.857,Asia,0.86,1.87,57,57
Saudi Arabia,SAU,1969,51.773,Asia,0.92,1.87,57,57
Saudi Arabia,SAU,1970,52.729,Asia,0.96,1.87,57,57
Saudi Arabia,SAU,1971,53.727,Asia,1.0,1.87,57,57
Saudi Arabia,SAU,1972,54.742,Asia,1.02,1.87,57,57
Saudi Arabia,SAU,1973,55.765,Asia,1.02,1.87,57,57
Saudi Arabia,SAU,1974,56.785,Asia,1.02,1.87,57,57
Saudi Arabia,SAU,1975,57.78,Asia,1.0,1.87,57,57
Saudi Arabia,SAU,1976,58.782,Asia,1.0,1.87,57,57
Saudi Arabia,SAU,1977,59.749,Asia,0.97,1.87,57,57
Saudi Arabia,SAU,1978,60.685,Asia,0.94,1.87,57,57
Saudi Arabia,SAU,1979,61.518,Asia,0.83,1.87,57,57
Saudi Arabia,SAU,1980,62.444,Asia,0.93,1.87,57,57
Saudi Arabia,SAU,1981,63.252,Asia,0.81,1.87,57,57
Saudi Arabia,SAU,1982,64.008,Asia,0.76,1.87,57,57
Saudi Arabia,SAU,1983,64.719,Asia,0.71,1.87,57,57
Saudi Arabia,SAU,1984,65.391,Asia,0.67,1.87,57,57
Saudi Arabia,SAU,1985,66.027,Asia,0.64,1.87,57,57
Saudi Arabia,SAU,1986,66.648,Asia,0.62,1.87,57,57
Saudi Arabia,SAU,1987,67.242,Asia,0.59,1.87,57,57
Saudi Arabia,SAU,1988,67.814,Asia,0.57,1.87,57,57
Saudi Arabia,SAU,1989,68.359,Asia,0.55,1.87,57,57
Saudi Arabia,SAU,1990,68.874,Asia,0.52,1.87,57,57
Saudi Arabia,SAU,1991,69.341,Asia,0.47,1.87,57,57
Saudi Arabia,SAU,1992,69.799,Asia,0.46,1.87,57,57
Saudi Arabia,SAU,1993,70.208,Asia,0.41,1.87,57,57
Saudi Arabia,SAU,1994,70.587,Asia,0.38,1.87,57,57
Saudi Arabia,SAU,1995,70.944,Asia,0.36,1.87,57,57
Saudi Arabia,SAU,1996,71.288,Asia,0.34,1.87,57,57
Saudi Arabia,SAU,1997,71.624,Asia,0.34,1.87,57,57
Saudi Arabia,SAU,1998,71.957,Asia,0.33,1.87,57,57
Saudi Arabia,SAU,1999,72.29,Asia,0.33,1.87,57,57
Saudi Arabia,SAU,2000,72.607,Asia,0.32,1.87,57,57
Saudi Arabia,SAU,2001,72.951,Asia,0.34,1.87,57,57
Saudi Arabia,SAU,2002,73.296,Asia,0.35,1.87,57,57
Saudi Arabia,SAU,2003,73.657,Asia,0.36,1.87,57,57
Saudi Arabia,SAU,2004,74.027,Asia,0.37,1.87,57,57
Saudi Arabia,SAU,2005,74.4,Asia,0.37,1.87,57,57
Saudi Arabia,SAU,2006,74.762,Asia,0.36,1.87,57,57
Saudi Arabia,SAU,2007,75.066,Asia,0.3,1.87,57,57
Saudi Arabia,SAU,2008,75.301,Asia,0.23,1.87,57,57
Saudi Arabia,SAU,2009,75.447,Asia,0.15,1.87,57,57
Saudi Arabia,SAU,2010,75.616,Asia,0.17,1.87,57,57
Saudi Arabia,SAU,2011,75.808,Asia,0.19,1.87,57,57
Saudi Arabia,SAU,2012,76.09,Asia,0.28,1.87,57,57
Saudi Arabia,SAU,2013,76.517,Asia,0.43,1.87,57,57
Saudi Arabia,SAU,2014,77.116,Asia,0.6,1.87,57,57
Saudi Arabia,SAU,2015,77.776,Asia,0.66,1.87,57,57
Saudi Arabia,SAU,2016,78.354,Asia,0.58,1.87,57,57
Saudi Arabia,SAU,2017,78.721,Asia,0.37,1.87,57,57
Saudi Arabia,SAU,2018,78.75,Asia,0.03,1.87,57,57
Saudi Arabia,SAU,2019,78.313,Asia,-0.44,1.87,57,57
Saudi Arabia,SAU,2020,77.596,Asia,-0.72,1.87,57,57
Saudi Arabia,SAU,2021,77.089,Asia,-0.51,1.87,57,57
Saudi Arabia,SAU,2022,77.31,Asia,0.22,1.87,57,57
Saudi Arabia,SAU,2023,78.732,Asia,1.42,1.87,57,57
Saudi Arabia,SAU,2024,78.982,Asia,0.25,1.87,57,57
Sudan,SDN,1960,49.566,Africa,,2.53,182,182
Sudan,SDN,1961,49.964,Africa,0.4,2.53,182,182
Sudan,SDN,1962,50.419,Africa,0.45,2.53,182,182
Sudan,SDN,1963,50.816,Africa,0.4,2.53,182,182
Sudan,SDN,1964,50.879,Africa,0.06,2.53,182,182
Sudan,SDN,1965,51.031,Africa,0.15,2.53,182,182
Sudan,SDN,1966,51.253,Africa,0.22,2.53,182,182
Sudan,SDN,1967,51.495,Africa,0.24,2.53,182,182
Sudan,SDN,1968,51.762,Africa,0.27,2.53,182,182
Sudan,SDN,1969,52.04,Africa,0.28,2.53,182,182
Sudan,SDN,1970,52.294,Africa,0.25,2.53,182,182
Sudan,SDN,1971,52.541,Africa,0.25,2.53,182,182
Sudan,SDN,1972,52.803,Africa,0.26,2.53,182,182
Sudan,SDN,1973,52.988,Africa,0.19,2.53,182,182
Sudan,SDN,1974,53.156,Africa,0.17,2.53,182,182
Sudan,SDN,1975,53.31,Africa,0.15,2.53,182,182
Sudan,SDN,1976,53.342,Africa,0.03,2.53,182,182
Sudan,SDN,1977,53.522,Africa,0.18,2.53,182,182
Sudan,SDN,1978,53.29,Africa,-0.23,2.53,182,182
Sudan,SDN,1979,53.374,Africa,0.08,2.53,182,182
Sudan,SDN,1980,54.072,Africa,0.7,2.53,182,182
Sudan,SDN,1981,54.369,Africa,0.3,2.53,182,182
Sudan,SDN,1982,54.375,Africa,0.01,2.53,182,182
Sudan,SDN,1983,49.562,Africa,-4.81,2.53,182,182
Sudan,SDN,1984,49.807,Africa,0.25,2.53,182,182
Sudan,SDN,1985,50.014,Africa,0.21,2.53,182,182
Sudan,SDN,1986,54.558,Africa,4.54,2.53,182,182
Sudan,SDN,1987,54.747,Africa,0.19,2.53,182,182
Sudan,SDN,1988,54.984,Africa,0.24,2.53,182,182
Sudan,SDN,1989,54.883,Africa,-0.1,2.53,182,182
Sudan,SDN,1990,55.497,Africa,0.61,2.53,182,182
Sudan,SDN,1991,55.553,Africa,0.06,2.53,182,182
Sudan,SDN,1992,55.952,Africa,0.4,2.53,182,182
Sudan,SDN,1993,56.102,Africa,0.15,2.53,182,182
Sudan,SDN,1994,57.022,Africa,0.92,2.53,182,182
Sudan,SDN,1995,57.447,Africa,0.43,2.53,182,182
Sudan,SDN,1996,57.638,Africa,0.19,2.53,182,182
Sudan,SDN,1997,58.058,Africa,0.42,2.53,182,182
Sudan,SDN,1998,58.308,Africa,0.25,2.53,182,182
Sudan,SDN,1999,58.607,Africa,0.3,2.53,182,182
Sudan,SDN,2000,58.946,Africa,0.34,2.53,182,182
Sudan,SDN,2001,59.264,Africa,0.32,2.53,182,182
Sudan,SDN,2002,59.308,Africa,0.04,2.53,182,182
Sudan,SDN,2003,58.319,Africa,-0.99,2.53,182,182
Sudan,SDN,2004,56.773,Africa,-1.55,2.53,182,182
Sudan,SDN,2005,57.226,Africa,0.45,2.53,182,182
Sudan,SDN,2006,60.4,Africa,3.17,2.53,182,182
Sudan,SDN,2007,61.442,Africa,1.04,2.53,182,182
Sudan,SDN,2008,61.261,Africa,-0.18,2.53,182,182
Sudan,SDN,2009,62.676,Africa,1.41,2.53,182,182
Sudan,SDN,2010,62.979,Africa,0.3,2.53,182,182
Sudan,SDN,2011,63.181,Africa,0.2,2.53,182,182
Sudan,SDN,2012,63.427,Africa,0.25,2.53,182,182
Sudan,SDN,2013,63.443,Africa,0.02,2.53,182,182
Sudan,SDN,2014,63.99,Africa,0.55,2.53,182,182
Sudan,SDN,2015,64.375,Africa,0.38,2.53,182,182
Sudan,SDN,2016,64.677,Africa,0.3,2.53,182,182
Sudan,SDN,2017,65.146,Africa,0.47,2.53,182,182
Sudan,SDN,2018,65.501,Africa,0.36,2.53,182,182
Sudan,SDN,2019,65.803,Africa,0.3,2.53,182,182
Sudan,SDN,2020,65.124,Africa,-0.68,2.53,182,182
Sudan,SDN,2021,64.46,Africa,-0.66,2.53,182,182
Sudan,SDN,2022,65.695,Africa,1.23,2.53,182,182
Sudan,SDN,2023,66.331,Africa,0.64,2.53,182,182
Sudan,SDN,2024,66.521,Africa,0.19,2.53,182,182
Senegal,SEN,1960,39.668,Africa,,2.92,161,161
Senegal,SEN,1961,39.715,Africa,0.05,2.92,161,161
Senegal,SEN,1962,39.738,Africa,0.02,2.92,161,161
Senegal,SEN,1963,39.745,Africa,0.01,2.92,161,161
Senegal,SEN,1964,39.755,Africa,0.01,2.92,161,161
Senegal,SEN,1965,39.761,Africa,0.01,2.92,161,161
Senegal,SEN,1966,39.848,Africa,0.09,2.92,161,161
Senegal,SEN,1967,39.992,Africa,0.14,2.92,161,161
Senegal,SEN,1968,40.15,Africa,0.16,2.92,161,161
Senegal,SEN,1969,40.398,Africa,0.25,2.92,161,161
Senegal,SEN,1970,40.789,Africa,0.39,2.92,161,161
Senegal,SEN,1971,41.243,Africa,0.45,2.92,161,161
Senegal,SEN,1972,41.77,Africa,0.53,2.92,161,161
Senegal,SEN,1973,42.429,Africa,0.66,2.92,161,161
Senegal,SEN,1974,43.104,Africa,0.67,2.92,161,161
Senegal,SEN,1975,43.938,Africa,0.83,2.92,161,161
Senegal,SEN,1976,44.809,Africa,0.87,2.92,161,161
Senegal,SEN,1977,45.714,Africa,0.91,2.92,161,161
Senegal,SEN,1978,46.596,Africa,0.88,2.92,161,161
Senegal,SEN,1979,47.478,Africa,0.88,2.92,161,161
Senegal,SEN,1980,48.294,Africa,0.82,2.92,161,161
Senegal,SEN,1981,49.083,Africa,0.79,2.92,161,161
Senegal,SEN,1982,49.863,Africa,0.78,2.92,161,161
Senegal,SEN,1983,50.811,Africa,0.95,2.92,161,161
Senegal,SEN,1984,51.694,Africa,0.88,2.92,161,161
Senegal,SEN,1985,52.586,Africa,0.89,2.92,161,161
Senegal,SEN,1986,53.718,Africa,1.13,2.92,161,161
Senegal,SEN,1987,54.632,Africa,0.91,2.92,161,161
Senegal,SEN,1988,55.546,Africa,0.91,2.92,161,161
Senegal,SEN,1989,56.209,Africa,0.66,2.92,161,161
Senegal,SEN,1990,56.674,Africa,0.46,2.92,161,161
Senegal,SEN,1991,57.037,Africa,0.36,2.92,161,161
Senegal,SEN,1992,57.287,Africa,0.25,2.92,161,161
Senegal,SEN,1993,57.348,Africa,0.06,2.92,161,161
Senegal,SEN,1994,57.479,Africa,0.13,2.92,161,161
Senegal,SEN,1995,57.336,Africa,-0.14,2.92,161,161
Senegal,SEN,1996,57.129,Africa,-0.21,2.92,161,161
Senegal,SEN,1997,57.107,Africa,-0.02,2.92,161,161
Senegal,SEN,1998,57.076,Africa,-0.03,2.92,161,161
Senegal,SEN,1999,57.315,Africa,0.24,2.92,161,161
Senegal,SEN,2000,57.615,Africa,0.3,2.92,161,161
Senegal,SEN,2001,58.158,Africa,0.54,2.92,161,161
Senegal,SEN,2002,58.912,Africa,0.75,2.92,161,161
Senegal,SEN,2003,59.474,Africa,0.56,2.92,161,161
Senegal,SEN,2004,60.308,Africa,0.83,2.92,161,161
Senegal,SEN,2005,60.98,Africa,0.67,2.92,161,161
Senegal,SEN,2006,61.801,Africa,0.82,2.92,161,161
Senegal,SEN,2007,62.653,Africa,0.85,2.92,161,161
Senegal,SEN,2008,63.201,Africa,0.55,2.92,161,161
Senegal,SEN,2009,63.751,Africa,0.55,2.92,161,161
Senegal,SEN,2010,64.221,Africa,0.47,2.92,161,161
Senegal,SEN,2011,64.799,Africa,0.58,2.92,161,161
Senegal,SEN,2012,65.229,Africa,0.43,2.92,161,161
Senegal,SEN,2013,65.638,Africa,0.41,2.92,161,161
Senegal,SEN,2014,66.001,Africa,0.36,2.92,161,161
Senegal,SEN,2015,66.451,Africa,0.45,2.92,161,161
Senegal,SEN,2016,66.724,Africa,0.27,2.92,161,161
Senegal,SEN,2017,67.059,Africa,0.33,2.92,161,161
Senegal,SEN,2018,67.379,Africa,0.32,2.92,161,161
Senegal,SEN,2019,67.668,Africa,0.29,2.92,161,161
Senegal,SEN,2020,67.496,Africa,-0.17,2.92,161,161
Senegal,SEN,2021,66.868,Africa,-0.63,2.92,161,161
Senegal,SEN,2022,67.788,Africa,0.92,2.92,161,161
Senegal,SEN,2023,68.683,Africa,0.9,2.92,161,161
Senegal,SEN,2024,68.924,Africa,0.24,2.92,161,161
Singapore,SGP,1960,65.56219512195122,Asia,,0.85,15,15
Singapore,SGP,1961,65.95970731707318,Asia,0.4,0.85,15,15
Singapore,SGP,1962,66.37263414634147,Asia,0.41,0.85,15,15
Singapore,SGP,1963,66.77953658536586,Asia,0.41,0.85,15,15
Singapore,SGP,1964,67.00241463414635,Asia,0.22,0.85,15,15
Singapore,SGP,1965,67.23285365853658,Asia,0.23,0.85,15,15
Singapore,SGP,1966,67.54782926829269,Asia,0.31,0.85,15,15
Singapore,SGP,1967,67.65239024390246,Asia,0.1,0.85,15,15
Singapore,SGP,1968,67.98078048780489,Asia,0.33,0.85,15,15
Singapore,SGP,1969,68.33397560975611,Asia,0.35,0.85,15,15
Singapore,SGP,1970,68.72475609756098,Asia,0.39,0.85,15,15
Singapore,SGP,1971,69.00021951219512,Asia,0.28,0.85,15,15
Singapore,SGP,1972,69.16356097560977,Asia,0.16,0.85,15,15
Singapore,SGP,1973,69.53046341463416,Asia,0.37,0.85,15,15
Singapore,SGP,1974,69.89451219512196,Asia,0.36,0.85,15,15
Singapore,SGP,1975,70.40551219512196,Asia,0.51,0.85,15,15
Singapore,SGP,1976,70.74704878048782,Asia,0.34,0.85,15,15
Singapore,SGP,1977,71.02612195121951,Asia,0.28,0.85,15,15
Singapore,SGP,1978,71.28356097560977,Asia,0.26,0.85,15,15
Singapore,SGP,1979,71.46175609756098,Asia,0.18,0.85,15,15
Singapore,SGP,1980,72.19024390243904,Asia,0.73,0.85,15,15
Singapore,SGP,1981,72.58780487804879,Asia,0.4,0.85,15,15
Singapore,SGP,1982,72.68780487804878,Asia,0.1,0.85,15,15
Singapore,SGP,1983,73.03658536585368,Asia,0.35,0.85,15,15
Singapore,SGP,1984,73.29024390243903,Asia,0.25,0.85,15,15
Singapore,SGP,1985,73.89024390243904,Asia,0.6,0.85,15,15
Singapore,SGP,1986,74.24634146341464,Asia,0.36,0.85,15,15
Singapore,SGP,1987,74.54878048780488,Asia,0.3,0.85,15,15
Singapore,SGP,1988,74.69756097560976,Asia,0.15,0.85,15,15
Singapore,SGP,1989,74.94634146341464,Asia,0.25,0.85,15,15
Singapore,SGP,1990,75.29512195121951,Asia,0.35,0.85,15,15
Singapore,SGP,1991,75.64634146341463,Asia,0.35,0.85,15,15
Singapore,SGP,1992,75.94634146341464,Asia,0.3,0.85,15,15
Singapore,SGP,1993,76.04634146341465,Asia,0.1,0.85,15,15
Singapore,SGP,1994,76.19756097560976,Asia,0.15,0.85,15,15
Singapore,SGP,1995,76.2951219512195,Asia,0.1,0.85,15,15
Singapore,SGP,1996,76.59512195121953,Asia,0.3,0.85,15,15
Singapore,SGP,1997,76.89756097560975,Asia,0.3,0.85,15,15
Singapore,SGP,1998,77.30000000000001,Asia,0.4,0.85,15,15
Singapore,SGP,1999,77.55121951219512,Asia,0.25,0.85,15,15
Singapore,SGP,2000,77.95121951219514,Asia,0.4,0.85,15,15
Singapore,SGP,2001,78.25121951219512,Asia,0.3,0.85,15,15
Singapore,SGP,2002,78.55121951219512,Asia,0.3,0.85,15,15
Singapore,SGP,2003,79.0390243902439,Asia,0.49,0.85,15,15
Singapore,SGP,2004,79.49024390243902,Asia,0.45,0.85,15,15
Singapore,SGP,2005,79.99024390243903,Asia,0.5,0.85,15,15
Singapore,SGP,2006,80.14146341463415,Asia,0.15,0.85,15,15
Singapore,SGP,2007,80.44146341463416,Asia,0.3,0.85,15,15
Singapore,SGP,2008,80.79024390243903,Asia,0.35,0.85,15,15
Singapore,SGP,2009,81.24146341463415,Asia,0.45,0.85,15,15
Singapore,SGP,2010,81.54146341463417,Asia,0.3,0.85,15,15
Singapore,SGP,2011,81.7439024390244,Asia,0.2,0.85,15,15
Singapore,SGP,2012,81.99512195121952,Asia,0.25,0.85,15,15
Singapore,SGP,2013,82.24634146341465,Asia,0.25,0.85,15,15
Singapore,SGP,2014,82.49512195121953,Asia,0.25,0.85,15,15
Singapore,SGP,2015,82.7439024390244,Asia,0.25,0.85,15,15
Singapore,SGP,2016,82.84634146341465,Asia,0.1,0.85,15,15
Singapore,SGP,2017,83.09512195121954,Asia,0.25,0.85,15,15
Singapore,SGP,2018,83.29756097560976,Asia,0.2,0.85,15,15
Singapore,SGP,2019,83.59512195121953,Asia,0.3,0.85,15,15
Singapore,SGP,2020,83.5439024390244,Asia,-0.05,0.85,15,15
Singapore,SGP,2021,83.09268292682928,Asia,-0.45,0.85,15,15
Singapore,SGP,2022,82.89512195121952,Asia,-0.2,0.85,15,15
Singapore,SGP,2023,83.09756097560977,Asia,0.2,0.85,15,15
Singapore,SGP,2024,83.34634146341465,Asia,0.25,0.85,15,15
Solomon Islands,SLB,1960,47.683,Oceania,,1.71,149,149
Solomon Islands,SLB,1961,48.336,Oceania,0.65,1.71,149,149
Solomon Islands,SLB,1962,49.037,Oceania,0.7,1.71,149,149
Solomon Islands,SLB,1963,49.815,Oceania,0.78,1.71,149,149
Solomon Islands,SLB,1964,50.583,Oceania,0.77,1.71,149,149
Solomon Islands,SLB,1965,51.406,Oceania,0.82,1.71,149,149
Solomon Islands,SLB,1966,52.256,Oceania,0.85,1.71,149,149
Solomon Islands,SLB,1967,53.059,Oceania,0.8,1.71,149,149
Solomon Islands,SLB,1968,54.142,Oceania,1.08,1.71,149,149
Solomon Islands,SLB,1969,55.099,Oceania,0.96,1.71,149,149
Solomon Islands,SLB,1970,56.061,Oceania,0.96,1.71,149,149
Solomon Islands,SLB,1971,57.015,Oceania,0.95,1.71,149,149
Solomon Islands,SLB,1972,57.913,Oceania,0.9,1.71,149,149
Solomon Islands,SLB,1973,58.777,Oceania,0.86,1.71,149,149
Solomon Islands,SLB,1974,59.611,Oceania,0.83,1.71,149,149
Solomon Islands,SLB,1975,58.404,Oceania,-1.21,1.71,149,149
Solomon Islands,SLB,1976,61.153,Oceania,2.75,1.71,149,149
Solomon Islands,SLB,1977,61.528,Oceania,0.38,1.71,149,149
Solomon Islands,SLB,1978,62.536,Oceania,1.01,1.71,149,149
Solomon Islands,SLB,1979,63.134,Oceania,0.6,1.71,149,149
Solomon Islands,SLB,1980,63.669,Oceania,0.53,1.71,149,149
Solomon Islands,SLB,1981,64.077,Oceania,0.41,1.71,149,149
Solomon Islands,SLB,1982,64.456,Oceania,0.38,1.71,149,149
Solomon Islands,SLB,1983,64.771,Oceania,0.31,1.71,149,149
Solomon Islands,SLB,1984,65.049,Oceania,0.28,1.71,149,149
Solomon Islands,SLB,1985,65.288,Oceania,0.24,1.71,149,149
Solomon Islands,SLB,1986,64.718,Oceania,-0.57,1.71,149,149
Solomon Islands,SLB,1987,65.683,Oceania,0.97,1.71,149,149
Solomon Islands,SLB,1988,65.866,Oceania,0.18,1.71,149,149
Solomon Islands,SLB,1989,66.051,Oceania,0.19,1.71,149,149
Solomon Islands,SLB,1990,66.194,Oceania,0.14,1.71,149,149
Solomon Islands,SLB,1991,66.357,Oceania,0.16,1.71,149,149
Solomon Islands,SLB,1992,66.471,Oceania,0.11,1.71,149,149
Solomon Islands,SLB,1993,66.558,Oceania,0.09,1.71,149,149
Solomon Islands,SLB,1994,66.661,Oceania,0.1,1.71,149,149
Solomon Islands,SLB,1995,66.717,Oceania,0.06,1.71,149,149
Solomon Islands,SLB,1996,66.739,Oceania,0.02,1.71,149,149
Solomon Islands,SLB,1997,66.768,Oceania,0.03,1.71,149,149
Solomon Islands,SLB,1998,66.89,Oceania,0.12,1.71,149,149
Solomon Islands,SLB,1999,67.001,Oceania,0.11,1.71,149,149
Solomon Islands,SLB,2000,67.116,Oceania,0.11,1.71,149,149
Solomon Islands,SLB,2001,67.237,Oceania,0.12,1.71,149,149
Solomon Islands,SLB,2002,67.35,Oceania,0.11,1.71,149,149
Solomon Islands,SLB,2003,67.479,Oceania,0.13,1.71,149,149
Solomon Islands,SLB,2004,67.628,Oceania,0.15,1.71,149,149
Solomon Islands,SLB,2005,67.79,Oceania,0.16,1.71,149,149
Solomon Islands,SLB,2006,67.968,Oceania,0.18,1.71,149,149
Solomon Islands,SLB,2007,67.845,Oceania,-0.12,1.71,149,149
Solomon Islands,SLB,2008,68.336,Oceania,0.49,1.71,149,149
Solomon Islands,SLB,2009,68.397,Oceania,0.06,1.71,149,149
Solomon Islands,SLB,2010,68.669,Oceania,0.27,1.71,149,149
Solomon Islands,SLB,2011,68.824,Oceania,0.16,1.71,149,149
Solomon Islands,SLB,2012,68.961,Oceania,0.14,1.71,149,149
Solomon Islands,SLB,2013,69.007,Oceania,0.05,1.71,149,149
Solomon Islands,SLB,2014,68.984,Oceania,-0.02,1.71,149,149
Solomon Islands,SLB,2015,69.323,Oceania,0.34,1.71,149,149
Solomon Islands,SLB,2016,69.501,Oceania,0.18,1.71,149,149
Solomon Islands,SLB,2017,69.652,Oceania,0.15,1.71,149,149
Solomon Islands,SLB,2018,69.806,Oceania,0.15,1.71,149,149
Solomon Islands,SLB,2019,69.981,Oceania,0.17,1.71,149,149
Solomon Islands,SLB,2020,69.258,Oceania,-0.72,1.71,149,149
Solomon Islands,SLB,2021,68.89,Oceania,-0.37,1.71,149,149
Solomon Islands,SLB,2022,70.409,Oceania,1.52,1.71,149,149
Solomon Islands,SLB,2023,70.528,Oceania,0.12,1.71,149,149
Solomon Islands,SLB,2024,70.694,Oceania,0.17,1.71,149,149
Sierra Leone,SLE,1960,33.09,Africa,,7.68,206,206
Sierra Leone,SLE,1961,33.633,Africa,0.54,7.68,206,206
Sierra Leone,SLE,1962,34.155,Africa,0.52,7.68,206,206
Sierra Leone,SLE,1963,34.705,Africa,0.55,7.68,206,206
Sierra Leone,SLE,1964,35.298,Africa,0.59,7.68,206,206
Sierra Leone,SLE,1965,35.93,Africa,0.63,7.68,206,206
Sierra Leone,SLE,1966,36.64,Africa,0.71,7.68,206,206
Sierra Leone,SLE,1967,37.281,Africa,0.64,7.68,206,206
Sierra Leone,SLE,1968,37.761,Africa,0.48,7.68,206,206
Sierra Leone,SLE,1969,38.23,Africa,0.47,7.68,206,206
Sierra Leone,SLE,1970,38.619,Africa,0.39,7.68,206,206
Sierra Leone,SLE,1971,39.104,Africa,0.48,7.68,206,206
Sierra Leone,SLE,1972,39.505,Africa,0.4,7.68,206,206
Sierra Leone,SLE,1973,39.96,Africa,0.45,7.68,206,206
Sierra Leone,SLE,1974,40.412,Africa,0.45,7.68,206,206
Sierra Leone,SLE,1975,40.99,Africa,0.58,7.68,206,206
Sierra Leone,SLE,1976,41.425,Africa,0.43,7.68,206,206
Sierra Leone,SLE,1977,41.826,Africa,0.4,7.68,206,206
Sierra Leone,SLE,1978,42.192,Africa,0.37,7.68,206,206
Sierra Leone,SLE,1979,42.53,Africa,0.34,7.68,206,206
Sierra Leone,SLE,1980,42.839,Africa,0.31,7.68,206,206
Sierra Leone,SLE,1981,43.086,Africa,0.25,7.68,206,206
Sierra Leone,SLE,1982,43.302,Africa,0.22,7.68,206,206
Sierra Leone,SLE,1983,43.455,Africa,0.15,7.68,206,206
Sierra Leone,SLE,1984,43.561,Africa,0.11,7.68,206,206
Sierra Leone,SLE,1985,43.556,Africa,-0.01,7.68,206,206
Sierra Leone,SLE,1986,43.502,Africa,-0.05,7.68,206,206
Sierra Leone,SLE,1987,43.748,Africa,0.25,7.68,206,206
Sierra Leone,SLE,1988,43.765,Africa,0.02,7.68,206,206
Sierra Leone,SLE,1989,43.741,Africa,-0.02,7.68,206,206
Sierra Leone,SLE,1990,43.72,Africa,-0.02,7.68,206,206
Sierra Leone,SLE,1991,43.287,Africa,-0.43,7.68,206,206
Sierra Leone,SLE,1992,43.451,Africa,0.16,7.68,206,206
Sierra Leone,SLE,1993,43.428,Africa,-0.02,7.68,206,206
Sierra Leone,SLE,1994,42.808,Africa,-0.62,7.68,206,206
Sierra Leone,SLE,1995,42.579,Africa,-0.23,7.68,206,206
Sierra Leone,SLE,1996,43.528,Africa,0.95,7.68,206,206
Sierra Leone,SLE,1997,43.649,Africa,0.12,7.68,206,206
Sierra Leone,SLE,1998,42.714,Africa,-0.94,7.68,206,206
Sierra Leone,SLE,1999,41.962,Africa,-0.75,7.68,206,206
Sierra Leone,SLE,2000,44.834,Africa,2.87,7.68,206,206
Sierra Leone,SLE,2001,45.448,Africa,0.61,7.68,206,206
Sierra Leone,SLE,2002,46.174,Africa,0.73,7.68,206,206
Sierra Leone,SLE,2003,46.784,Africa,0.61,7.68,206,206
Sierra Leone,SLE,2004,47.485,Africa,0.7,7.68,206,206
Sierra Leone,SLE,2005,48.306,Africa,0.82,7.68,206,206
Sierra Leone,SLE,2006,49.547,Africa,1.24,7.68,206,206
Sierra Leone,SLE,2007,50.024,Africa,0.48,7.68,206,206
Sierra Leone,SLE,2008,50.693,Africa,0.67,7.68,206,206
Sierra Leone,SLE,2009,51.312,Africa,0.62,7.68,206,206
Sierra Leone,SLE,2010,51.927,Africa,0.62,7.68,206,206
Sierra Leone,SLE,2011,52.594,Africa,0.67,7.68,206,206
Sierra Leone,SLE,2012,53.159,Africa,0.56,7.68,206,206
Sierra Leone,SLE,2013,54.051,Africa,0.89,7.68,206,206
Sierra Leone,SLE,2014,54.281,Africa,0.23,7.68,206,206
Sierra Leone,SLE,2015,55.454,Africa,1.17,7.68,206,206
Sierra Leone,SLE,2016,56.937,Africa,1.48,7.68,206,206
Sierra Leone,SLE,2017,57.761,Africa,0.82,7.68,206,206
Sierra Leone,SLE,2018,59.059,Africa,1.3,7.68,206,206
Sierra Leone,SLE,2019,59.593,Africa,0.53,7.68,206,206
Sierra Leone,SLE,2020,59.694,Africa,0.1,7.68,206,206
Sierra Leone,SLE,2021,60.26,Africa,0.57,7.68,206,206
Sierra Leone,SLE,2022,61.275,Africa,1.02,7.68,206,206
Sierra Leone,SLE,2023,61.786,Africa,0.51,7.68,206,206
Sierra Leone,SLE,2024,61.964,Africa,0.18,7.68,206,206
El Salvador,SLV,1960,48.292,America,,1.16,135,135
El Salvador,SLV,1961,48.633,America,0.34,1.16,135,135
El Salvador,SLV,1962,49.001,America,0.37,1.16,135,135
El Salvador,SLV,1963,49.38,America,0.38,1.16,135,135
El Salvador,SLV,1964,49.75,America,0.37,1.16,135,135
El Salvador,SLV,1965,50.208,America,0.46,1.16,135,135
El Salvador,SLV,1966,50.672,America,0.46,1.16,135,135
El Salvador,SLV,1967,50.844,America,0.17,1.16,135,135
El Salvador,SLV,1968,50.837,America,-0.01,1.16,135,135
El Salvador,SLV,1969,51.279,America,0.44,1.16,135,135
El Salvador,SLV,1970,51.364,America,0.08,1.16,135,135
El Salvador,SLV,1971,51.665,America,0.3,1.16,135,135
El Salvador,SLV,1972,51.956,America,0.29,1.16,135,135
El Salvador,SLV,1973,52.782,America,0.83,1.16,135,135
El Salvador,SLV,1974,52.891,America,0.11,1.16,135,135
El Salvador,SLV,1975,53.422,America,0.53,1.16,135,135
El Salvador,SLV,1976,54.375,America,0.95,1.16,135,135
El Salvador,SLV,1977,54.047,America,-0.33,1.16,135,135
El Salvador,SLV,1978,54.709,America,0.66,1.16,135,135
El Salvador,SLV,1979,53.805,America,-0.9,1.16,135,135
El Salvador,SLV,1980,48.589,America,-5.22,1.16,135,135
El Salvador,SLV,1981,50.889,America,2.3,1.16,135,135
El Salvador,SLV,1982,53.342,America,2.45,1.16,135,135
El Salvador,SLV,1983,54.373,America,1.03,1.16,135,135
El Salvador,SLV,1984,56.571,America,2.2,1.16,135,135
El Salvador,SLV,1985,58.031,America,1.46,1.16,135,135
El Salvador,SLV,1986,59.329,America,1.3,1.16,135,135
El Salvador,SLV,1987,59.402,America,0.07,1.16,135,135
El Salvador,SLV,1988,59.977,America,0.57,1.16,135,135
El Salvador,SLV,1989,61.254,America,1.28,1.16,135,135
El Salvador,SLV,1990,61.981,America,0.73,1.16,135,135
El Salvador,SLV,1991,62.542,America,0.56,1.16,135,135
El Salvador,SLV,1992,62.944,America,0.4,1.16,135,135
El Salvador,SLV,1993,63.998,America,1.05,1.16,135,135
El Salvador,SLV,1994,64.47,America,0.47,1.16,135,135
El Salvador,SLV,1995,64.903,America,0.43,1.16,135,135
El Salvador,SLV,1996,65.48,America,0.58,1.16,135,135
El Salvador,SLV,1997,66.248,America,0.77,1.16,135,135
El Salvador,SLV,1998,66.655,America,0.41,1.16,135,135
El Salvador,SLV,1999,67.285,America,0.63,1.16,135,135
El Salvador,SLV,2000,67.711,America,0.43,1.16,135,135
El Salvador,SLV,2001,67.965,America,0.25,1.16,135,135
El Salvador,SLV,2002,68.526,America,0.56,1.16,135,135
El Salvador,SLV,2003,68.792,America,0.27,1.16,135,135
El Salvador,SLV,2004,69.295,America,0.5,1.16,135,135
El Salvador,SLV,2005,69.336,America,0.04,1.16,135,135
El Salvador,SLV,2006,69.612,America,0.28,1.16,135,135
El Salvador,SLV,2007,69.82,America,0.21,1.16,135,135
El Salvador,SLV,2008,70.138,America,0.32,1.16,135,135
El Salvador,SLV,2009,70.359,America,0.22,1.16,135,135
El Salvador,SLV,2010,70.909,America,0.55,1.16,135,135
El Salvador,SLV,2011,71.192,America,0.28,1.16,135,135
El Salvador,SLV,2012,71.42,America,0.23,1.16,135,135
El Salvador,SLV,2013,71.225,America,-0.2,1.16,135,135
El Salvador,SLV,2014,71.144,America,-0.08,1.16,135,135
El Salvador,SLV,2015,70.952,America,-0.19,1.16,135,135
El Salvador,SLV,2016,70.908,America,-0.04,1.16,135,135
El Salvador,SLV,2017,71.007,America,0.1,1.16,135,135
El Salvador,SLV,2018,71.384,America,0.38,1.16,135,135
El Salvador,SLV,2019,71.725,America,0.34,1.16,135,135
El Salvador,SLV,2020,70.244,America,-1.48,1.16,135,135
El Salvador,SLV,2021,69.941,America,-0.3,1.16,135,135
El Salvador,SLV,2022,71.969,America,2.03,1.16,135,135
El Salvador,SLV,2023,72.099,America,0.13,1.16,135,135
El Salvador,SLV,2024,72.302,America,0.2,1.16,135,135
San Marino,SMR,1960,73.197,Europe,,1.42,2,2
San Marino,SMR,1961,73.375,Europe,0.18,1.42,2,2
San Marino,SMR,1962,73.531,Europe,0.16,1.42,2,2
San Marino,SMR,1963,73.586,Europe,0.05,1.42,2,2
San Marino,SMR,1964,73.658,Europe,0.07,1.42,2,2
San Marino,SMR,1965,73.723,Europe,0.06,1.42,2,2
San Marino,SMR,1966,73.839,Europe,0.12,1.42,2,2
San Marino,SMR,1967,73.946,Europe,0.11,1.42,2,2
San Marino,SMR,1968,74.062,Europe,0.12,1.42,2,2
San Marino,SMR,1969,74.171,Europe,0.11,1.42,2,2
San Marino,SMR,1970,74.269,Europe,0.1,1.42,2,2
San Marino,SMR,1971,74.404,Europe,0.13,1.42,2,2
San Marino,SMR,1972,74.592,Europe,0.19,1.42,2,2
San Marino,SMR,1973,74.787,Europe,0.2,1.42,2,2
San Marino,SMR,1974,75.052,Europe,0.27,1.42,2,2
San Marino,SMR,1975,75.251,Europe,0.2,1.42,2,2
San Marino,SMR,1976,75.431,Europe,0.18,1.42,2,2
San Marino,SMR,1977,75.643,Europe,0.21,1.42,2,2
San Marino,SMR,1978,75.889,Europe,0.25,1.42,2,2
San Marino,SMR,1979,76.122,Europe,0.23,1.42,2,2
San Marino,SMR,1980,76.371,Europe,0.25,1.42,2,2
San Marino,SMR,1981,76.584,Europe,0.21,1.42,2,2
San Marino,SMR,1982,76.808,Europe,0.22,1.42,2,2
San Marino,SMR,1983,77.011,Europe,0.2,1.42,2,2
San Marino,SMR,1984,77.162,Europe,0.15,1.42,2,2
San Marino,SMR,1985,77.27,Europe,0.11,1.42,2,2
San Marino,SMR,1986,77.377,Europe,0.11,1.42,2,2
San Marino,SMR,1987,77.453,Europe,0.08,1.42,2,2
San Marino,SMR,1988,77.544,Europe,0.09,1.42,2,2
San Marino,SMR,1989,77.647,Europe,0.1,1.42,2,2
San Marino,SMR,1990,77.783,Europe,0.14,1.42,2,2
San Marino,SMR,1991,77.944,Europe,0.16,1.42,2,2
San Marino,SMR,1992,78.133,Europe,0.19,1.42,2,2
San Marino,SMR,1993,78.373,Europe,0.24,1.42,2,2
San Marino,SMR,1994,78.67,Europe,0.3,1.42,2,2
San Marino,SMR,1995,79.031,Europe,0.36,1.42,2,2
San Marino,SMR,1996,79.332,Europe,0.3,1.42,2,2
San Marino,SMR,1997,79.677,Europe,0.35,1.42,2,2
San Marino,SMR,1998,79.918,Europe,0.24,1.42,2,2
San Marino,SMR,1999,80.2,Europe,0.28,1.42,2,2
San Marino,SMR,2000,80.504,Europe,0.3,1.42,2,2
San Marino,SMR,2001,80.803,Europe,0.3,1.42,2,2
San Marino,SMR,2002,81.061,Europe,0.26,1.42,2,2
San Marino,SMR,2003,81.33,Europe,0.27,1.42,2,2
San Marino,SMR,2004,81.592,Europe,0.26,1.42,2,2
San Marino,SMR,2005,81.926,Europe,0.33,1.42,2,2
San Marino,SMR,2006,82.258,Europe,0.33,1.42,2,2
San Marino,SMR,2007,82.605,Europe,0.35,1.42,2,2
San Marino,SMR,2008,82.894,Europe,0.29,1.42,2,2
San Marino,SMR,2009,83.224,Europe,0.33,1.42,2,2
San Marino,SMR,2010,83.464,Europe,0.24,1.42,2,2
San Marino,SMR,2011,83.713,Europe,0.25,1.42,2,2
San Marino,SMR,2012,83.943,Europe,0.23,1.42,2,2
San Marino,SMR,2013,84.175,Europe,0.23,1.42,2,2
San Marino,SMR,2014,84.394,Europe,0.22,1.42,2,2
San Marino,SMR,2015,84.596,Europe,0.2,1.42,2,2
San Marino,SMR,2016,84.775,Europe,0.18,1.42,2,2
San Marino,SMR,2017,84.933,Europe,0.16,1.42,2,2
San Marino,SMR,2018,85.095,Europe,0.16,1.42,2,2
San Marino,SMR,2019,85.257,Europe,0.16,1.42,2,2
San Marino,SMR,2020,82.65,Europe,-2.61,1.42,2,2
San Marino,SMR,2021,83.539,Europe,0.89,1.42,2,2
San Marino,SMR,2022,85.708,Europe,2.17,1.42,2,2
San Marino,SMR,2023,85.706,Europe,-0.0,1.42,2,2
San Marino,SMR,2024,85.817,Europe,0.11,1.42,2,2
"Somalia, Fed. Rep.",SOM,1960,43.543,Africa,,4.52,212,212
"Somalia, Fed. Rep.",SOM,1961,43.667,Africa,0.12,4.52,212,212
"Somalia, Fed. Rep.",SOM,1962,43.972,Africa,0.3,4.52,212,212
"Somalia, Fed. Rep.",SOM,1963,44.194,Africa,0.22,4.52,212,212
"Somalia, Fed. Rep.",SOM,1964,44.393,Africa,0.2,4.52,212,212
"Somalia, Fed. Rep.",SOM,1965,44.631,Africa,0.24,4.52,212,212
"Somalia, Fed. Rep.",SOM,1966,44.843,Africa,0.21,4.52,212,212
"Somalia, Fed. Rep.",SOM,1967,45.051,Africa,0.21,4.52,212,212
"Somalia, Fed. Rep.",SOM,1968,45.254,Africa,0.2,4.52,212,212
"Somalia, Fed. Rep.",SOM,1969,45.453,Africa,0.2,4.52,212,212
"Somalia, Fed. Rep.",SOM,1970,45.644,Africa,0.19,4.52,212,212
"Somalia, Fed. Rep.",SOM,1971,45.837,Africa,0.19,4.52,212,212
"Somalia, Fed. Rep.",SOM,1972,46.032,Africa,0.19,4.52,212,212
"Somalia, Fed. Rep.",SOM,1973,46.224,Africa,0.19,4.52,212,212
"Somalia, Fed. Rep.",SOM,1974,44.259,Africa,-1.96,4.52,212,212
"Somalia, Fed. Rep.",SOM,1975,44.49,Africa,0.23,4.52,212,212
"Somalia, Fed. Rep.",SOM,1976,44.727,Africa,0.24,4.52,212,212
"Somalia, Fed. Rep.",SOM,1977,47.004,Africa,2.28,4.52,212,212
"Somalia, Fed. Rep.",SOM,1978,47.013,Africa,0.01,4.52,212,212
"Somalia, Fed. Rep.",SOM,1979,47.405,Africa,0.39,4.52,212,212
"Somalia, Fed. Rep.",SOM,1980,47.611,Africa,0.21,4.52,212,212
"Somalia, Fed. Rep.",SOM,1981,47.817,Africa,0.21,4.52,212,212
"Somalia, Fed. Rep.",SOM,1982,48.02,Africa,0.2,4.52,212,212
"Somalia, Fed. Rep.",SOM,1983,48.23,Africa,0.21,4.52,212,212
"Somalia, Fed. Rep.",SOM,1984,48.438,Africa,0.21,4.52,212,212
"Somalia, Fed. Rep.",SOM,1985,48.279,Africa,-0.16,4.52,212,212
"Somalia, Fed. Rep.",SOM,1986,48.431,Africa,0.15,4.52,212,212
"Somalia, Fed. Rep.",SOM,1987,49.002,Africa,0.57,4.52,212,212
"Somalia, Fed. Rep.",SOM,1988,43.933,Africa,-5.07,4.52,212,212
"Somalia, Fed. Rep.",SOM,1989,46.648,Africa,2.72,4.52,212,212
"Somalia, Fed. Rep.",SOM,1990,46.896,Africa,0.25,4.52,212,212
"Somalia, Fed. Rep.",SOM,1991,25.418,Africa,-21.48,4.52,212,212
"Somalia, Fed. Rep.",SOM,1992,25.034,Africa,-0.38,4.52,212,212
"Somalia, Fed. Rep.",SOM,1993,50.551,Africa,25.52,4.52,212,212
"Somalia, Fed. Rep.",SOM,1994,50.303,Africa,-0.25,4.52,212,212
"Somalia, Fed. Rep.",SOM,1995,50.65,Africa,0.35,4.52,212,212
"Somalia, Fed. Rep.",SOM,1996,50.524,Africa,-0.13,4.52,212,212
"Somalia, Fed. Rep.",SOM,1997,50.278,Africa,-0.25,4.52,212,212
"Somalia, Fed. Rep.",SOM,1998,50.755,Africa,0.48,4.52,212,212
"Somalia, Fed. Rep.",SOM,1999,50.611,Africa,-0.14,4.52,212,212
"Somalia, Fed. Rep.",SOM,2000,50.747,Africa,0.14,4.52,212,212
"Somalia, Fed. Rep.",SOM,2001,50.829,Africa,0.08,4.52,212,212
"Somalia, Fed. Rep.",SOM,2002,50.82,Africa,-0.01,4.52,212,212
"Somalia, Fed. Rep.",SOM,2003,50.721,Africa,-0.1,4.52,212,212
"Somalia, Fed. Rep.",SOM,2004,50.685,Africa,-0.04,4.52,212,212
"Somalia, Fed. Rep.",SOM,2005,50.894,Africa,0.21,4.52,212,212
"Somalia, Fed. Rep.",SOM,2006,50.915,Africa,0.02,4.52,212,212
"Somalia, Fed. Rep.",SOM,2007,50.885,Africa,-0.03,4.52,212,212
"Somalia, Fed. Rep.",SOM,2008,51.456,Africa,0.57,4.52,212,212
"Somalia, Fed. Rep.",SOM,2009,52.101,Africa,0.64,4.52,212,212
"Somalia, Fed. Rep.",SOM,2010,48.9,Africa,-3.2,4.52,212,212
"Somalia, Fed. Rep.",SOM,2011,32.453,Africa,-16.45,4.52,212,212
"Somalia, Fed. Rep.",SOM,2012,49.138,Africa,16.68,4.52,212,212
"Somalia, Fed. Rep.",SOM,2013,54.016,Africa,4.88,4.52,212,212
"Somalia, Fed. Rep.",SOM,2014,54.442,Africa,0.43,4.52,212,212
"Somalia, Fed. Rep.",SOM,2015,55.056,Africa,0.61,4.52,212,212
"Somalia, Fed. Rep.",SOM,2016,55.283,Africa,0.23,4.52,212,212
"Somalia, Fed. Rep.",SOM,2017,52.19,Africa,-3.09,4.52,212,212
"Somalia, Fed. Rep.",SOM,2018,54.767,Africa,2.58,4.52,212,212
"Somalia, Fed. Rep.",SOM,2019,57.249,Africa,2.48,4.52,212,212
"Somalia, Fed. Rep.",SOM,2020,57.095,Africa,-0.15,4.52,212,212
"Somalia, Fed. Rep.",SOM,2021,55.703,Africa,-1.39,4.52,212,212
"Somalia, Fed. Rep.",SOM,2022,53.931,Africa,-1.77,4.52,212,212
"Somalia, Fed. Rep.",SOM,2023,58.816,Africa,4.89,4.52,212,212
"Somalia, Fed. Rep.",SOM,2024,58.967,Africa,0.15,4.52,212,212
Serbia,SRB,1960,65.5898536585366,Europe,,0.63,100,100
Serbia,SRB,1961,66.18419512195123,Europe,0.59,0.63,100,100
Serbia,SRB,1962,66.92304878048782,Europe,0.74,0.63,100,100
Serbia,SRB,1963,67.2328780487805,Europe,0.31,0.63,100,100
Serbia,SRB,1964,67.879,Europe,0.65,0.63,100,100
Serbia,SRB,1965,68.6011463414634,Europe,0.72,0.63,100,100
Serbia,SRB,1966,69.30707317073171,Europe,0.71,0.63,100,100
Serbia,SRB,1967,69.97073170731707,Europe,0.66,0.63,100,100
Serbia,SRB,1968,69.95478048780488,Europe,-0.02,0.63,100,100
Serbia,SRB,1969,69.90956097560975,Europe,-0.05,0.63,100,100
Serbia,SRB,1970,69.62929268292683,Europe,-0.28,0.63,100,100
Serbia,SRB,1971,69.6149024390244,Europe,-0.01,0.63,100,100
Serbia,SRB,1972,69.87163414634148,Europe,0.26,0.63,100,100
Serbia,SRB,1973,70.38148780487805,Europe,0.51,0.63,100,100
Serbia,SRB,1974,71.00629268292684,Europe,0.62,0.63,100,100
Serbia,SRB,1975,71.49358536585366,Europe,0.49,0.63,100,100
Serbia,SRB,1976,71.7468536585366,Europe,0.25,0.63,100,100
Serbia,SRB,1977,71.6648780487805,Europe,-0.08,0.63,100,100
Serbia,SRB,1978,71.34568292682928,Europe,-0.32,0.63,100,100
Serbia,SRB,1979,71.08458536585367,Europe,-0.26,0.63,100,100
Serbia,SRB,1980,70.9969756097561,Europe,-0.09,0.63,100,100
Serbia,SRB,1981,71.04492682926829,Europe,0.05,0.63,100,100
Serbia,SRB,1982,70.97446341463414,Europe,-0.07,0.63,100,100
Serbia,SRB,1983,71.03251219512195,Europe,0.06,0.63,100,100
Serbia,SRB,1984,71.0908780487805,Europe,0.06,0.63,100,100
Serbia,SRB,1985,71.36334146341464,Europe,0.27,0.63,100,100
Serbia,SRB,1986,71.5618292682927,Europe,0.2,0.63,100,100
Serbia,SRB,1987,71.77548780487805,Europe,0.21,0.63,100,100
Serbia,SRB,1988,71.97004878048782,Europe,0.19,0.63,100,100
Serbia,SRB,1989,72.25875609756098,Europe,0.29,0.63,100,100
Serbia,SRB,1990,72.15526829268295,Europe,-0.1,0.63,100,100
Serbia,SRB,1991,71.8760487804878,Europe,-0.28,0.63,100,100
Serbia,SRB,1992,71.56882926829267,Europe,-0.31,0.63,100,100
Serbia,SRB,1993,71.79468292682928,Europe,0.23,0.63,100,100
Serbia,SRB,1994,72.20402439024392,Europe,0.41,0.63,100,100
Serbia,SRB,1995,72.61573170731708,Europe,0.41,0.63,100,100
Serbia,SRB,1996,72.79485365853658,Europe,0.18,0.63,100,100
Serbia,SRB,1997,72.8280975609756,Europe,0.03,0.63,100,100
Serbia,SRB,1998,72.1948780487805,Europe,-0.63,0.63,100,100
Serbia,SRB,1999,69.92714634146341,Europe,-2.27,0.63,100,100
Serbia,SRB,2000,71.5829268292683,Europe,1.66,0.63,100,100
Serbia,SRB,2001,72.23414634146341,Europe,0.65,0.63,100,100
Serbia,SRB,2002,72.28536585365855,Europe,0.05,0.63,100,100
Serbia,SRB,2003,72.43658536585367,Europe,0.15,0.63,100,100
Serbia,SRB,2004,72.6829268292683,Europe,0.25,0.63,100,100
Serbia,SRB,2005,72.83414634146342,Europe,0.15,0.63,100,100
Serbia,SRB,2006,73.38536585365854,Europe,0.55,0.63,100,100
Serbia,SRB,2007,73.63170731707318,Europe,0.25,0.63,100,100
Serbia,SRB,2008,73.88536585365853,Europe,0.25,0.63,100,100
Serbia,SRB,2009,73.98536585365855,Europe,0.1,0.63,100,100
Serbia,SRB,2010,74.33658536585367,Europe,0.35,0.63,100,100
Serbia,SRB,2011,74.53658536585367,Europe,0.2,0.63,100,100
Serbia,SRB,2012,74.83658536585368,Europe,0.3,0.63,100,100
Serbia,SRB,2013,75.18536585365854,Europe,0.35,0.63,100,100
Serbia,SRB,2014,75.33658536585367,Europe,0.15,0.63,100,100
Serbia,SRB,2015,75.28780487804879,Europe,-0.05,0.63,100,100
Serbia,SRB,2016,75.68780487804878,Europe,0.4,0.63,100,100
Serbia,SRB,2017,75.53902439024391,Europe,-0.15,0.63,100,100
Serbia,SRB,2018,75.89024390243902,Europe,0.35,0.63,100,100
Serbia,SRB,2019,75.93658536585367,Europe,0.05,0.63,100,100
Serbia,SRB,2020,74.47804878048781,Europe,-1.46,0.63,100,100
Serbia,SRB,2021,72.78048780487805,Europe,-1.7,0.63,100,100
Serbia,SRB,2022,75.23658536585367,Europe,2.46,0.63,100,100
Serbia,SRB,2023,76.14146341463415,Europe,0.9,0.63,100,100
Serbia,SRB,2024,75.96829268292684,Europe,-0.17,0.63,100,100
South Sudan,SSD,1960,28.054,Africa,,12.11,214,214
South Sudan,SSD,1961,28.278,Africa,0.22,12.11,214,214
South Sudan,SSD,1962,28.506,Africa,0.23,12.11,214,214
South Sudan,SSD,1963,28.249,Africa,-0.26,12.11,214,214
South Sudan,SSD,1964,32.458,Africa,4.21,12.11,214,214
South Sudan,SSD,1965,28.781,Africa,-3.68,12.11,214,214
South Sudan,SSD,1966,25.633,Africa,-3.15,12.11,214,214
South Sudan,SSD,1967,25.858,Africa,0.23,12.11,214,214
South Sudan,SSD,1968,26.103,Africa,0.25,12.11,214,214
South Sudan,SSD,1969,25.396,Africa,-0.71,12.11,214,214
South Sudan,SSD,1970,25.632,Africa,0.24,12.11,214,214
South Sudan,SSD,1971,30.993,Africa,5.36,12.11,214,214
South Sudan,SSD,1972,31.291,Africa,0.3,12.11,214,214
South Sudan,SSD,1973,36.277,Africa,4.99,12.11,214,214
South Sudan,SSD,1974,36.589,Africa,0.31,12.11,214,214
South Sudan,SSD,1975,36.867,Africa,0.28,12.11,214,214
South Sudan,SSD,1976,37.092,Africa,0.23,12.11,214,214
South Sudan,SSD,1977,37.397,Africa,0.3,12.11,214,214
South Sudan,SSD,1978,37.592,Africa,0.2,12.11,214,214
South Sudan,SSD,1979,37.805,Africa,0.21,12.11,214,214
South Sudan,SSD,1980,38.034,Africa,0.23,12.11,214,214
South Sudan,SSD,1981,38.313,Africa,0.28,12.11,214,214
South Sudan,SSD,1982,38.677,Africa,0.36,12.11,214,214
South Sudan,SSD,1983,34.733,Africa,-3.94,12.11,214,214
South Sudan,SSD,1984,31.788,Africa,-2.94,12.11,214,214
South Sudan,SSD,1985,32.36,Africa,0.57,12.11,214,214
South Sudan,SSD,1986,32.816,Africa,0.46,12.11,214,214
South Sudan,SSD,1987,20.721,Africa,-12.1,12.11,214,214
South Sudan,SSD,1988,10.989,Africa,-9.73,12.11,214,214
South Sudan,SSD,1989,28.217,Africa,17.23,12.11,214,214
South Sudan,SSD,1990,28.628,Africa,0.41,12.11,214,214
South Sudan,SSD,1991,29.185,Africa,0.56,12.11,214,214
South Sudan,SSD,1992,21.938,Africa,-7.25,12.11,214,214
South Sudan,SSD,1993,22.263,Africa,0.33,12.11,214,214
South Sudan,SSD,1994,44.858,Africa,22.59,12.11,214,214
South Sudan,SSD,1995,31.51,Africa,-13.35,12.11,214,214
South Sudan,SSD,1996,32.124,Africa,0.61,12.11,214,214
South Sudan,SSD,1997,33.068,Africa,0.94,12.11,214,214
South Sudan,SSD,1998,19.048,Africa,-14.02,12.11,214,214
South Sudan,SSD,1999,44.537,Africa,25.49,12.11,214,214
South Sudan,SSD,2000,47.591,Africa,3.05,12.11,214,214
South Sudan,SSD,2001,48.55,Africa,0.96,12.11,214,214
South Sudan,SSD,2002,49.394,Africa,0.84,12.11,214,214
South Sudan,SSD,2003,52.324,Africa,2.93,12.11,214,214
South Sudan,SSD,2004,53.052,Africa,0.73,12.11,214,214
South Sudan,SSD,2005,53.965,Africa,0.91,12.11,214,214
South Sudan,SSD,2006,54.653,Africa,0.69,12.11,214,214
South Sudan,SSD,2007,55.425,Africa,0.77,12.11,214,214
South Sudan,SSD,2008,56.28,Africa,0.86,12.11,214,214
South Sudan,SSD,2009,56.848,Africa,0.57,12.11,214,214
South Sudan,SSD,2010,57.485,Africa,0.64,12.11,214,214
South Sudan,SSD,2011,57.674,Africa,0.19,12.11,214,214
South Sudan,SSD,2012,58.241,Africa,0.57,12.11,214,214
South Sudan,SSD,2013,58.285,Africa,0.04,12.11,214,214
South Sudan,SSD,2014,45.625,Africa,-12.66,12.11,214,214
South Sudan,SSD,2015,39.757,Africa,-5.87,12.11,214,214
South Sudan,SSD,2016,36.72,Africa,-3.04,12.11,214,214
South Sudan,SSD,2017,35.351,Africa,-1.37,12.11,214,214
South Sudan,SSD,2018,51.905,Africa,16.55,12.11,214,214
South Sudan,SSD,2019,58.129,Africa,6.22,12.11,214,214
South Sudan,SSD,2020,57.648,Africa,-0.48,12.11,214,214
South Sudan,SSD,2021,57.047,Africa,-0.6,12.11,214,214
South Sudan,SSD,2022,57.203,Africa,0.16,12.11,214,214
South Sudan,SSD,2023,57.617,Africa,0.41,12.11,214,214
South Sudan,SSD,2024,57.738,Africa,0.12,12.11,214,214
Sao Tome and Principe,STP,1960,43.564,Africa,,4.43,155,155
Sao Tome and Principe,STP,1961,45.193,Africa,1.63,4.43,155,155
Sao Tome and Principe,STP,1962,46.843,Africa,1.65,4.43,155,155
Sao Tome and Principe,STP,1963,48.4,Africa,1.56,4.43,155,155
Sao Tome and Principe,STP,1964,49.739,Africa,1.34,4.43,155,155
Sao Tome and Principe,STP,1965,51.072,Africa,1.33,4.43,155,155
Sao Tome and Principe,STP,1966,52.309,Africa,1.24,4.43,155,155
Sao Tome and Principe,STP,1967,53.449,Africa,1.14,4.43,155,155
Sao Tome and Principe,STP,1968,54.491,Africa,1.04,4.43,155,155
Sao Tome and Principe,STP,1969,55.4,Africa,0.91,4.43,155,155
Sao Tome and Principe,STP,1970,56.267,Africa,0.87,4.43,155,155
Sao Tome and Principe,STP,1971,56.965,Africa,0.7,4.43,155,155
Sao Tome and Principe,STP,1972,57.448,Africa,0.48,4.43,155,155
Sao Tome and Principe,STP,1973,57.896,Africa,0.45,4.43,155,155
Sao Tome and Principe,STP,1974,58.262,Africa,0.37,4.43,155,155
Sao Tome and Principe,STP,1975,58.561,Africa,0.3,4.43,155,155
Sao Tome and Principe,STP,1976,58.782,Africa,0.22,4.43,155,155
Sao Tome and Principe,STP,1977,58.979,Africa,0.2,4.43,155,155
Sao Tome and Principe,STP,1978,59.141,Africa,0.16,4.43,155,155
Sao Tome and Principe,STP,1979,59.273,Africa,0.13,4.43,155,155
Sao Tome and Principe,STP,1980,59.361,Africa,0.09,4.43,155,155
Sao Tome and Principe,STP,1981,59.432,Africa,0.07,4.43,155,155
Sao Tome and Principe,STP,1982,59.533,Africa,0.1,4.43,155,155
Sao Tome and Principe,STP,1983,59.679,Africa,0.15,4.43,155,155
Sao Tome and Principe,STP,1984,59.893,Africa,0.21,4.43,155,155
Sao Tome and Principe,STP,1985,60.139,Africa,0.25,4.43,155,155
Sao Tome and Principe,STP,1986,57.605,Africa,-2.53,4.43,155,155
Sao Tome and Principe,STP,1987,60.663,Africa,3.06,4.43,155,155
Sao Tome and Principe,STP,1988,60.808,Africa,0.15,4.43,155,155
Sao Tome and Principe,STP,1989,59.731,Africa,-1.08,4.43,155,155
Sao Tome and Principe,STP,1990,60.707,Africa,0.98,4.43,155,155
Sao Tome and Principe,STP,1991,60.792,Africa,0.09,4.43,155,155
Sao Tome and Principe,STP,1992,60.706,Africa,-0.09,4.43,155,155
Sao Tome and Principe,STP,1993,60.618,Africa,-0.09,4.43,155,155
Sao Tome and Principe,STP,1994,60.552,Africa,-0.07,4.43,155,155
Sao Tome and Principe,STP,1995,60.536,Africa,-0.02,4.43,155,155
Sao Tome and Principe,STP,1996,60.576,Africa,0.04,4.43,155,155
Sao Tome and Principe,STP,1997,60.648,Africa,0.07,4.43,155,155
Sao Tome and Principe,STP,1998,60.785,Africa,0.14,4.43,155,155
Sao Tome and Principe,STP,1999,60.976,Africa,0.19,4.43,155,155
Sao Tome and Principe,STP,2000,61.207,Africa,0.23,4.43,155,155
Sao Tome and Principe,STP,2001,61.5,Africa,0.29,4.43,155,155
Sao Tome and Principe,STP,2002,61.826,Africa,0.33,4.43,155,155
Sao Tome and Principe,STP,2003,62.158,Africa,0.33,4.43,155,155
Sao Tome and Principe,STP,2004,62.56,Africa,0.4,4.43,155,155
Sao Tome and Principe,STP,2005,62.434,Africa,-0.13,4.43,155,155
Sao Tome and Principe,STP,2006,63.041,Africa,0.61,4.43,155,155
Sao Tome and Principe,STP,2007,63.336,Africa,0.3,4.43,155,155
Sao Tome and Principe,STP,2008,63.448,Africa,0.11,4.43,155,155
Sao Tome and Principe,STP,2009,63.669,Africa,0.22,4.43,155,155
Sao Tome and Principe,STP,2010,63.867,Africa,0.2,4.43,155,155
Sao Tome and Principe,STP,2011,64.122,Africa,0.26,4.43,155,155
Sao Tome and Principe,STP,2012,64.505,Africa,0.38,4.43,155,155
Sao Tome and Principe,STP,2013,64.93,Africa,0.43,4.43,155,155
Sao Tome and Principe,STP,2014,65.478,Africa,0.55,4.43,155,155
Sao Tome and Principe,STP,2015,66.023,Africa,0.55,4.43,155,155
Sao Tome and Principe,STP,2016,66.563,Africa,0.54,4.43,155,155
Sao Tome and Principe,STP,2017,67.074,Africa,0.51,4.43,155,155
Sao Tome and Principe,STP,2018,67.602,Africa,0.53,4.43,155,155
Sao Tome and Principe,STP,2019,68.043,Africa,0.44,4.43,155,155
Sao Tome and Principe,STP,2020,67.979,Africa,-0.06,4.43,155,155
Sao Tome and Principe,STP,2021,68.026,Africa,0.05,4.43,155,155
Sao Tome and Principe,STP,2022,69.237,Africa,1.21,4.43,155,155
Sao Tome and Principe,STP,2023,69.718,Africa,0.48,4.43,155,155
Sao Tome and Principe,STP,2024,69.905,Africa,0.19,4.43,155,155
Suriname,SUR,1960,56.595,America,,3.43,118,118
Suriname,SUR,1961,57.29,America,0.7,3.43,118,118
Suriname,SUR,1962,58.023,America,0.73,3.43,118,118
Suriname,SUR,1963,58.496,America,0.47,3.43,118,118
Suriname,SUR,1964,58.908,America,0.41,3.43,118,118
Suriname,SUR,1965,59.137,America,0.23,3.43,118,118
Suriname,SUR,1966,59.232,America,0.09,3.43,118,118
Suriname,SUR,1967,59.172,America,-0.06,3.43,118,118
Suriname,SUR,1968,59.292,America,0.12,3.43,118,118
Suriname,SUR,1969,59.394,America,0.1,3.43,118,118
Suriname,SUR,1970,59.494,America,0.1,3.43,118,118
Suriname,SUR,1971,59.59,America,0.1,3.43,118,118
Suriname,SUR,1972,59.685,America,0.09,3.43,118,118
Suriname,SUR,1973,59.793,America,0.11,3.43,118,118
Suriname,SUR,1974,59.914,America,0.12,3.43,118,118
Suriname,SUR,1975,60.035,America,0.12,3.43,118,118
Suriname,SUR,1976,60.155,America,0.12,3.43,118,118
Suriname,SUR,1977,60.277,America,0.12,3.43,118,118
Suriname,SUR,1978,60.401,America,0.12,3.43,118,118
Suriname,SUR,1979,60.527,America,0.13,3.43,118,118
Suriname,SUR,1980,60.654,America,0.13,3.43,118,118
Suriname,SUR,1981,60.795,America,0.14,3.43,118,118
Suriname,SUR,1982,60.934,America,0.14,3.43,118,118
Suriname,SUR,1983,61.072,America,0.14,3.43,118,118
Suriname,SUR,1984,61.211,America,0.14,3.43,118,118
Suriname,SUR,1985,61.358,America,0.15,3.43,118,118
Suriname,SUR,1986,61.159,America,-0.2,3.43,118,118
Suriname,SUR,1987,61.314,America,0.16,3.43,118,118
Suriname,SUR,1988,61.477,America,0.16,3.43,118,118
Suriname,SUR,1989,61.982,America,0.51,3.43,118,118
Suriname,SUR,1990,62.088,America,0.11,3.43,118,118
Suriname,SUR,1991,62.151,America,0.06,3.43,118,118
Suriname,SUR,1992,62.246,America,0.09,3.43,118,118
Suriname,SUR,1993,62.382,America,0.14,3.43,118,118
Suriname,SUR,1994,62.542,America,0.16,3.43,118,118
Suriname,SUR,1995,62.779,America,0.24,3.43,118,118
Suriname,SUR,1996,63.079,America,0.3,3.43,118,118
Suriname,SUR,1997,63.385,America,0.31,3.43,118,118
Suriname,SUR,1998,63.706,America,0.32,3.43,118,118
Suriname,SUR,1999,64.035,America,0.33,3.43,118,118
Suriname,SUR,2000,64.409,America,0.37,3.43,118,118
Suriname,SUR,2001,64.82,America,0.41,3.43,118,118
Suriname,SUR,2002,65.274,America,0.45,3.43,118,118
Suriname,SUR,2003,65.778,America,0.5,3.43,118,118
Suriname,SUR,2004,66.362,America,0.58,3.43,118,118
Suriname,SUR,2005,66.997,America,0.64,3.43,118,118
Suriname,SUR,2006,67.643,America,0.65,3.43,118,118
Suriname,SUR,2007,68.307,America,0.66,3.43,118,118
Suriname,SUR,2008,68.873,America,0.57,3.43,118,118
Suriname,SUR,2009,69.323,America,0.45,3.43,118,118
Suriname,SUR,2010,69.626,America,0.3,3.43,118,118
Suriname,SUR,2011,69.82,America,0.19,3.43,118,118
Suriname,SUR,2012,69.957,America,0.14,3.43,118,118
Suriname,SUR,2013,70.11,America,0.15,3.43,118,118
Suriname,SUR,2014,70.33,America,0.22,3.43,118,118
Suriname,SUR,2015,70.567,America,0.24,3.43,118,118
Suriname,SUR,2016,70.979,America,0.41,3.43,118,118
Suriname,SUR,2017,71.247,America,0.27,3.43,118,118
Suriname,SUR,2018,71.468,America,0.22,3.43,118,118
Suriname,SUR,2019,71.773,America,0.3,3.43,118,118
Suriname,SUR,2020,72.321,America,0.55,3.43,118,118
Suriname,SUR,2021,68.943,America,-3.38,3.43,118,118
Suriname,SUR,2022,73.254,America,4.31,3.43,118,118
Suriname,SUR,2023,73.631,America,0.38,3.43,118,118
Suriname,SUR,2024,73.757,America,0.13,3.43,118,118
Slovak Republic,SVK,1960,70.26978048780488,Europe,,1.56,63,63
Slovak Republic,SVK,1961,70.7239024390244,Europe,0.45,1.56,63,63
Slovak Republic,SVK,1962,70.27029268292684,Europe,-0.45,1.56,63,63
Slovak Republic,SVK,1963,70.63341463414635,Europe,0.36,1.56,63,63
Slovak Republic,SVK,1964,71.0198780487805,Europe,0.39,1.56,63,63
Slovak Republic,SVK,1965,70.23526829268293,Europe,-0.78,1.56,63,63
Slovak Republic,SVK,1966,70.37743902439026,Europe,0.14,1.56,63,63
Slovak Republic,SVK,1967,70.92558536585366,Europe,0.55,1.56,63,63
Slovak Republic,SVK,1968,70.43675609756099,Europe,-0.49,1.56,63,63
Slovak Republic,SVK,1969,69.79539024390245,Europe,-0.64,1.56,63,63
Slovak Republic,SVK,1970,69.71258536585366,Europe,-0.08,1.56,63,63
Slovak Republic,SVK,1971,69.86256097560977,Europe,0.15,1.56,63,63
Slovak Republic,SVK,1972,70.29821951219513,Europe,0.44,1.56,63,63
Slovak Republic,SVK,1973,70.02139024390245,Europe,-0.28,1.56,63,63
Slovak Republic,SVK,1974,70.17817073170733,Europe,0.16,1.56,63,63
Slovak Republic,SVK,1975,70.30504878048781,Europe,0.13,1.56,63,63
Slovak Republic,SVK,1976,70.46319512195122,Europe,0.16,1.56,63,63
Slovak Republic,SVK,1977,70.42312195121951,Europe,-0.04,1.56,63,63
Slovak Republic,SVK,1978,70.42643902439025,Europe,0.0,1.56,63,63
Slovak Republic,SVK,1979,70.74473170731709,Europe,0.32,1.56,63,63
Slovak Republic,SVK,1980,70.40853658536587,Europe,-0.34,1.56,63,63
Slovak Republic,SVK,1981,70.62926829268294,Europe,0.22,1.56,63,63
Slovak Republic,SVK,1982,70.6890243902439,Europe,0.06,1.56,63,63
Slovak Republic,SVK,1983,70.47902439024392,Europe,-0.21,1.56,63,63
Slovak Republic,SVK,1984,70.75097560975611,Europe,0.27,1.56,63,63
Slovak Republic,SVK,1985,70.73463414634146,Europe,-0.02,1.56,63,63
Slovak Republic,SVK,1986,71.02121951219513,Europe,0.29,1.56,63,63
Slovak Republic,SVK,1987,71.08878048780488,Europe,0.07,1.56,63,63
Slovak Republic,SVK,1988,71.20780487804879,Europe,0.12,1.56,63,63
Slovak Republic,SVK,1989,71.02634146341464,Europe,-0.18,1.56,63,63
Slovak Republic,SVK,1990,70.93268292682927,Europe,-0.09,1.56,63,63
Slovak Republic,SVK,1991,70.8829268292683,Europe,-0.05,1.56,63,63
Slovak Republic,SVK,1992,71.79512195121953,Europe,0.91,1.56,63,63
Slovak Republic,SVK,1993,72.4487804878049,Europe,0.65,1.56,63,63
Slovak Republic,SVK,1994,72.30000000000001,Europe,-0.15,1.56,63,63
Slovak Republic,SVK,1995,72.25365853658538,Europe,-0.05,1.56,63,63
Slovak Republic,SVK,1996,72.65365853658537,Europe,0.4,1.56,63,63
Slovak Republic,SVK,1997,72.7048780487805,Europe,0.05,1.56,63,63
Slovak Republic,SVK,1998,72.55121951219513,Europe,-0.15,1.56,63,63
Slovak Republic,SVK,1999,72.90243902439025,Europe,0.35,1.56,63,63
Slovak Republic,SVK,2000,73.05121951219513,Europe,0.15,1.56,63,63
Slovak Republic,SVK,2001,73.40243902439026,Europe,0.35,1.56,63,63
Slovak Republic,SVK,2002,73.60487804878049,Europe,0.2,1.56,63,63
Slovak Republic,SVK,2003,73.60487804878049,Europe,0.0,1.56,63,63
Slovak Republic,SVK,2004,73.95853658536586,Europe,0.35,1.56,63,63
Slovak Republic,SVK,2005,73.90487804878049,Europe,-0.05,1.56,63,63
Slovak Republic,SVK,2006,74.2048780487805,Europe,0.3,1.56,63,63
Slovak Republic,SVK,2007,74.20731707317074,Europe,0.0,1.56,63,63
Slovak Republic,SVK,2008,74.7048780487805,Europe,0.5,1.56,63,63
Slovak Republic,SVK,2009,74.90975609756099,Europe,0.2,1.56,63,63
Slovak Republic,SVK,2010,75.11219512195122,Europe,0.2,1.56,63,63
Slovak Republic,SVK,2011,75.95853658536586,Europe,0.85,1.56,63,63
Slovak Republic,SVK,2012,76.10975609756099,Europe,0.15,1.56,63,63
Slovak Republic,SVK,2013,76.41219512195123,Europe,0.3,1.56,63,63
Slovak Republic,SVK,2014,76.81219512195123,Europe,0.4,1.56,63,63
Slovak Republic,SVK,2015,76.56341463414634,Europe,-0.25,1.56,63,63
Slovak Republic,SVK,2016,77.16585365853659,Europe,0.6,1.56,63,63
Slovak Republic,SVK,2017,77.16585365853659,Europe,0.0,1.56,63,63
Slovak Republic,SVK,2018,77.2658536585366,Europe,0.1,1.56,63,63
Slovak Republic,SVK,2019,77.66585365853659,Europe,0.4,1.56,63,63
Slovak Republic,SVK,2020,76.86585365853658,Europe,-0.8,1.56,63,63
Slovak Republic,SVK,2021,74.61463414634147,Europe,-2.25,1.56,63,63
Slovak Republic,SVK,2022,76.96585365853659,Europe,2.35,1.56,63,63
Slovak Republic,SVK,2023,78.11951219512196,Europe,1.15,1.56,63,63
Slovak Republic,SVK,2024,78.37073170731709,Europe,0.25,1.56,63,63
Slovenia,SVN,1960,68.97804878048781,Europe,,1.21,32,32
Slovenia,SVN,1961,68.97804878048781,Europe,0.0,1.21,32,32
Slovenia,SVN,1962,68.97804878048781,Europe,0.0,1.21,32,32
Slovenia,SVN,1963,68.62195121951221,Europe,-0.36,1.21,32,32
Slovenia,SVN,1964,68.66341463414635,Europe,0.04,1.21,32,32
Slovenia,SVN,1965,68.3658536585366,Europe,-0.3,1.21,32,32
Slovenia,SVN,1966,69.01219512195124,Europe,0.65,1.21,32,32
Slovenia,SVN,1967,69.36585365853658,Europe,0.35,1.21,32,32
Slovenia,SVN,1968,68.91707317073171,Europe,-0.45,1.21,32,32
Slovenia,SVN,1969,68.3609756097561,Europe,-0.56,1.21,32,32
Slovenia,SVN,1970,68.60975609756099,Europe,0.25,1.21,32,32
Slovenia,SVN,1971,68.83414634146342,Europe,0.22,1.21,32,32
Slovenia,SVN,1972,69.05853658536587,Europe,0.22,1.21,32,32
Slovenia,SVN,1973,69.40487804878049,Europe,0.35,1.21,32,32
Slovenia,SVN,1974,70.1609756097561,Europe,0.76,1.21,32,32
Slovenia,SVN,1975,70.35853658536587,Europe,0.2,1.21,32,32
Slovenia,SVN,1976,70.30731707317074,Europe,-0.05,1.21,32,32
Slovenia,SVN,1977,70.55609756097562,Europe,0.25,1.21,32,32
Slovenia,SVN,1978,70.70243902439024,Europe,0.15,1.21,32,32
Slovenia,SVN,1979,70.85365853658537,Europe,0.15,1.21,32,32
Slovenia,SVN,1980,71.10487804878049,Europe,0.25,1.21,32,32
Slovenia,SVN,1981,71.2048780487805,Europe,0.1,1.21,32,32
Slovenia,SVN,1982,71.05365853658537,Europe,-0.15,1.21,32,32
Slovenia,SVN,1983,70.54146341463417,Europe,-0.51,1.21,32,32
Slovenia,SVN,1984,70.90243902439026,Europe,0.36,1.21,32,32
Slovenia,SVN,1985,71.35121951219513,Europe,0.45,1.21,32,32
Slovenia,SVN,1986,71.80243902439027,Europe,0.45,1.21,32,32
Slovenia,SVN,1987,72.00243902439024,Europe,0.2,1.21,32,32
Slovenia,SVN,1988,72.44634146341464,Europe,0.44,1.21,32,32
Slovenia,SVN,1989,72.7048780487805,Europe,0.26,1.21,32,32
Slovenia,SVN,1990,73.20487804878049,Europe,0.5,1.21,32,32
Slovenia,SVN,1991,73.35365853658537,Europe,0.15,1.21,32,32
Slovenia,SVN,1992,73.3048780487805,Europe,-0.05,1.21,32,32
Slovenia,SVN,1993,73.25365853658538,Europe,-0.05,1.21,32,32
Slovenia,SVN,1994,73.4048780487805,Europe,0.15,1.21,32,32
Slovenia,SVN,1995,73.95853658536586,Europe,0.55,1.21,32,32
Slovenia,SVN,1996,74.45853658536585,Europe,0.5,1.21,32,32
Slovenia,SVN,1997,74.70731707317073,Europe,0.25,1.21,32,32
Slovenia,SVN,1998,74.80731707317075,Europe,0.1,1.21,32,32
Slovenia,SVN,1999,75.00975609756098,Europe,0.2,1.21,32,32
Slovenia,SVN,2000,75.41219512195123,Europe,0.4,1.21,32,32
Slovenia,SVN,2001,75.75853658536586,Europe,0.35,1.21,32,32
Slovenia,SVN,2002,76.00731707317074,Europe,0.25,1.21,32,32
Slovenia,SVN,2003,76.85853658536585,Europe,0.85,1.21,32,32
Slovenia,SVN,2004,77.20731707317073,Europe,0.35,1.21,32,32
Slovenia,SVN,2005,77.61219512195122,Europe,0.4,1.21,32,32
Slovenia,SVN,2006,78.08658536585367,Europe,0.47,1.21,32,32
Slovenia,SVN,2007,78.56097560975611,Europe,0.47,1.21,32,32
Slovenia,SVN,2008,78.7658536585366,Europe,0.2,1.21,32,32
Slovenia,SVN,2009,78.97073170731707,Europe,0.2,1.21,32,32
Slovenia,SVN,2010,79.4219512195122,Europe,0.45,1.21,32,32
Slovenia,SVN,2011,79.97073170731709,Europe,0.55,1.21,32,32
Slovenia,SVN,2012,80.12439024390244,Europe,0.15,1.21,32,32
Slovenia,SVN,2013,80.3219512195122,Europe,0.2,1.21,32,32
Slovenia,SVN,2014,81.0780487804878,Europe,0.76,1.21,32,32
Slovenia,SVN,2015,80.77560975609757,Europe,-0.3,1.21,32,32
Slovenia,SVN,2016,81.17560975609757,Europe,0.4,1.21,32,32
Slovenia,SVN,2017,81.02926829268294,Europe,-0.15,1.21,32,32
Slovenia,SVN,2018,81.3780487804878,Europe,0.35,1.21,32,32
Slovenia,SVN,2019,81.52926829268293,Europe,0.15,1.21,32,32
Slovenia,SVN,2020,80.53170731707318,Europe,-1.0,1.21,32,32
Slovenia,SVN,2021,80.67560975609756,Europe,0.14,1.21,32,32
Slovenia,SVN,2022,81.28292682926829,Europe,0.61,1.21,32,32
Slovenia,SVN,2023,81.92926829268292,Europe,0.65,1.21,32,32
Slovenia,SVN,2024,82.28536585365855,Europe,0.36,1.21,32,32
Sweden,SWE,1960,73.00560975609757,Europe,,1.81,9,9
Sweden,SWE,1961,73.47439024390245,Europe,0.47,1.81,9,9
Sweden,SWE,1962,73.35048780487806,Europe,-0.12,1.81,9,9
Sweden,SWE,1963,73.55536585365854,Europe,0.2,1.81,9,9
Sweden,SWE,1964,73.73317073170732,Europe,0.18,1.81,9,9
Sweden,SWE,1965,73.86170731707317,Europe,0.13,1.81,9,9
Sweden,SWE,1966,74.07853658536585,Europe,0.22,1.81,9,9
Sweden,SWE,1967,74.12243902439026,Europe,0.04,1.81,9,9
Sweden,SWE,1968,73.97292682926829,Europe,-0.15,1.81,9,9
Sweden,SWE,1969,74.08487804878051,Europe,0.11,1.81,9,9
Sweden,SWE,1970,74.64926829268293,Europe,0.56,1.81,9,9
Sweden,SWE,1971,74.6239024390244,Europe,-0.03,1.81,9,9
Sweden,SWE,1972,74.71804878048782,Europe,0.09,1.81,9,9
Sweden,SWE,1973,74.86731707317074,Europe,0.15,1.81,9,9
Sweden,SWE,1974,74.98048780487805,Europe,0.11,1.81,9,9
Sweden,SWE,1975,74.98463414634148,Europe,0.0,1.81,9,9
Sweden,SWE,1976,74.96926829268294,Europe,-0.02,1.81,9,9
Sweden,SWE,1977,75.37975609756099,Europe,0.41,1.81,9,9
Sweden,SWE,1978,75.46902439024392,Europe,0.09,1.81,9,9
Sweden,SWE,1979,75.52414634146342,Europe,0.06,1.81,9,9
Sweden,SWE,1980,75.7409756097561,Europe,0.22,1.81,9,9
Sweden,SWE,1981,76.02609756097561,Europe,0.29,1.81,9,9
Sweden,SWE,1982,76.32731707317075,Europe,0.3,1.81,9,9
Sweden,SWE,1983,76.55170731707317,Europe,0.22,1.81,9,9
Sweden,SWE,1984,76.81585365853661,Europe,0.26,1.81,9,9
Sweden,SWE,1985,76.6678048780488,Europe,-0.15,1.81,9,9
Sweden,SWE,1986,76.93121951219513,Europe,0.26,1.81,9,9
Sweden,SWE,1987,77.09219512195124,Europe,0.16,1.81,9,9
Sweden,SWE,1988,76.97926829268293,Europe,-0.11,1.81,9,9
Sweden,SWE,1989,77.72682926829269,Europe,0.75,1.81,9,9
Sweden,SWE,1990,77.53682926829269,Europe,-0.19,1.81,9,9
Sweden,SWE,1991,77.66682926829269,Europe,0.13,1.81,9,9
Sweden,SWE,1992,77.99878048780488,Europe,0.33,1.81,9,9
Sweden,SWE,1993,78.06048780487805,Europe,0.06,1.81,9,9
Sweden,SWE,1994,78.65024390243903,Europe,0.59,1.81,9,9
Sweden,SWE,1995,78.74048780487806,Europe,0.09,1.81,9,9
Sweden,SWE,1996,78.9590243902439,Europe,0.22,1.81,9,9
Sweden,SWE,1997,79.19756097560978,Europe,0.24,1.81,9,9
Sweden,SWE,1998,79.33902439024392,Europe,0.14,1.81,9,9
Sweden,SWE,1999,79.44146341463416,Europe,0.1,1.81,9,9
Sweden,SWE,2000,79.6439024390244,Europe,0.2,1.81,9,9
Sweden,SWE,2001,79.79512195121951,Europe,0.15,1.81,9,9
Sweden,SWE,2002,79.84634146341465,Europe,0.05,1.81,9,9
Sweden,SWE,2003,80.09512195121953,Europe,0.25,1.81,9,9
Sweden,SWE,2004,80.49756097560977,Europe,0.4,1.81,9,9
Sweden,SWE,2005,80.54634146341465,Europe,0.05,1.81,9,9
Sweden,SWE,2006,80.7487804878049,Europe,0.2,1.81,9,9
Sweden,SWE,2007,80.90000000000002,Europe,0.15,1.81,9,9
Sweden,SWE,2008,81.10000000000001,Europe,0.2,1.81,9,9
Sweden,SWE,2009,81.35121951219513,Europe,0.25,1.81,9,9
Sweden,SWE,2010,81.45121951219514,Europe,0.1,1.81,9,9
Sweden,SWE,2011,81.80243902439025,Europe,0.35,1.81,9,9
Sweden,SWE,2012,81.7048780487805,Europe,-0.1,1.81,9,9
Sweden,SWE,2013,81.9560975609756,Europe,0.25,1.81,9,9
Sweden,SWE,2014,82.25365853658538,Europe,0.3,1.81,9,9
Sweden,SWE,2015,82.2048780487805,Europe,-0.05,1.81,9,9
Sweden,SWE,2016,82.30731707317074,Europe,0.1,1.81,9,9
Sweden,SWE,2017,82.40975609756099,Europe,0.1,1.81,9,9
Sweden,SWE,2018,82.55853658536586,Europe,0.15,1.81,9,9
Sweden,SWE,2019,83.10975609756099,Europe,0.55,1.81,9,9
Sweden,SWE,2020,82.35609756097561,Europe,-0.75,1.81,9,9
Sweden,SWE,2021,83.05609756097562,Europe,0.7,1.81,9,9
Sweden,SWE,2022,83.05853658536587,Europe,0.0,1.81,9,9
Sweden,SWE,2023,83.30975609756099,Europe,0.25,1.81,9,9
Sweden,SWE,2024,84.06341463414634,Europe,0.75,1.81,9,9
Eswatini,SWZ,1960,46.389,Africa,,10.77,192,192
Eswatini,SWZ,1961,46.75,Africa,0.36,10.77,192,192
Eswatini,SWZ,1962,47.145,Africa,0.4,10.77,192,192
Eswatini,SWZ,1963,47.471,Africa,0.33,10.77,192,192
Eswatini,SWZ,1964,47.922,Africa,0.45,10.77,192,192
Eswatini,SWZ,1965,48.431,Africa,0.51,10.77,192,192
Eswatini,SWZ,1966,48.99,Africa,0.56,10.77,192,192
Eswatini,SWZ,1967,49.526,Africa,0.54,10.77,192,192
Eswatini,SWZ,1968,50.084,Africa,0.56,10.77,192,192
Eswatini,SWZ,1969,50.641,Africa,0.56,10.77,192,192
Eswatini,SWZ,1970,51.208,Africa,0.57,10.77,192,192
Eswatini,SWZ,1971,51.779,Africa,0.57,10.77,192,192
Eswatini,SWZ,1972,52.352,Africa,0.57,10.77,192,192
Eswatini,SWZ,1973,52.99,Africa,0.64,10.77,192,192
Eswatini,SWZ,1974,53.656,Africa,0.67,10.77,192,192
Eswatini,SWZ,1975,54.399,Africa,0.74,10.77,192,192
Eswatini,SWZ,1976,55.172,Africa,0.77,10.77,192,192
Eswatini,SWZ,1977,55.973,Africa,0.8,10.77,192,192
Eswatini,SWZ,1978,56.785,Africa,0.81,10.77,192,192
Eswatini,SWZ,1979,57.536,Africa,0.75,10.77,192,192
Eswatini,SWZ,1980,58.227,Africa,0.69,10.77,192,192
Eswatini,SWZ,1981,58.788,Africa,0.56,10.77,192,192
Eswatini,SWZ,1982,59.467,Africa,0.68,10.77,192,192
Eswatini,SWZ,1983,58.418,Africa,-1.05,10.77,192,192
Eswatini,SWZ,1984,60.439,Africa,2.02,10.77,192,192
Eswatini,SWZ,1985,61.165,Africa,0.73,10.77,192,192
Eswatini,SWZ,1986,61.598,Africa,0.43,10.77,192,192
Eswatini,SWZ,1987,61.899,Africa,0.3,10.77,192,192
Eswatini,SWZ,1988,61.934,Africa,0.03,10.77,192,192
Eswatini,SWZ,1989,61.669,Africa,-0.27,10.77,192,192
Eswatini,SWZ,1990,61.167,Africa,-0.5,10.77,192,192
Eswatini,SWZ,1991,60.392,Africa,-0.77,10.77,192,192
Eswatini,SWZ,1992,59.284,Africa,-1.11,10.77,192,192
Eswatini,SWZ,1993,58.092,Africa,-1.19,10.77,192,192
Eswatini,SWZ,1994,56.643,Africa,-1.45,10.77,192,192
Eswatini,SWZ,1995,55.08,Africa,-1.56,10.77,192,192
Eswatini,SWZ,1996,53.296,Africa,-1.78,10.77,192,192
Eswatini,SWZ,1997,51.699,Africa,-1.6,10.77,192,192
Eswatini,SWZ,1998,50.066,Africa,-1.63,10.77,192,192
Eswatini,SWZ,1999,48.808,Africa,-1.26,10.77,192,192
Eswatini,SWZ,2000,47.627,Africa,-1.18,10.77,192,192
Eswatini,SWZ,2001,46.344,Africa,-1.28,10.77,192,192
Eswatini,SWZ,2002,45.38,Africa,-0.96,10.77,192,192
Eswatini,SWZ,2003,44.632,Africa,-0.75,10.77,192,192
Eswatini,SWZ,2004,43.906,Africa,-0.73,10.77,192,192
Eswatini,SWZ,2005,43.958,Africa,0.05,10.77,192,192
Eswatini,SWZ,2006,44.563,Africa,0.61,10.77,192,192
Eswatini,SWZ,2007,45.16,Africa,0.6,10.77,192,192
Eswatini,SWZ,2008,45.853,Africa,0.69,10.77,192,192
Eswatini,SWZ,2009,46.913,Africa,1.06,10.77,192,192
Eswatini,SWZ,2010,48.331,Africa,1.42,10.77,192,192
Eswatini,SWZ,2011,49.057,Africa,0.73,10.77,192,192
Eswatini,SWZ,2012,50.714,Africa,1.66,10.77,192,192
Eswatini,SWZ,2013,52.11,Africa,1.4,10.77,192,192
Eswatini,SWZ,2014,53.491,Africa,1.38,10.77,192,192
Eswatini,SWZ,2015,54.941,Africa,1.45,10.77,192,192
Eswatini,SWZ,2016,56.228,Africa,1.29,10.77,192,192
Eswatini,SWZ,2017,57.574,Africa,1.35,10.77,192,192
Eswatini,SWZ,2018,58.707,Africa,1.13,10.77,192,192
Eswatini,SWZ,2019,59.85,Africa,1.14,10.77,192,192
Eswatini,SWZ,2020,59.862,Africa,0.01,10.77,192,192
Eswatini,SWZ,2021,58.228,Africa,-1.63,10.77,192,192
Eswatini,SWZ,2022,63.028,Africa,4.8,10.77,192,192
Eswatini,SWZ,2023,64.123,Africa,1.1,10.77,192,192
Eswatini,SWZ,2024,64.264,Africa,0.14,10.77,192,192
Sint Maarten (Dutch part),SXM,1960,66.351,America,,0.79,91,91
Sint Maarten (Dutch part),SXM,1961,66.678,America,0.33,0.79,91,91
Sint Maarten (Dutch part),SXM,1962,67.054,America,0.38,0.79,91,91
Sint Maarten (Dutch part),SXM,1963,67.467,America,0.41,0.79,91,91
Sint Maarten (Dutch part),SXM,1964,67.782,America,0.31,0.79,91,91
Sint Maarten (Dutch part),SXM,1965,68.048,America,0.27,0.79,91,91
Sint Maarten (Dutch part),SXM,1966,68.505,America,0.46,0.79,91,91
Sint Maarten (Dutch part),SXM,1967,69.024,America,0.52,0.79,91,91
Sint Maarten (Dutch part),SXM,1968,69.551,America,0.53,0.79,91,91
Sint Maarten (Dutch part),SXM,1969,70.208,America,0.66,0.79,91,91
Sint Maarten (Dutch part),SXM,1970,70.856,America,0.65,0.79,91,91
Sint Maarten (Dutch part),SXM,1971,71.309,America,0.45,0.79,91,91
Sint Maarten (Dutch part),SXM,1972,71.729,America,0.42,0.79,91,91
Sint Maarten (Dutch part),SXM,1973,72.061,America,0.33,0.79,91,91
Sint Maarten (Dutch part),SXM,1974,72.243,America,0.18,0.79,91,91
Sint Maarten (Dutch part),SXM,1975,72.308,America,0.07,0.79,91,91
Sint Maarten (Dutch part),SXM,1976,72.276,America,-0.03,0.79,91,91
Sint Maarten (Dutch part),SXM,1977,72.133,America,-0.14,0.79,91,91
Sint Maarten (Dutch part),SXM,1978,71.971,America,-0.16,0.79,91,91
Sint Maarten (Dutch part),SXM,1979,71.839,America,-0.13,0.79,91,91
Sint Maarten (Dutch part),SXM,1980,71.79,America,-0.05,0.79,91,91
Sint Maarten (Dutch part),SXM,1981,71.864,America,0.07,0.79,91,91
Sint Maarten (Dutch part),SXM,1982,72.01,America,0.15,0.79,91,91
Sint Maarten (Dutch part),SXM,1983,72.146,America,0.14,0.79,91,91
Sint Maarten (Dutch part),SXM,1984,72.28,America,0.13,0.79,91,91
Sint Maarten (Dutch part),SXM,1985,72.385,America,0.11,0.79,91,91
Sint Maarten (Dutch part),SXM,1986,72.436,America,0.05,0.79,91,91
Sint Maarten (Dutch part),SXM,1987,72.435,America,-0.0,0.79,91,91
Sint Maarten (Dutch part),SXM,1988,72.456,America,0.02,0.79,91,91
Sint Maarten (Dutch part),SXM,1989,72.441,America,-0.02,0.79,91,91
Sint Maarten (Dutch part),SXM,1990,72.414,America,-0.03,0.79,91,91
Sint Maarten (Dutch part),SXM,1991,72.384,America,-0.03,0.79,91,91
Sint Maarten (Dutch part),SXM,1992,72.402,America,0.02,0.79,91,91
Sint Maarten (Dutch part),SXM,1993,72.462,America,0.06,0.79,91,91
Sint Maarten (Dutch part),SXM,1994,72.597,America,0.13,0.79,91,91
Sint Maarten (Dutch part),SXM,1995,72.849,America,0.25,0.79,91,91
Sint Maarten (Dutch part),SXM,1996,73.188,America,0.34,0.79,91,91
Sint Maarten (Dutch part),SXM,1997,73.551,America,0.36,0.79,91,91
Sint Maarten (Dutch part),SXM,1998,73.9,America,0.35,0.79,91,91
Sint Maarten (Dutch part),SXM,1999,74.222,America,0.32,0.79,91,91
Sint Maarten (Dutch part),SXM,2000,74.409,America,0.19,0.79,91,91
Sint Maarten (Dutch part),SXM,2001,74.525,America,0.12,0.79,91,91
Sint Maarten (Dutch part),SXM,2002,74.585,America,0.06,0.79,91,91
Sint Maarten (Dutch part),SXM,2003,74.588,America,0.0,0.79,91,91
Sint Maarten (Dutch part),SXM,2004,74.618,America,0.03,0.79,91,91
Sint Maarten (Dutch part),SXM,2005,74.681,America,0.06,0.79,91,91
Sint Maarten (Dutch part),SXM,2006,74.779,America,0.1,0.79,91,91
Sint Maarten (Dutch part),SXM,2007,74.812,America,0.03,0.79,91,91
Sint Maarten (Dutch part),SXM,2008,74.852,America,0.04,0.79,91,91
Sint Maarten (Dutch part),SXM,2009,74.796,America,-0.06,0.79,91,91
Sint Maarten (Dutch part),SXM,2010,74.821,America,0.02,0.79,91,91
Sint Maarten (Dutch part),SXM,2011,74.868,America,0.05,0.79,91,91
Sint Maarten (Dutch part),SXM,2012,75.125,America,0.26,0.79,91,91
Sint Maarten (Dutch part),SXM,2013,75.391,America,0.27,0.79,91,91
Sint Maarten (Dutch part),SXM,2014,75.735,America,0.34,0.79,91,91
Sint Maarten (Dutch part),SXM,2015,75.899,America,0.16,0.79,91,91
Sint Maarten (Dutch part),SXM,2016,75.952,America,0.05,0.79,91,91
Sint Maarten (Dutch part),SXM,2017,75.455,America,-0.5,0.79,91,91
Sint Maarten (Dutch part),SXM,2018,75.693,America,0.24,0.79,91,91
Sint Maarten (Dutch part),SXM,2019,75.68,America,-0.01,0.79,91,91
Sint Maarten (Dutch part),SXM,2020,75.002,America,-0.68,0.79,91,91
Sint Maarten (Dutch part),SXM,2021,74.505,America,-0.5,0.79,91,91
Sint Maarten (Dutch part),SXM,2022,76.18,America,1.68,0.79,91,91
Sint Maarten (Dutch part),SXM,2023,76.371,America,0.19,0.79,91,91
Sint Maarten (Dutch part),SXM,2024,76.528,America,0.16,0.79,91,91
Seychelles,SYC,1960,60.53143902439025,Africa,,3.07,97,97
Seychelles,SYC,1961,60.60612195121952,Africa,0.07,3.07,97,97
Seychelles,SYC,1962,60.68829268292684,Africa,0.08,3.07,97,97
Seychelles,SYC,1963,60.93675609756098,Africa,0.25,3.07,97,97
Seychelles,SYC,1964,61.19641463414635,Africa,0.26,3.07,97,97
Seychelles,SYC,1965,61.49509756097562,Africa,0.3,3.07,97,97
Seychelles,SYC,1966,61.727,Africa,0.23,3.07,97,97
Seychelles,SYC,1967,62.10346341463416,Africa,0.38,3.07,97,97
Seychelles,SYC,1968,62.6659512195122,Africa,0.56,3.07,97,97
Seychelles,SYC,1969,63.281121951219525,Africa,0.62,3.07,97,97
Seychelles,SYC,1970,63.99224390243903,Africa,0.71,3.07,97,97
Seychelles,SYC,1971,64.65860975609756,Africa,0.67,3.07,97,97
Seychelles,SYC,1972,65.37039024390245,Africa,0.71,3.07,97,97
Seychelles,SYC,1973,65.9660487804878,Africa,0.6,3.07,97,97
Seychelles,SYC,1974,66.48287804878049,Africa,0.52,3.07,97,97
Seychelles,SYC,1975,66.91321951219513,Africa,0.43,3.07,97,97
Seychelles,SYC,1976,67.29670731707317,Africa,0.38,3.07,97,97
Seychelles,SYC,1977,67.67521951219514,Africa,0.38,3.07,97,97
Seychelles,SYC,1978,68.03207317073172,Africa,0.36,3.07,97,97
Seychelles,SYC,1979,68.34458536585367,Africa,0.31,3.07,97,97
Seychelles,SYC,1980,69.59756097560977,Africa,1.25,3.07,97,97
Seychelles,SYC,1981,70.18780487804878,Africa,0.59,3.07,97,97
Seychelles,SYC,1982,69.32439024390244,Africa,-0.86,3.07,97,97
Seychelles,SYC,1983,70.3829268292683,Africa,1.06,3.07,97,97
Seychelles,SYC,1984,69.55365853658536,Africa,-0.83,3.07,97,97
Seychelles,SYC,1985,69.69756097560976,Africa,0.14,3.07,97,97
Seychelles,SYC,1986,68.65609756097562,Africa,-1.04,3.07,97,97
Seychelles,SYC,1987,68.23658536585366,Africa,-0.42,3.07,97,97
Seychelles,SYC,1988,68.70243902439024,Africa,0.47,3.07,97,97
Seychelles,SYC,1989,67.97073170731709,Africa,-0.73,3.07,97,97
Seychelles,SYC,1990,68.10731707317073,Africa,0.14,3.07,97,97
Seychelles,SYC,1991,70.71219512195123,Africa,2.6,3.07,97,97
Seychelles,SYC,1992,71.21463414634147,Africa,0.5,3.07,97,97
Seychelles,SYC,1993,69.46829268292684,Africa,-1.75,3.07,97,97
Seychelles,SYC,1994,70.72926829268293,Africa,1.26,3.07,97,97
Seychelles,SYC,1995,72.4829268292683,Africa,1.75,3.07,97,97
Seychelles,SYC,1996,71.5609756097561,Africa,-0.92,3.07,97,97
Seychelles,SYC,1997,71.21219512195123,Africa,-0.35,3.07,97,97
Seychelles,SYC,1998,71.74634146341464,Africa,0.53,3.07,97,97
Seychelles,SYC,1999,72.66829268292685,Africa,0.92,3.07,97,97
Seychelles,SYC,2000,72.77804878048782,Africa,0.11,3.07,97,97
Seychelles,SYC,2001,73.25365853658538,Africa,0.48,3.07,97,97
Seychelles,SYC,2002,71.08780487804879,Africa,-2.17,3.07,97,97
Seychelles,SYC,2003,71.02926829268294,Africa,-0.06,3.07,97,97
Seychelles,SYC,2004,72.6609756097561,Africa,1.63,3.07,97,97
Seychelles,SYC,2005,72.13170731707318,Africa,-0.53,3.07,97,97
Seychelles,SYC,2006,72.21707317073172,Africa,0.09,3.07,97,97
Seychelles,SYC,2007,73.14390243902439,Africa,0.93,3.07,97,97
Seychelles,SYC,2008,73.16341463414635,Africa,0.02,3.07,97,97
Seychelles,SYC,2009,73.0829268292683,Africa,-0.08,3.07,97,97
Seychelles,SYC,2010,73.19756097560976,Africa,0.11,3.07,97,97
Seychelles,SYC,2011,72.72439024390245,Africa,-0.47,3.07,97,97
Seychelles,SYC,2012,74.27560975609757,Africa,1.55,3.07,97,97
Seychelles,SYC,2013,73.11951219512196,Africa,-1.16,3.07,97,97
Seychelles,SYC,2014,73.22926829268293,Africa,0.11,3.07,97,97
Seychelles,SYC,2015,74.29512195121953,Africa,1.07,3.07,97,97
Seychelles,SYC,2016,74.30975609756099,Africa,0.01,3.07,97,97
Seychelles,SYC,2017,74.30000000000001,Africa,-0.01,3.07,97,97
Seychelles,SYC,2018,72.84146341463415,Africa,-1.46,3.07,97,97
Seychelles,SYC,2019,74.04634146341465,Africa,1.2,3.07,97,97
Seychelles,SYC,2020,77.23658536585367,Africa,3.19,3.07,97,97
Seychelles,SYC,2021,73.39756097560975,Africa,-3.84,3.07,97,97
Seychelles,SYC,2022,74.50975609756098,Africa,1.11,3.07,97,97
Seychelles,SYC,2023,75.41951219512197,Africa,0.91,3.07,97,97
Seychelles,SYC,2024,76.29512195121951,Africa,0.88,3.07,97,97
Syrian Arab Republic,SYR,1960,52.723,Asia,,7.07,130,130
Syrian Arab Republic,SYR,1961,53.652,Asia,0.93,7.07,130,130
Syrian Arab Republic,SYR,1962,54.569,Asia,0.92,7.07,130,130
Syrian Arab Republic,SYR,1963,55.394,Asia,0.82,7.07,130,130
Syrian Arab Republic,SYR,1964,56.17,Asia,0.78,7.07,130,130
Syrian Arab Republic,SYR,1965,56.901,Asia,0.73,7.07,130,130
Syrian Arab Republic,SYR,1966,57.55,Asia,0.65,7.07,130,130
Syrian Arab Republic,SYR,1967,58.045,Asia,0.5,7.07,130,130
Syrian Arab Republic,SYR,1968,59.118,Asia,1.07,7.07,130,130
Syrian Arab Republic,SYR,1969,59.844,Asia,0.73,7.07,130,130
Syrian Arab Republic,SYR,1970,60.608,Asia,0.76,7.07,130,130
Syrian Arab Republic,SYR,1971,61.334,Asia,0.73,7.07,130,130
Syrian Arab Republic,SYR,1972,61.969,Asia,0.63,7.07,130,130
Syrian Arab Republic,SYR,1973,60.826,Asia,-1.14,7.07,130,130
Syrian Arab Republic,SYR,1974,63.441,Asia,2.62,7.07,130,130
Syrian Arab Republic,SYR,1975,64.187,Asia,0.75,7.07,130,130
Syrian Arab Republic,SYR,1976,64.844,Asia,0.66,7.07,130,130
Syrian Arab Republic,SYR,1977,65.398,Asia,0.55,7.07,130,130
Syrian Arab Republic,SYR,1978,65.932,Asia,0.53,7.07,130,130
Syrian Arab Republic,SYR,1979,66.244,Asia,0.31,7.07,130,130
Syrian Arab Republic,SYR,1980,66.545,Asia,0.3,7.07,130,130
Syrian Arab Republic,SYR,1981,64.598,Asia,-1.95,7.07,130,130
Syrian Arab Republic,SYR,1982,60.839,Asia,-3.76,7.07,130,130
Syrian Arab Republic,SYR,1983,67.35,Asia,6.51,7.07,130,130
Syrian Arab Republic,SYR,1984,67.723,Asia,0.37,7.07,130,130
Syrian Arab Republic,SYR,1985,68.048,Asia,0.33,7.07,130,130
Syrian Arab Republic,SYR,1986,68.415,Asia,0.37,7.07,130,130
Syrian Arab Republic,SYR,1987,68.797,Asia,0.38,7.07,130,130
Syrian Arab Republic,SYR,1988,69.172,Asia,0.38,7.07,130,130
Syrian Arab Republic,SYR,1989,69.486,Asia,0.31,7.07,130,130
Syrian Arab Republic,SYR,1990,69.83,Asia,0.34,7.07,130,130
Syrian Arab Republic,SYR,1991,70.075,Asia,0.25,7.07,130,130
Syrian Arab Republic,SYR,1992,70.243,Asia,0.17,7.07,130,130
Syrian Arab Republic,SYR,1993,70.309,Asia,0.07,7.07,130,130
Syrian Arab Republic,SYR,1994,70.296,Asia,-0.01,7.07,130,130
Syrian Arab Republic,SYR,1995,70.209,Asia,-0.09,7.07,130,130
Syrian Arab Republic,SYR,1996,70.156,Asia,-0.05,7.07,130,130
Syrian Arab Republic,SYR,1997,70.158,Asia,0.0,7.07,130,130
Syrian Arab Republic,SYR,1998,70.237,Asia,0.08,7.07,130,130
Syrian Arab Republic,SYR,1999,70.507,Asia,0.27,7.07,130,130
Syrian Arab Republic,SYR,2000,70.856,Asia,0.35,7.07,130,130
Syrian Arab Republic,SYR,2001,71.296,Asia,0.44,7.07,130,130
Syrian Arab Republic,SYR,2002,71.742,Asia,0.45,7.07,130,130
Syrian Arab Republic,SYR,2003,72.188,Asia,0.45,7.07,130,130
Syrian Arab Republic,SYR,2004,72.494,Asia,0.31,7.07,130,130
Syrian Arab Republic,SYR,2005,72.797,Asia,0.3,7.07,130,130
Syrian Arab Republic,SYR,2006,73.04,Asia,0.24,7.07,130,130
Syrian Arab Republic,SYR,2007,73.256,Asia,0.22,7.07,130,130
Syrian Arab Republic,SYR,2008,73.368,Asia,0.11,7.07,130,130
Syrian Arab Republic,SYR,2009,73.496,Asia,0.13,7.07,130,130
Syrian Arab Republic,SYR,2010,73.542,Asia,0.05,7.07,130,130
Syrian Arab Republic,SYR,2011,72.259,Asia,-1.28,7.07,130,130
Syrian Arab Republic,SYR,2012,66.206,Asia,-6.05,7.07,130,130
Syrian Arab Republic,SYR,2013,65.146,Asia,-1.06,7.07,130,130
Syrian Arab Republic,SYR,2014,65.492,Asia,0.35,7.07,130,130
Syrian Arab Republic,SYR,2015,63.265,Asia,-2.23,7.07,130,130
Syrian Arab Republic,SYR,2016,65.19,Asia,1.92,7.07,130,130
Syrian Arab Republic,SYR,2017,65.651,Asia,0.46,7.07,130,130
Syrian Arab Republic,SYR,2018,67.371,Asia,1.72,7.07,130,130
Syrian Arab Republic,SYR,2019,70.97,Asia,3.6,7.07,130,130
Syrian Arab Republic,SYR,2020,71.944,Asia,0.97,7.07,130,130
Syrian Arab Republic,SYR,2021,72.418,Asia,0.47,7.07,130,130
Syrian Arab Republic,SYR,2022,72.79,Asia,0.37,7.07,130,130
Syrian Arab Republic,SYR,2023,72.12,Asia,-0.67,7.07,130,130
Syrian Arab Republic,SYR,2024,72.56,Asia,0.44,7.07,130,130
Turks and Caicos Islands,TCA,1960,56.292,America,,0.97,68,68
Turks and Caicos Islands,TCA,1961,57.087,America,0.8,0.97,68,68
Turks and Caicos Islands,TCA,1962,57.742,America,0.65,0.97,68,68
Turks and Caicos Islands,TCA,1963,58.426,America,0.68,0.97,68,68
Turks and Caicos Islands,TCA,1964,59.119,America,0.69,0.97,68,68
Turks and Caicos Islands,TCA,1965,59.806,America,0.69,0.97,68,68
Turks and Caicos Islands,TCA,1966,60.441,America,0.64,0.97,68,68
Turks and Caicos Islands,TCA,1967,61.039,America,0.6,0.97,68,68
Turks and Caicos Islands,TCA,1968,61.586,America,0.55,0.97,68,68
Turks and Caicos Islands,TCA,1969,62.135,America,0.55,0.97,68,68
Turks and Caicos Islands,TCA,1970,62.689,America,0.55,0.97,68,68
Turks and Caicos Islands,TCA,1971,63.256,America,0.57,0.97,68,68
Turks and Caicos Islands,TCA,1972,63.76,America,0.5,0.97,68,68
Turks and Caicos Islands,TCA,1973,64.228,America,0.47,0.97,68,68
Turks and Caicos Islands,TCA,1974,64.731,America,0.5,0.97,68,68
Turks and Caicos Islands,TCA,1975,65.201,America,0.47,0.97,68,68
Turks and Caicos Islands,TCA,1976,65.607,America,0.41,0.97,68,68
Turks and Caicos Islands,TCA,1977,66.025,America,0.42,0.97,68,68
Turks and Caicos Islands,TCA,1978,66.432,America,0.41,0.97,68,68
Turks and Caicos Islands,TCA,1979,66.772,America,0.34,0.97,68,68
Turks and Caicos Islands,TCA,1980,67.108,America,0.34,0.97,68,68
Turks and Caicos Islands,TCA,1981,67.439,America,0.33,0.97,68,68
Turks and Caicos Islands,TCA,1982,67.747,America,0.31,0.97,68,68
Turks and Caicos Islands,TCA,1983,68.069,America,0.32,0.97,68,68
Turks and Caicos Islands,TCA,1984,68.386,America,0.32,0.97,68,68
Turks and Caicos Islands,TCA,1985,68.669,America,0.28,0.97,68,68
Turks and Caicos Islands,TCA,1986,68.99,America,0.32,0.97,68,68
Turks and Caicos Islands,TCA,1987,69.3,America,0.31,0.97,68,68
Turks and Caicos Islands,TCA,1988,69.619,America,0.32,0.97,68,68
Turks and Caicos Islands,TCA,1989,69.916,America,0.3,0.97,68,68
Turks and Caicos Islands,TCA,1990,70.218,America,0.3,0.97,68,68
Turks and Caicos Islands,TCA,1991,70.54,America,0.32,0.97,68,68
Turks and Caicos Islands,TCA,1992,70.887,America,0.35,0.97,68,68
Turks and Caicos Islands,TCA,1993,71.194,America,0.31,0.97,68,68
Turks and Caicos Islands,TCA,1994,71.575,America,0.38,0.97,68,68
Turks and Caicos Islands,TCA,1995,71.948,America,0.37,0.97,68,68
Turks and Caicos Islands,TCA,1996,72.328,America,0.38,0.97,68,68
Turks and Caicos Islands,TCA,1997,72.713,America,0.38,0.97,68,68
Turks and Caicos Islands,TCA,1998,73.113,America,0.4,0.97,68,68
Turks and Caicos Islands,TCA,1999,73.531,America,0.42,0.97,68,68
Turks and Caicos Islands,TCA,2000,73.972,America,0.44,0.97,68,68
Turks and Caicos Islands,TCA,2001,74.409,America,0.44,0.97,68,68
Turks and Caicos Islands,TCA,2002,74.843,America,0.43,0.97,68,68
Turks and Caicos Islands,TCA,2003,75.262,America,0.42,0.97,68,68
Turks and Caicos Islands,TCA,2004,75.63,America,0.37,0.97,68,68
Turks and Caicos Islands,TCA,2005,75.954,America,0.32,0.97,68,68
Turks and Caicos Islands,TCA,2006,76.197,America,0.24,0.97,68,68
Turks and Caicos Islands,TCA,2007,76.427,America,0.23,0.97,68,68
Turks and Caicos Islands,TCA,2008,76.084,America,-0.34,0.97,68,68
Turks and Caicos Islands,TCA,2009,76.672,America,0.59,0.97,68,68
Turks and Caicos Islands,TCA,2010,76.784,America,0.11,0.97,68,68
Turks and Caicos Islands,TCA,2011,76.87,America,0.09,0.97,68,68
Turks and Caicos Islands,TCA,2012,76.969,America,0.1,0.97,68,68
Turks and Caicos Islands,TCA,2013,77.1,America,0.13,0.97,68,68
Turks and Caicos Islands,TCA,2014,77.212,America,0.11,0.97,68,68
Turks and Caicos Islands,TCA,2015,77.321,America,0.11,0.97,68,68
Turks and Caicos Islands,TCA,2016,77.437,America,0.12,0.97,68,68
Turks and Caicos Islands,TCA,2017,77.505,America,0.07,0.97,68,68
Turks and Caicos Islands,TCA,2018,77.596,America,0.09,0.97,68,68
Turks and Caicos Islands,TCA,2019,77.691,America,0.09,0.97,68,68
Turks and Caicos Islands,TCA,2020,77.499,America,-0.19,0.97,68,68
Turks and Caicos Islands,TCA,2021,77.234,America,-0.27,0.97,68,68
Turks and Caicos Islands,TCA,2022,77.918,America,0.68,0.97,68,68
Turks and Caicos Islands,TCA,2023,78.008,America,0.09,0.97,68,68
Turks and Caicos Islands,TCA,2024,78.181,America,0.17,0.97,68,68
Chad,TCD,1960,39.216,Africa,,4.1,216,216
Chad,TCD,1961,39.421,Africa,0.2,4.1,216,216
Chad,TCD,1962,39.608,Africa,0.19,4.1,216,216
Chad,TCD,1963,39.893,Africa,0.29,4.1,216,216
Chad,TCD,1964,40.12,Africa,0.23,4.1,216,216
Chad,TCD,1965,40.05,Africa,-0.07,4.1,216,216
Chad,TCD,1966,40.089,Africa,0.04,4.1,216,216
Chad,TCD,1967,40.393,Africa,0.3,4.1,216,216
Chad,TCD,1968,40.702,Africa,0.31,4.1,216,216
Chad,TCD,1969,41.019,Africa,0.32,4.1,216,216
Chad,TCD,1970,41.386,Africa,0.37,4.1,216,216
Chad,TCD,1971,40.869,Africa,-0.52,4.1,216,216
Chad,TCD,1972,41.922,Africa,1.05,4.1,216,216
Chad,TCD,1973,42.399,Africa,0.48,4.1,216,216
Chad,TCD,1974,42.601,Africa,0.2,4.1,216,216
Chad,TCD,1975,42.736,Africa,0.13,4.1,216,216
Chad,TCD,1976,42.687,Africa,-0.05,4.1,216,216
Chad,TCD,1977,42.884,Africa,0.2,4.1,216,216
Chad,TCD,1978,43.017,Africa,0.13,4.1,216,216
Chad,TCD,1979,43.239,Africa,0.22,4.1,216,216
Chad,TCD,1980,43.452,Africa,0.21,4.1,216,216
Chad,TCD,1981,43.497,Africa,0.05,4.1,216,216
Chad,TCD,1982,43.91,Africa,0.41,4.1,216,216
Chad,TCD,1983,44.446,Africa,0.54,4.1,216,216
Chad,TCD,1984,44.732,Africa,0.29,4.1,216,216
Chad,TCD,1985,45.315,Africa,0.58,4.1,216,216
Chad,TCD,1986,45.598,Africa,0.28,4.1,216,216
Chad,TCD,1987,43.071,Africa,-2.53,4.1,216,216
Chad,TCD,1988,46.352,Africa,3.28,4.1,216,216
Chad,TCD,1989,46.434,Africa,0.08,4.1,216,216
Chad,TCD,1990,45.074,Africa,-1.36,4.1,216,216
Chad,TCD,1991,46.596,Africa,1.52,4.1,216,216
Chad,TCD,1992,46.777,Africa,0.18,4.1,216,216
Chad,TCD,1993,47.002,Africa,0.23,4.1,216,216
Chad,TCD,1994,47.08,Africa,0.08,4.1,216,216
Chad,TCD,1995,47.453,Africa,0.37,4.1,216,216
Chad,TCD,1996,47.551,Africa,0.1,4.1,216,216
Chad,TCD,1997,47.762,Africa,0.21,4.1,216,216
Chad,TCD,1998,47.802,Africa,0.04,4.1,216,216
Chad,TCD,1999,47.934,Africa,0.13,4.1,216,216
Chad,TCD,2000,47.937,Africa,0.0,4.1,216,216
Chad,TCD,2001,48.306,Africa,0.37,4.1,216,216
Chad,TCD,2002,48.36,Africa,0.05,4.1,216,216
Chad,TCD,2003,48.609,Africa,0.25,4.1,216,216
Chad,TCD,2004,48.687,Africa,0.08,4.1,216,216
Chad,TCD,2005,48.86,Africa,0.17,4.1,216,216
Chad,TCD,2006,48.747,Africa,-0.11,4.1,216,216
Chad,TCD,2007,49.21,Africa,0.46,4.1,216,216
Chad,TCD,2008,49.503,Africa,0.29,4.1,216,216
Chad,TCD,2009,49.828,Africa,0.33,4.1,216,216
Chad,TCD,2010,50.107,Africa,0.28,4.1,216,216
Chad,TCD,2011,50.426,Africa,0.32,4.1,216,216
Chad,TCD,2012,50.765,Africa,0.34,4.1,216,216
Chad,TCD,2013,51.051,Africa,0.29,4.1,216,216
Chad,TCD,2014,51.141,Africa,0.09,4.1,216,216
Chad,TCD,2015,51.32,Africa,0.18,4.1,216,216
Chad,TCD,2016,51.603,Africa,0.28,4.1,216,216
Chad,TCD,2017,51.875,Africa,0.27,4.1,216,216
Chad,TCD,2018,52.447,Africa,0.57,4.1,216,216
Chad,TCD,2019,52.993,Africa,0.55,4.1,216,216
Chad,TCD,2020,53.082,Africa,0.09,4.1,216,216
Chad,TCD,2021,53.136,Africa,0.05,4.1,216,216
Chad,TCD,2022,54.528,Africa,1.39,4.1,216,216
Chad,TCD,2023,55.069,Africa,0.54,4.1,216,216
Chad,TCD,2024,55.238,Africa,0.17,4.1,216,216
Togo,TGO,1960,43.536,Africa,,4.16,201,201
Togo,TGO,1961,43.746,Africa,0.21,4.16,201,201
Togo,TGO,1962,44.001,Africa,0.25,4.16,201,201
Togo,TGO,1963,44.274,Africa,0.27,4.16,201,201
Togo,TGO,1964,44.6,Africa,0.33,4.16,201,201
Togo,TGO,1965,44.917,Africa,0.32,4.16,201,201
Togo,TGO,1966,45.228,Africa,0.31,4.16,201,201
Togo,TGO,1967,45.615,Africa,0.39,4.16,201,201
Togo,TGO,1968,46.022,Africa,0.41,4.16,201,201
Togo,TGO,1969,46.354,Africa,0.33,4.16,201,201
Togo,TGO,1970,46.782,Africa,0.43,4.16,201,201
Togo,TGO,1971,47.232,Africa,0.45,4.16,201,201
Togo,TGO,1972,47.692,Africa,0.46,4.16,201,201
Togo,TGO,1973,48.138,Africa,0.45,4.16,201,201
Togo,TGO,1974,48.593,Africa,0.46,4.16,201,201
Togo,TGO,1975,49.046,Africa,0.45,4.16,201,201
Togo,TGO,1976,49.509,Africa,0.46,4.16,201,201
Togo,TGO,1977,50.163,Africa,0.65,4.16,201,201
Togo,TGO,1978,50.902,Africa,0.74,4.16,201,201
Togo,TGO,1979,51.515,Africa,0.61,4.16,201,201
Togo,TGO,1980,52.146,Africa,0.63,4.16,201,201
Togo,TGO,1981,52.781,Africa,0.63,4.16,201,201
Togo,TGO,1982,53.273,Africa,0.49,4.16,201,201
Togo,TGO,1983,53.772,Africa,0.5,4.16,201,201
Togo,TGO,1984,54.101,Africa,0.33,4.16,201,201
Togo,TGO,1985,54.372,Africa,0.27,4.16,201,201
Togo,TGO,1986,54.624,Africa,0.25,4.16,201,201
Togo,TGO,1987,54.831,Africa,0.21,4.16,201,201
Togo,TGO,1988,54.911,Africa,0.08,4.16,201,201
Togo,TGO,1989,54.742,Africa,-0.17,4.16,201,201
Togo,TGO,1990,54.566,Africa,-0.18,4.16,201,201
Togo,TGO,1991,54.263,Africa,-0.3,4.16,201,201
Togo,TGO,1992,54.084,Africa,-0.18,4.16,201,201
Togo,TGO,1993,53.858,Africa,-0.23,4.16,201,201
Togo,TGO,1994,53.731,Africa,-0.13,4.16,201,201
Togo,TGO,1995,53.708,Africa,-0.02,4.16,201,201
Togo,TGO,1996,53.829,Africa,0.12,4.16,201,201
Togo,TGO,1997,53.855,Africa,0.03,4.16,201,201
Togo,TGO,1998,53.963,Africa,0.11,4.16,201,201
Togo,TGO,1999,54.318,Africa,0.35,4.16,201,201
Togo,TGO,2000,54.587,Africa,0.27,4.16,201,201
Togo,TGO,2001,54.757,Africa,0.17,4.16,201,201
Togo,TGO,2002,55.044,Africa,0.29,4.16,201,201
Togo,TGO,2003,55.312,Africa,0.27,4.16,201,201
Togo,TGO,2004,55.608,Africa,0.3,4.16,201,201
Togo,TGO,2005,55.931,Africa,0.32,4.16,201,201
Togo,TGO,2006,56.154,Africa,0.22,4.16,201,201
Togo,TGO,2007,56.395,Africa,0.24,4.16,201,201
Togo,TGO,2008,56.663,Africa,0.27,4.16,201,201
Togo,TGO,2009,56.94,Africa,0.28,4.16,201,201
Togo,TGO,2010,57.24,Africa,0.3,4.16,201,201
Togo,TGO,2011,57.624,Africa,0.38,4.16,201,201
Togo,TGO,2012,57.953,Africa,0.33,4.16,201,201
Togo,TGO,2013,58.356,Africa,0.4,4.16,201,201
Togo,TGO,2014,58.776,Africa,0.42,4.16,201,201
Togo,TGO,2015,59.23,Africa,0.45,4.16,201,201
Togo,TGO,2016,59.677,Africa,0.45,4.16,201,201
Togo,TGO,2017,60.145,Africa,0.47,4.16,201,201
Togo,TGO,2018,60.608,Africa,0.46,4.16,201,201
Togo,TGO,2019,61.061,Africa,0.45,4.16,201,201
Togo,TGO,2020,61.14,Africa,0.08,4.16,201,201
Togo,TGO,2021,61.337,Africa,0.2,4.16,201,201
Togo,TGO,2022,62.292,Africa,0.95,4.16,201,201
Togo,TGO,2023,62.74,Africa,0.45,4.16,201,201
Togo,TGO,2024,62.935,Africa,0.2,4.16,201,201
Thailand,THA,1960,50.608,Asia,,0.28,90,90
Thailand,THA,1961,51.065,Asia,0.46,0.28,90,90
Thailand,THA,1962,51.444,Asia,0.38,0.28,90,90
Thailand,THA,1963,51.988,Asia,0.54,0.28,90,90
Thailand,THA,1964,52.539,Asia,0.55,0.28,90,90
Thailand,THA,1965,53.131,Asia,0.59,0.28,90,90
Thailand,THA,1966,53.729,Asia,0.6,0.28,90,90
Thailand,THA,1967,54.316,Asia,0.59,0.28,90,90
Thailand,THA,1968,54.977,Asia,0.66,0.28,90,90
Thailand,THA,1969,55.705,Asia,0.73,0.28,90,90
Thailand,THA,1970,56.47,Asia,0.77,0.28,90,90
Thailand,THA,1971,57.1,Asia,0.63,0.28,90,90
Thailand,THA,1972,57.746,Asia,0.65,0.28,90,90
Thailand,THA,1973,58.323,Asia,0.58,0.28,90,90
Thailand,THA,1974,59.031,Asia,0.71,0.28,90,90
Thailand,THA,1975,59.713,Asia,0.68,0.28,90,90
Thailand,THA,1976,60.371,Asia,0.66,0.28,90,90
Thailand,THA,1977,60.906,Asia,0.53,0.28,90,90
Thailand,THA,1978,61.266,Asia,0.36,0.28,90,90
Thailand,THA,1979,61.696,Asia,0.43,0.28,90,90
Thailand,THA,1980,62.186,Asia,0.49,0.28,90,90
Thailand,THA,1981,62.856,Asia,0.67,0.28,90,90
Thailand,THA,1982,63.603,Asia,0.75,0.28,90,90
Thailand,THA,1983,64.5,Asia,0.9,0.28,90,90
Thailand,THA,1984,65.55,Asia,1.05,0.28,90,90
Thailand,THA,1985,66.543,Asia,0.99,0.28,90,90
Thailand,THA,1986,67.308,Asia,0.77,0.28,90,90
Thailand,THA,1987,67.833,Asia,0.52,0.28,90,90
Thailand,THA,1988,68.194,Asia,0.36,0.28,90,90
Thailand,THA,1989,68.557,Asia,0.36,0.28,90,90
Thailand,THA,1990,68.924,Asia,0.37,0.28,90,90
Thailand,THA,1991,69.132,Asia,0.21,0.28,90,90
Thailand,THA,1992,69.353,Asia,0.22,0.28,90,90
Thailand,THA,1993,69.568,Asia,0.22,0.28,90,90
Thailand,THA,1994,69.661,Asia,0.09,0.28,90,90
Thailand,THA,1995,69.757,Asia,0.1,0.28,90,90
Thailand,THA,1996,69.94,Asia,0.18,0.28,90,90
Thailand,THA,1997,70.362,Asia,0.42,0.28,90,90
Thailand,THA,1998,70.703,Asia,0.34,0.28,90,90
Thailand,THA,1999,70.979,Asia,0.28,0.28,90,90
Thailand,THA,2000,71.205,Asia,0.23,0.28,90,90
Thailand,THA,2001,71.52,Asia,0.31,0.28,90,90
Thailand,THA,2002,71.775,Asia,0.26,0.28,90,90
Thailand,THA,2003,72.101,Asia,0.33,0.28,90,90
Thailand,THA,2004,72.1,Asia,-0.0,0.28,90,90
Thailand,THA,2005,72.894,Asia,0.79,0.28,90,90
Thailand,THA,2006,73.341,Asia,0.45,0.28,90,90
Thailand,THA,2007,73.779,Asia,0.44,0.28,90,90
Thailand,THA,2008,74.221,Asia,0.44,0.28,90,90
Thailand,THA,2009,74.669,Asia,0.45,0.28,90,90
Thailand,THA,2010,75.012,Asia,0.34,0.28,90,90
Thailand,THA,2011,75.302,Asia,0.29,0.28,90,90
Thailand,THA,2012,75.59,Asia,0.29,0.28,90,90
Thailand,THA,2013,75.96,Asia,0.37,0.28,90,90
Thailand,THA,2014,76.279,Asia,0.32,0.28,90,90
Thailand,THA,2015,76.563,Asia,0.28,0.28,90,90
Thailand,THA,2016,76.769,Asia,0.21,0.28,90,90
Thailand,THA,2017,76.989,Asia,0.22,0.28,90,90
Thailand,THA,2018,77.19,Asia,0.2,0.28,90,90
Thailand,THA,2019,77.197,Asia,0.01,0.28,90,90
Thailand,THA,2020,77.331,Asia,0.13,0.28,90,90
Thailand,THA,2021,77.606,Asia,0.27,0.28,90,90
Thailand,THA,2022,75.291,Asia,-2.31,0.28,90,90
Thailand,THA,2023,76.412,Asia,1.12,0.28,90,90
Thailand,THA,2024,76.564,Asia,0.15,0.28,90,90
Tajikistan,TJK,1960,52.535,Asia,,2.23,138,138
Tajikistan,TJK,1961,52.944,Asia,0.41,2.23,138,138
Tajikistan,TJK,1962,53.374,Asia,0.43,2.23,138,138
Tajikistan,TJK,1963,53.791,Asia,0.42,2.23,138,138
Tajikistan,TJK,1964,54.224,Asia,0.43,2.23,138,138
Tajikistan,TJK,1965,54.655,Asia,0.43,2.23,138,138
Tajikistan,TJK,1966,55.079,Asia,0.42,2.23,138,138
Tajikistan,TJK,1967,55.497,Asia,0.42,2.23,138,138
Tajikistan,TJK,1968,55.89,Asia,0.39,2.23,138,138
Tajikistan,TJK,1969,56.262,Asia,0.37,2.23,138,138
Tajikistan,TJK,1970,56.589,Asia,0.33,2.23,138,138
Tajikistan,TJK,1971,56.884,Asia,0.3,2.23,138,138
Tajikistan,TJK,1972,57.157,Asia,0.27,2.23,138,138
Tajikistan,TJK,1973,57.418,Asia,0.26,2.23,138,138
Tajikistan,TJK,1974,57.651,Asia,0.23,2.23,138,138
Tajikistan,TJK,1975,57.88,Asia,0.23,2.23,138,138
Tajikistan,TJK,1976,58.076,Asia,0.2,2.23,138,138
Tajikistan,TJK,1977,58.244,Asia,0.17,2.23,138,138
Tajikistan,TJK,1978,58.396,Asia,0.15,2.23,138,138
Tajikistan,TJK,1979,58.523,Asia,0.13,2.23,138,138
Tajikistan,TJK,1980,58.632,Asia,0.11,2.23,138,138
Tajikistan,TJK,1981,58.758,Asia,0.13,2.23,138,138
Tajikistan,TJK,1982,60.161,Asia,1.4,2.23,138,138
Tajikistan,TJK,1983,60.46,Asia,0.3,2.23,138,138
Tajikistan,TJK,1984,60.69,Asia,0.23,2.23,138,138
Tajikistan,TJK,1985,60.973,Asia,0.28,2.23,138,138
Tajikistan,TJK,1986,61.83,Asia,0.86,2.23,138,138
Tajikistan,TJK,1987,61.582,Asia,-0.25,2.23,138,138
Tajikistan,TJK,1988,61.839,Asia,0.26,2.23,138,138
Tajikistan,TJK,1989,61.736,Asia,-0.1,2.23,138,138
Tajikistan,TJK,1990,61.636,Asia,-0.1,2.23,138,138
Tajikistan,TJK,1991,61.679,Asia,0.04,2.23,138,138
Tajikistan,TJK,1992,57.085,Asia,-4.59,2.23,138,138
Tajikistan,TJK,1993,55.512,Asia,-1.57,2.23,138,138
Tajikistan,TJK,1994,60.093,Asia,4.58,2.23,138,138
Tajikistan,TJK,1995,61.389,Asia,1.3,2.23,138,138
Tajikistan,TJK,1996,60.806,Asia,-0.58,2.23,138,138
Tajikistan,TJK,1997,61.928,Asia,1.12,2.23,138,138
Tajikistan,TJK,1998,62.404,Asia,0.48,2.23,138,138
Tajikistan,TJK,1999,63.114,Asia,0.71,2.23,138,138
Tajikistan,TJK,2000,63.542,Asia,0.43,2.23,138,138
Tajikistan,TJK,2001,64.197,Asia,0.66,2.23,138,138
Tajikistan,TJK,2002,64.898,Asia,0.7,2.23,138,138
Tajikistan,TJK,2003,65.874,Asia,0.98,2.23,138,138
Tajikistan,TJK,2004,66.604,Asia,0.73,2.23,138,138
Tajikistan,TJK,2005,66.531,Asia,-0.07,2.23,138,138
Tajikistan,TJK,2006,66.997,Asia,0.47,2.23,138,138
Tajikistan,TJK,2007,67.405,Asia,0.41,2.23,138,138
Tajikistan,TJK,2008,67.924,Asia,0.52,2.23,138,138
Tajikistan,TJK,2009,68.248,Asia,0.32,2.23,138,138
Tajikistan,TJK,2010,68.37,Asia,0.12,2.23,138,138
Tajikistan,TJK,2011,68.698,Asia,0.33,2.23,138,138
Tajikistan,TJK,2012,69.13,Asia,0.43,2.23,138,138
Tajikistan,TJK,2013,69.579,Asia,0.45,2.23,138,138
Tajikistan,TJK,2014,69.697,Asia,0.12,2.23,138,138
Tajikistan,TJK,2015,69.665,Asia,-0.03,2.23,138,138
Tajikistan,TJK,2016,69.982,Asia,0.32,2.23,138,138
Tajikistan,TJK,2017,70.524,Asia,0.54,2.23,138,138
Tajikistan,TJK,2018,70.737,Asia,0.21,2.23,138,138
Tajikistan,TJK,2019,70.962,Asia,0.23,2.23,138,138
Tajikistan,TJK,2020,68.605,Asia,-2.36,2.23,138,138
Tajikistan,TJK,2021,69.594,Asia,0.99,2.23,138,138
Tajikistan,TJK,2022,71.562,Asia,1.97,2.23,138,138
Tajikistan,TJK,2023,71.79,Asia,0.23,2.23,138,138
Tajikistan,TJK,2024,71.927,Asia,0.14,2.23,138,138
Turkmenistan,TKM,1960,52.149,Asia,,1.2,153,153
Turkmenistan,TKM,1961,52.51,Asia,0.36,1.2,153,153
Turkmenistan,TKM,1962,52.868,Asia,0.36,1.2,153,153
Turkmenistan,TKM,1963,53.228,Asia,0.36,1.2,153,153
Turkmenistan,TKM,1964,53.595,Asia,0.37,1.2,153,153
Turkmenistan,TKM,1965,53.986,Asia,0.39,1.2,153,153
Turkmenistan,TKM,1966,54.403,Asia,0.42,1.2,153,153
Turkmenistan,TKM,1967,54.837,Asia,0.43,1.2,153,153
Turkmenistan,TKM,1968,55.274,Asia,0.44,1.2,153,153
Turkmenistan,TKM,1969,55.69,Asia,0.42,1.2,153,153
Turkmenistan,TKM,1970,56.045,Asia,0.36,1.2,153,153
Turkmenistan,TKM,1971,56.349,Asia,0.3,1.2,153,153
Turkmenistan,TKM,1972,56.603,Asia,0.25,1.2,153,153
Turkmenistan,TKM,1973,56.836,Asia,0.23,1.2,153,153
Turkmenistan,TKM,1974,57.04,Asia,0.2,1.2,153,153
Turkmenistan,TKM,1975,57.241,Asia,0.2,1.2,153,153
Turkmenistan,TKM,1976,57.449,Asia,0.21,1.2,153,153
Turkmenistan,TKM,1977,57.689,Asia,0.24,1.2,153,153
Turkmenistan,TKM,1978,58.279,Asia,0.59,1.2,153,153
Turkmenistan,TKM,1979,59.12,Asia,0.84,1.2,153,153
Turkmenistan,TKM,1980,60.181,Asia,1.06,1.2,153,153
Turkmenistan,TKM,1981,60.983,Asia,0.8,1.2,153,153
Turkmenistan,TKM,1982,61.577,Asia,0.59,1.2,153,153
Turkmenistan,TKM,1983,61.988,Asia,0.41,1.2,153,153
Turkmenistan,TKM,1984,62.364,Asia,0.38,1.2,153,153
Turkmenistan,TKM,1985,62.803,Asia,0.44,1.2,153,153
Turkmenistan,TKM,1986,63.212,Asia,0.41,1.2,153,153
Turkmenistan,TKM,1987,63.531,Asia,0.32,1.2,153,153
Turkmenistan,TKM,1988,63.699,Asia,0.17,1.2,153,153
Turkmenistan,TKM,1989,63.782,Asia,0.08,1.2,153,153
Turkmenistan,TKM,1990,63.867,Asia,0.09,1.2,153,153
Turkmenistan,TKM,1991,63.842,Asia,-0.02,1.2,153,153
Turkmenistan,TKM,1992,63.753,Asia,-0.09,1.2,153,153
Turkmenistan,TKM,1993,63.586,Asia,-0.17,1.2,153,153
Turkmenistan,TKM,1994,63.515,Asia,-0.07,1.2,153,153
Turkmenistan,TKM,1995,63.514,Asia,-0.0,1.2,153,153
Turkmenistan,TKM,1996,63.538,Asia,0.02,1.2,153,153
Turkmenistan,TKM,1997,63.667,Asia,0.13,1.2,153,153
Turkmenistan,TKM,1998,63.966,Asia,0.3,1.2,153,153
Turkmenistan,TKM,1999,64.475,Asia,0.51,1.2,153,153
Turkmenistan,TKM,2000,64.931,Asia,0.46,1.2,153,153
Turkmenistan,TKM,2001,65.325,Asia,0.39,1.2,153,153
Turkmenistan,TKM,2002,65.593,Asia,0.27,1.2,153,153
Turkmenistan,TKM,2003,65.854,Asia,0.26,1.2,153,153
Turkmenistan,TKM,2004,66.055,Asia,0.2,1.2,153,153
Turkmenistan,TKM,2005,66.275,Asia,0.22,1.2,153,153
Turkmenistan,TKM,2006,66.574,Asia,0.3,1.2,153,153
Turkmenistan,TKM,2007,67.02,Asia,0.45,1.2,153,153
Turkmenistan,TKM,2008,67.584,Asia,0.56,1.2,153,153
Turkmenistan,TKM,2009,68.155,Asia,0.57,1.2,153,153
Turkmenistan,TKM,2010,68.608,Asia,0.45,1.2,153,153
Turkmenistan,TKM,2011,68.87,Asia,0.26,1.2,153,153
Turkmenistan,TKM,2012,68.961,Asia,0.09,1.2,153,153
Turkmenistan,TKM,2013,68.968,Asia,0.01,1.2,153,153
Turkmenistan,TKM,2014,69.001,Asia,0.03,1.2,153,153
Turkmenistan,TKM,2015,69.061,Asia,0.06,1.2,153,153
Turkmenistan,TKM,2016,69.142,Asia,0.08,1.2,153,153
Turkmenistan,TKM,2017,69.19,Asia,0.05,1.2,153,153
Turkmenistan,TKM,2018,69.272,Asia,0.08,1.2,153,153
Turkmenistan,TKM,2019,69.405,Asia,0.13,1.2,153,153
Turkmenistan,TKM,2020,68.846,Asia,-0.56,1.2,153,153
Turkmenistan,TKM,2021,69.353,Asia,0.51,1.2,153,153
Turkmenistan,TKM,2022,69.913,Asia,0.56,1.2,153,153
Turkmenistan,TKM,2023,70.073,Asia,0.16,1.2,153,153
Turkmenistan,TKM,2024,70.201,Asia,0.13,1.2,153,153
Timor-Leste,TLS,1960,32.402,Asia,,2.88,168,168
Timor-Leste,TLS,1961,32.801,Asia,0.4,2.88,168,168
Timor-Leste,TLS,1962,33.221,Asia,0.42,2.88,168,168
Timor-Leste,TLS,1963,33.665,Asia,0.44,2.88,168,168
Timor-Leste,TLS,1964,34.147,Asia,0.48,2.88,168,168
Timor-Leste,TLS,1965,34.653,Asia,0.51,2.88,168,168
Timor-Leste,TLS,1966,35.174,Asia,0.52,2.88,168,168
Timor-Leste,TLS,1967,35.703,Asia,0.53,2.88,168,168
Timor-Leste,TLS,1968,36.241,Asia,0.54,2.88,168,168
Timor-Leste,TLS,1969,36.802,Asia,0.56,2.88,168,168
Timor-Leste,TLS,1970,37.362,Asia,0.56,2.88,168,168
Timor-Leste,TLS,1971,37.909,Asia,0.55,2.88,168,168
Timor-Leste,TLS,1972,38.443,Asia,0.53,2.88,168,168
Timor-Leste,TLS,1973,38.966,Asia,0.52,2.88,168,168
Timor-Leste,TLS,1974,36.454,Asia,-2.51,2.88,168,168
Timor-Leste,TLS,1975,24.314,Asia,-12.14,2.88,168,168
Timor-Leste,TLS,1976,25.863,Asia,1.55,2.88,168,168
Timor-Leste,TLS,1977,24.875,Asia,-0.99,2.88,168,168
Timor-Leste,TLS,1978,22.933,Asia,-1.94,2.88,168,168
Timor-Leste,TLS,1979,24.172,Asia,1.24,2.88,168,168
Timor-Leste,TLS,1980,30.196,Asia,6.02,2.88,168,168
Timor-Leste,TLS,1981,31.247,Asia,1.05,2.88,168,168
Timor-Leste,TLS,1982,32.247,Asia,1.0,2.88,168,168
Timor-Leste,TLS,1983,32.694,Asia,0.45,2.88,168,168
Timor-Leste,TLS,1984,34.468,Asia,1.77,2.88,168,168
Timor-Leste,TLS,1985,34.342,Asia,-0.13,2.88,168,168
Timor-Leste,TLS,1986,34.764,Asia,0.42,2.88,168,168
Timor-Leste,TLS,1987,35.974,Asia,1.21,2.88,168,168
Timor-Leste,TLS,1988,36.047,Asia,0.07,2.88,168,168
Timor-Leste,TLS,1989,44.795,Asia,8.75,2.88,168,168
Timor-Leste,TLS,1990,45.185,Asia,0.39,2.88,168,168
Timor-Leste,TLS,1991,45.076,Asia,-0.11,2.88,168,168
Timor-Leste,TLS,1992,46.19,Asia,1.11,2.88,168,168
Timor-Leste,TLS,1993,47.008,Asia,0.82,2.88,168,168
Timor-Leste,TLS,1994,47.861,Asia,0.85,2.88,168,168
Timor-Leste,TLS,1995,47.543,Asia,-0.32,2.88,168,168
Timor-Leste,TLS,1996,48.26,Asia,0.72,2.88,168,168
Timor-Leste,TLS,1997,48.968,Asia,0.71,2.88,168,168
Timor-Leste,TLS,1998,48.583,Asia,-0.39,2.88,168,168
Timor-Leste,TLS,1999,45.246,Asia,-3.34,2.88,168,168
Timor-Leste,TLS,2000,58.097,Asia,12.85,2.88,168,168
Timor-Leste,TLS,2001,58.772,Asia,0.67,2.88,168,168
Timor-Leste,TLS,2002,59.477,Asia,0.7,2.88,168,168
Timor-Leste,TLS,2003,60.13,Asia,0.65,2.88,168,168
Timor-Leste,TLS,2004,60.743,Asia,0.61,2.88,168,168
Timor-Leste,TLS,2005,61.272,Asia,0.53,2.88,168,168
Timor-Leste,TLS,2006,61.881,Asia,0.61,2.88,168,168
Timor-Leste,TLS,2007,62.396,Asia,0.52,2.88,168,168
Timor-Leste,TLS,2008,62.858,Asia,0.46,2.88,168,168
Timor-Leste,TLS,2009,63.265,Asia,0.41,2.88,168,168
Timor-Leste,TLS,2010,63.66,Asia,0.39,2.88,168,168
Timor-Leste,TLS,2011,64.022,Asia,0.36,2.88,168,168
Timor-Leste,TLS,2012,64.384,Asia,0.36,2.88,168,168
Timor-Leste,TLS,2013,64.719,Asia,0.33,2.88,168,168
Timor-Leste,TLS,2014,65.027,Asia,0.31,2.88,168,168
Timor-Leste,TLS,2015,65.326,Asia,0.3,2.88,168,168
Timor-Leste,TLS,2016,65.61,Asia,0.28,2.88,168,168
Timor-Leste,TLS,2017,65.898,Asia,0.29,2.88,168,168
Timor-Leste,TLS,2018,66.204,Asia,0.31,2.88,168,168
Timor-Leste,TLS,2019,66.496,Asia,0.29,2.88,168,168
Timor-Leste,TLS,2020,66.919,Asia,0.42,2.88,168,168
Timor-Leste,TLS,2021,66.199,Asia,-0.72,2.88,168,168
Timor-Leste,TLS,2022,67.368,Asia,1.17,2.88,168,168
Timor-Leste,TLS,2023,67.689,Asia,0.32,2.88,168,168
Timor-Leste,TLS,2024,67.904,Asia,0.22,2.88,168,168
Tonga,TON,1960,58.315,Oceania,,1.35,124,124
Tonga,TON,1961,58.757,Oceania,0.44,1.35,124,124
Tonga,TON,1962,59.298,Oceania,0.54,1.35,124,124
Tonga,TON,1963,59.77,Oceania,0.47,1.35,124,124
Tonga,TON,1964,60.251,Oceania,0.48,1.35,124,124
Tonga,TON,1965,60.72,Oceania,0.47,1.35,124,124
Tonga,TON,1966,61.21,Oceania,0.49,1.35,124,124
Tonga,TON,1967,61.692,Oceania,0.48,1.35,124,124
Tonga,TON,1968,62.161,Oceania,0.47,1.35,124,124
Tonga,TON,1969,62.696,Oceania,0.53,1.35,124,124
Tonga,TON,1970,63.182,Oceania,0.49,1.35,124,124
Tonga,TON,1971,63.607,Oceania,0.42,1.35,124,124
Tonga,TON,1972,64.061,Oceania,0.45,1.35,124,124
Tonga,TON,1973,64.389,Oceania,0.33,1.35,124,124
Tonga,TON,1974,64.825,Oceania,0.44,1.35,124,124
Tonga,TON,1975,65.122,Oceania,0.3,1.35,124,124
Tonga,TON,1976,65.418,Oceania,0.3,1.35,124,124
Tonga,TON,1977,65.625,Oceania,0.21,1.35,124,124
Tonga,TON,1978,65.854,Oceania,0.23,1.35,124,124
Tonga,TON,1979,66.039,Oceania,0.19,1.35,124,124
Tonga,TON,1980,66.186,Oceania,0.15,1.35,124,124
Tonga,TON,1981,66.357,Oceania,0.17,1.35,124,124
Tonga,TON,1982,66.327,Oceania,-0.03,1.35,124,124
Tonga,TON,1983,66.652,Oceania,0.33,1.35,124,124
Tonga,TON,1984,66.806,Oceania,0.15,1.35,124,124
Tonga,TON,1985,66.928,Oceania,0.12,1.35,124,124
Tonga,TON,1986,67.058,Oceania,0.13,1.35,124,124
Tonga,TON,1987,67.189,Oceania,0.13,1.35,124,124
Tonga,TON,1988,67.321,Oceania,0.13,1.35,124,124
Tonga,TON,1989,67.445,Oceania,0.12,1.35,124,124
Tonga,TON,1990,67.539,Oceania,0.09,1.35,124,124
Tonga,TON,1991,67.749,Oceania,0.21,1.35,124,124
Tonga,TON,1992,67.927,Oceania,0.18,1.35,124,124
Tonga,TON,1993,68.157,Oceania,0.23,1.35,124,124
Tonga,TON,1994,68.371,Oceania,0.21,1.35,124,124
Tonga,TON,1995,68.592,Oceania,0.22,1.35,124,124
Tonga,TON,1996,68.803,Oceania,0.21,1.35,124,124
Tonga,TON,1997,69.012,Oceania,0.21,1.35,124,124
Tonga,TON,1998,69.224,Oceania,0.21,1.35,124,124
Tonga,TON,1999,69.431,Oceania,0.21,1.35,124,124
Tonga,TON,2000,69.635,Oceania,0.2,1.35,124,124
Tonga,TON,2001,69.8,Oceania,0.16,1.35,124,124
Tonga,TON,2002,70.03,Oceania,0.23,1.35,124,124
Tonga,TON,2003,70.228,Oceania,0.2,1.35,124,124
Tonga,TON,2004,70.433,Oceania,0.21,1.35,124,124
Tonga,TON,2005,70.56,Oceania,0.13,1.35,124,124
Tonga,TON,2006,70.71,Oceania,0.15,1.35,124,124
Tonga,TON,2007,70.887,Oceania,0.18,1.35,124,124
Tonga,TON,2008,71.041,Oceania,0.15,1.35,124,124
Tonga,TON,2009,70.949,Oceania,-0.09,1.35,124,124
Tonga,TON,2010,71.319,Oceania,0.37,1.35,124,124
Tonga,TON,2011,71.437,Oceania,0.12,1.35,124,124
Tonga,TON,2012,71.546,Oceania,0.11,1.35,124,124
Tonga,TON,2013,71.65,Oceania,0.1,1.35,124,124
Tonga,TON,2014,71.721,Oceania,0.07,1.35,124,124
Tonga,TON,2015,71.851,Oceania,0.13,1.35,124,124
Tonga,TON,2016,71.951,Oceania,0.1,1.35,124,124
Tonga,TON,2017,72.066,Oceania,0.12,1.35,124,124
Tonga,TON,2018,72.169,Oceania,0.1,1.35,124,124
Tonga,TON,2019,72.292,Oceania,0.12,1.35,124,124
Tonga,TON,2020,72.379,Oceania,0.09,1.35,124,124
Tonga,TON,2021,72.13,Oceania,-0.25,1.35,124,124
Tonga,TON,2022,72.635,Oceania,0.51,1.35,124,124
Tonga,TON,2023,72.895,Oceania,0.26,1.35,124,124
Tonga,TON,2024,73.07,Oceania,0.17,1.35,124,124
Trinidad and Tobago,TTO,1960,62.505,America,,0.72,121,121
Trinidad and Tobago,TTO,1961,62.965,America,0.46,0.72,121,121
Trinidad and Tobago,TTO,1962,63.429,America,0.46,0.72,121,121
Trinidad and Tobago,TTO,1963,63.633,America,0.2,0.72,121,121
Trinidad and Tobago,TTO,1964,63.978,America,0.34,0.72,121,121
Trinidad and Tobago,TTO,1965,64.195,America,0.22,0.72,121,121
Trinidad and Tobago,TTO,1966,64.316,America,0.12,0.72,121,121
Trinidad and Tobago,TTO,1967,64.471,America,0.16,0.72,121,121
Trinidad and Tobago,TTO,1968,64.626,America,0.16,0.72,121,121
Trinidad and Tobago,TTO,1969,64.753,America,0.13,0.72,121,121
Trinidad and Tobago,TTO,1970,64.869,America,0.12,0.72,121,121
Trinidad and Tobago,TTO,1971,64.934,America,0.06,0.72,121,121
Trinidad and Tobago,TTO,1972,65.183,America,0.25,0.72,121,121
Trinidad and Tobago,TTO,1973,65.412,America,0.23,0.72,121,121
Trinidad and Tobago,TTO,1974,65.512,America,0.1,0.72,121,121
Trinidad and Tobago,TTO,1975,65.647,America,0.14,0.72,121,121
Trinidad and Tobago,TTO,1976,66.032,America,0.38,0.72,121,121
Trinidad and Tobago,TTO,1977,66.17,America,0.14,0.72,121,121
Trinidad and Tobago,TTO,1978,66.198,America,0.03,0.72,121,121
Trinidad and Tobago,TTO,1979,66.422,America,0.22,0.72,121,121
Trinidad and Tobago,TTO,1980,66.507,America,0.09,0.72,121,121
Trinidad and Tobago,TTO,1981,66.459,America,-0.05,0.72,121,121
Trinidad and Tobago,TTO,1982,66.382,America,-0.08,0.72,121,121
Trinidad and Tobago,TTO,1983,66.44,America,0.06,0.72,121,121
Trinidad and Tobago,TTO,1984,66.556,America,0.12,0.72,121,121
Trinidad and Tobago,TTO,1985,66.748,America,0.19,0.72,121,121
Trinidad and Tobago,TTO,1986,66.903,America,0.16,0.72,121,121
Trinidad and Tobago,TTO,1987,67.135,America,0.23,0.72,121,121
Trinidad and Tobago,TTO,1988,67.379,America,0.24,0.72,121,121
Trinidad and Tobago,TTO,1989,67.518,America,0.14,0.72,121,121
Trinidad and Tobago,TTO,1990,67.591,America,0.07,0.72,121,121
Trinidad and Tobago,TTO,1991,67.782,America,0.19,0.72,121,121
Trinidad and Tobago,TTO,1992,67.78,America,-0.0,0.72,121,121
Trinidad and Tobago,TTO,1993,67.825,America,0.05,0.72,121,121
Trinidad and Tobago,TTO,1994,67.837,America,0.01,0.72,121,121
Trinidad and Tobago,TTO,1995,67.995,America,0.16,0.72,121,121
Trinidad and Tobago,TTO,1996,68.039,America,0.04,0.72,121,121
Trinidad and Tobago,TTO,1997,68.143,America,0.1,0.72,121,121
Trinidad and Tobago,TTO,1998,68.331,America,0.19,0.72,121,121
Trinidad and Tobago,TTO,1999,68.509,America,0.18,0.72,121,121
Trinidad and Tobago,TTO,2000,68.629,America,0.12,0.72,121,121
Trinidad and Tobago,TTO,2001,68.874,America,0.24,0.72,121,121
Trinidad and Tobago,TTO,2002,69.232,America,0.36,0.72,121,121
Trinidad and Tobago,TTO,2003,69.454,America,0.22,0.72,121,121
Trinidad and Tobago,TTO,2004,69.879,America,0.43,0.72,121,121
Trinidad and Tobago,TTO,2005,70.185,America,0.31,0.72,121,121
Trinidad and Tobago,TTO,2006,70.437,America,0.25,0.72,121,121
Trinidad and Tobago,TTO,2007,70.797,America,0.36,0.72,121,121
Trinidad and Tobago,TTO,2008,71.117,America,0.32,0.72,121,121
Trinidad and Tobago,TTO,2009,71.404,America,0.29,0.72,121,121
Trinidad and Tobago,TTO,2010,71.809,America,0.41,0.72,121,121
Trinidad and Tobago,TTO,2011,72.232,America,0.42,0.72,121,121
Trinidad and Tobago,TTO,2012,72.513,America,0.28,0.72,121,121
Trinidad and Tobago,TTO,2013,72.785,America,0.27,0.72,121,121
Trinidad and Tobago,TTO,2014,72.898,America,0.11,0.72,121,121
Trinidad and Tobago,TTO,2015,72.882,America,-0.02,0.72,121,121
Trinidad and Tobago,TTO,2016,72.935,America,0.05,0.72,121,121
Trinidad and Tobago,TTO,2017,72.984,America,0.05,0.72,121,121
Trinidad and Tobago,TTO,2018,72.658,America,-0.33,0.72,121,121
Trinidad and Tobago,TTO,2019,72.836,America,0.18,0.72,121,121
Trinidad and Tobago,TTO,2020,72.645,America,-0.19,0.72,121,121
Trinidad and Tobago,TTO,2021,71.111,America,-1.53,0.72,121,121
Trinidad and Tobago,TTO,2022,73.331,America,2.22,0.72,121,121
Trinidad and Tobago,TTO,2023,73.49,America,0.16,0.72,121,121
Trinidad and Tobago,TTO,2024,73.617,America,0.13,0.72,121,121
Tunisia,TUN,1960,44.049,Africa,,1.93,88,88
Tunisia,TUN,1961,44.257,Africa,0.21,1.93,88,88
Tunisia,TUN,1962,45.562,Africa,1.3,1.93,88,88
Tunisia,TUN,1963,46.412,Africa,0.85,1.93,88,88
Tunisia,TUN,1964,47.272,Africa,0.86,1.93,88,88
Tunisia,TUN,1965,48.204,Africa,0.93,1.93,88,88
Tunisia,TUN,1966,49.158,Africa,0.95,1.93,88,88
Tunisia,TUN,1967,50.157,Africa,1.0,1.93,88,88
Tunisia,TUN,1968,51.342,Africa,1.19,1.93,88,88
Tunisia,TUN,1969,52.297,Africa,0.95,1.93,88,88
Tunisia,TUN,1970,53.792,Africa,1.5,1.93,88,88
Tunisia,TUN,1971,54.906,Africa,1.11,1.93,88,88
Tunisia,TUN,1972,56.095,Africa,1.19,1.93,88,88
Tunisia,TUN,1973,57.115,Africa,1.02,1.93,88,88
Tunisia,TUN,1974,58.251,Africa,1.14,1.93,88,88
Tunisia,TUN,1975,59.306,Africa,1.05,1.93,88,88
Tunisia,TUN,1976,60.313,Africa,1.01,1.93,88,88
Tunisia,TUN,1977,61.256,Africa,0.94,1.93,88,88
Tunisia,TUN,1978,62.147,Africa,0.89,1.93,88,88
Tunisia,TUN,1979,62.929,Africa,0.78,1.93,88,88
Tunisia,TUN,1980,63.669,Africa,0.74,1.93,88,88
Tunisia,TUN,1981,64.374,Africa,0.7,1.93,88,88
Tunisia,TUN,1982,65.01,Africa,0.64,1.93,88,88
Tunisia,TUN,1983,65.696,Africa,0.69,1.93,88,88
Tunisia,TUN,1984,66.294,Africa,0.6,1.93,88,88
Tunisia,TUN,1985,66.877,Africa,0.58,1.93,88,88
Tunisia,TUN,1986,67.429,Africa,0.55,1.93,88,88
Tunisia,TUN,1987,68.011,Africa,0.58,1.93,88,88
Tunisia,TUN,1988,68.456,Africa,0.45,1.93,88,88
Tunisia,TUN,1989,68.825,Africa,0.37,1.93,88,88
Tunisia,TUN,1990,69.092,Africa,0.27,1.93,88,88
Tunisia,TUN,1991,69.398,Africa,0.31,1.93,88,88
Tunisia,TUN,1992,69.684,Africa,0.29,1.93,88,88
Tunisia,TUN,1993,69.992,Africa,0.31,1.93,88,88
Tunisia,TUN,1994,70.363,Africa,0.37,1.93,88,88
Tunisia,TUN,1995,70.785,Africa,0.42,1.93,88,88
Tunisia,TUN,1996,71.247,Africa,0.46,1.93,88,88
Tunisia,TUN,1997,71.67,Africa,0.42,1.93,88,88
Tunisia,TUN,1998,72.067,Africa,0.4,1.93,88,88
Tunisia,TUN,1999,72.344,Africa,0.28,1.93,88,88
Tunisia,TUN,2000,72.604,Africa,0.26,1.93,88,88
Tunisia,TUN,2001,72.822,Africa,0.22,1.93,88,88
Tunisia,TUN,2002,73.07,Africa,0.25,1.93,88,88
Tunisia,TUN,2003,73.304,Africa,0.23,1.93,88,88
Tunisia,TUN,2004,73.519,Africa,0.22,1.93,88,88
Tunisia,TUN,2005,73.712,Africa,0.19,1.93,88,88
Tunisia,TUN,2006,73.888,Africa,0.18,1.93,88,88
Tunisia,TUN,2007,74.039,Africa,0.15,1.93,88,88
Tunisia,TUN,2008,74.192,Africa,0.15,1.93,88,88
Tunisia,TUN,2009,74.32,Africa,0.13,1.93,88,88
Tunisia,TUN,2010,74.438,Africa,0.12,1.93,88,88
Tunisia,TUN,2011,74.471,Africa,0.03,1.93,88,88
Tunisia,TUN,2012,74.599,Africa,0.13,1.93,88,88
Tunisia,TUN,2013,74.674,Africa,0.08,1.93,88,88
Tunisia,TUN,2014,74.784,Africa,0.11,1.93,88,88
Tunisia,TUN,2015,74.875,Africa,0.09,1.93,88,88
Tunisia,TUN,2016,75.007,Africa,0.13,1.93,88,88
Tunisia,TUN,2017,75.177,Africa,0.17,1.93,88,88
Tunisia,TUN,2018,75.37,Africa,0.19,1.93,88,88
Tunisia,TUN,2019,75.599,Africa,0.23,1.93,88,88
Tunisia,TUN,2020,75.004,Africa,-0.59,1.93,88,88
Tunisia,TUN,2021,72.893,Africa,-2.11,1.93,88,88
Tunisia,TUN,2022,76.05,Africa,3.16,1.93,88,88
Tunisia,TUN,2023,76.508,Africa,0.46,1.93,88,88
Tunisia,TUN,2024,76.711,Africa,0.2,1.93,88,88
Turkiye,TUR,1960,50.799,Asia,,0.97,83,83
Turkiye,TUR,1961,51.558,Asia,0.76,0.97,83,83
Turkiye,TUR,1962,52.347,Asia,0.79,0.97,83,83
Turkiye,TUR,1963,53.12,Asia,0.77,0.97,83,83
Turkiye,TUR,1964,53.6,Asia,0.48,0.97,83,83
Turkiye,TUR,1965,54.105,Asia,0.5,0.97,83,83
Turkiye,TUR,1966,54.57,Asia,0.47,0.97,83,83
Turkiye,TUR,1967,55.183,Asia,0.61,0.97,83,83
Turkiye,TUR,1968,55.639,Asia,0.46,0.97,83,83
Turkiye,TUR,1969,56.179,Asia,0.54,0.97,83,83
Turkiye,TUR,1970,56.702,Asia,0.52,0.97,83,83
Turkiye,TUR,1971,57.223,Asia,0.52,0.97,83,83
Turkiye,TUR,1972,57.971,Asia,0.75,0.97,83,83
Turkiye,TUR,1973,58.455,Asia,0.48,0.97,83,83
Turkiye,TUR,1974,59.019,Asia,0.56,0.97,83,83
Turkiye,TUR,1975,59.513,Asia,0.49,0.97,83,83
Turkiye,TUR,1976,60.014,Asia,0.5,0.97,83,83
Turkiye,TUR,1977,60.846,Asia,0.83,0.97,83,83
Turkiye,TUR,1978,61.614,Asia,0.77,0.97,83,83
Turkiye,TUR,1979,62.161,Asia,0.55,0.97,83,83
Turkiye,TUR,1980,62.739,Asia,0.58,0.97,83,83
Turkiye,TUR,1981,63.194,Asia,0.46,0.97,83,83
Turkiye,TUR,1982,63.74,Asia,0.55,0.97,83,83
Turkiye,TUR,1983,64.269,Asia,0.53,0.97,83,83
Turkiye,TUR,1984,64.81,Asia,0.54,0.97,83,83
Turkiye,TUR,1985,65.344,Asia,0.53,0.97,83,83
Turkiye,TUR,1986,65.87,Asia,0.53,0.97,83,83
Turkiye,TUR,1987,66.379,Asia,0.51,0.97,83,83
Turkiye,TUR,1988,66.902,Asia,0.52,0.97,83,83
Turkiye,TUR,1989,67.365,Asia,0.46,0.97,83,83
Turkiye,TUR,1990,67.835,Asia,0.47,0.97,83,83
Turkiye,TUR,1991,68.287,Asia,0.45,0.97,83,83
Turkiye,TUR,1992,68.603,Asia,0.32,0.97,83,83
Turkiye,TUR,1993,69.018,Asia,0.42,0.97,83,83
Turkiye,TUR,1994,69.402,Asia,0.38,0.97,83,83
Turkiye,TUR,1995,69.734,Asia,0.33,0.97,83,83
Turkiye,TUR,1996,70.245,Asia,0.51,0.97,83,83
Turkiye,TUR,1997,70.668,Asia,0.42,0.97,83,83
Turkiye,TUR,1998,71.144,Asia,0.48,0.97,83,83
Turkiye,TUR,1999,70.752,Asia,-0.39,0.97,83,83
Turkiye,TUR,2000,71.931,Asia,1.18,0.97,83,83
Turkiye,TUR,2001,72.271,Asia,0.34,0.97,83,83
Turkiye,TUR,2002,72.605,Asia,0.33,0.97,83,83
Turkiye,TUR,2003,72.906,Asia,0.3,0.97,83,83
Turkiye,TUR,2004,73.223,Asia,0.32,0.97,83,83
Turkiye,TUR,2005,73.51,Asia,0.29,0.97,83,83
Turkiye,TUR,2006,73.804,Asia,0.29,0.97,83,83
Turkiye,TUR,2007,74.129,Asia,0.33,0.97,83,83
Turkiye,TUR,2008,74.38,Asia,0.25,0.97,83,83
Turkiye,TUR,2009,74.679,Asia,0.3,0.97,83,83
Turkiye,TUR,2010,74.964,Asia,0.28,0.97,83,83
Turkiye,TUR,2011,74.823,Asia,-0.14,0.97,83,83
Turkiye,TUR,2012,75.552,Asia,0.73,0.97,83,83
Turkiye,TUR,2013,76.171,Asia,0.62,0.97,83,83
Turkiye,TUR,2014,76.452,Asia,0.28,0.97,83,83
Turkiye,TUR,2015,76.539,Asia,0.09,0.97,83,83
Turkiye,TUR,2016,76.595,Asia,0.06,0.97,83,83
Turkiye,TUR,2017,77.037,Asia,0.44,0.97,83,83
Turkiye,TUR,2018,77.454,Asia,0.42,0.97,83,83
Turkiye,TUR,2019,77.737,Asia,0.28,0.97,83,83
Turkiye,TUR,2020,76.525,Asia,-1.21,0.97,83,83
Turkiye,TUR,2021,75.722,Asia,-0.8,0.97,83,83
Turkiye,TUR,2022,77.591,Asia,1.87,0.97,83,83
Turkiye,TUR,2023,77.156,Asia,-0.43,0.97,83,83
Turkiye,TUR,2024,77.421,Asia,0.27,0.97,83,83
Tuvalu,TUV,1960,48.261,Oceania,,1.98,175,175
Tuvalu,TUV,1961,49.02,Oceania,0.76,1.98,175,175
Tuvalu,TUV,1962,49.779,Oceania,0.76,1.98,175,175
Tuvalu,TUV,1963,50.58,Oceania,0.8,1.98,175,175
Tuvalu,TUV,1964,51.336,Oceania,0.76,1.98,175,175
Tuvalu,TUV,1965,52.086,Oceania,0.75,1.98,175,175
Tuvalu,TUV,1966,52.809,Oceania,0.72,1.98,175,175
Tuvalu,TUV,1967,53.481,Oceania,0.67,1.98,175,175
Tuvalu,TUV,1968,54.072,Oceania,0.59,1.98,175,175
Tuvalu,TUV,1969,54.73,Oceania,0.66,1.98,175,175
Tuvalu,TUV,1970,55.347,Oceania,0.62,1.98,175,175
Tuvalu,TUV,1971,55.971,Oceania,0.62,1.98,175,175
Tuvalu,TUV,1972,54.694,Oceania,-1.28,1.98,175,175
Tuvalu,TUV,1973,57.197,Oceania,2.5,1.98,175,175
Tuvalu,TUV,1974,57.693,Oceania,0.5,1.98,175,175
Tuvalu,TUV,1975,58.253,Oceania,0.56,1.98,175,175
Tuvalu,TUV,1976,58.773,Oceania,0.52,1.98,175,175
Tuvalu,TUV,1977,59.201,Oceania,0.43,1.98,175,175
Tuvalu,TUV,1978,59.571,Oceania,0.37,1.98,175,175
Tuvalu,TUV,1979,59.879,Oceania,0.31,1.98,175,175
Tuvalu,TUV,1980,60.217,Oceania,0.34,1.98,175,175
Tuvalu,TUV,1981,60.489,Oceania,0.27,1.98,175,175
Tuvalu,TUV,1982,60.746,Oceania,0.26,1.98,175,175
Tuvalu,TUV,1983,60.938,Oceania,0.19,1.98,175,175
Tuvalu,TUV,1984,61.052,Oceania,0.11,1.98,175,175
Tuvalu,TUV,1985,61.137,Oceania,0.09,1.98,175,175
Tuvalu,TUV,1986,61.207,Oceania,0.07,1.98,175,175
Tuvalu,TUV,1987,61.286,Oceania,0.08,1.98,175,175
Tuvalu,TUV,1988,61.367,Oceania,0.08,1.98,175,175
Tuvalu,TUV,1989,61.506,Oceania,0.14,1.98,175,175
Tuvalu,TUV,1990,61.643,Oceania,0.14,1.98,175,175
Tuvalu,TUV,1991,61.809,Oceania,0.17,1.98,175,175
Tuvalu,TUV,1992,60.29,Oceania,-1.52,1.98,175,175
Tuvalu,TUV,1993,62.11,Oceania,1.82,1.98,175,175
Tuvalu,TUV,1994,62.317,Oceania,0.21,1.98,175,175
Tuvalu,TUV,1995,62.505,Oceania,0.19,1.98,175,175
Tuvalu,TUV,1996,62.709,Oceania,0.2,1.98,175,175
Tuvalu,TUV,1997,62.942,Oceania,0.23,1.98,175,175
Tuvalu,TUV,1998,63.162,Oceania,0.22,1.98,175,175
Tuvalu,TUV,1999,63.346,Oceania,0.18,1.98,175,175
Tuvalu,TUV,2000,63.536,Oceania,0.19,1.98,175,175
Tuvalu,TUV,2001,63.709,Oceania,0.17,1.98,175,175
Tuvalu,TUV,2002,63.825,Oceania,0.12,1.98,175,175
Tuvalu,TUV,2003,63.897,Oceania,0.07,1.98,175,175
Tuvalu,TUV,2004,63.989,Oceania,0.09,1.98,175,175
Tuvalu,TUV,2005,64.096,Oceania,0.11,1.98,175,175
Tuvalu,TUV,2006,64.247,Oceania,0.15,1.98,175,175
Tuvalu,TUV,2007,64.402,Oceania,0.16,1.98,175,175
Tuvalu,TUV,2008,64.516,Oceania,0.11,1.98,175,175
Tuvalu,TUV,2009,64.693,Oceania,0.18,1.98,175,175
Tuvalu,TUV,2010,64.834,Oceania,0.14,1.98,175,175
Tuvalu,TUV,2011,64.96,Oceania,0.13,1.98,175,175
Tuvalu,TUV,2012,65.079,Oceania,0.12,1.98,175,175
Tuvalu,TUV,2013,65.171,Oceania,0.09,1.98,175,175
Tuvalu,TUV,2014,65.278,Oceania,0.11,1.98,175,175
Tuvalu,TUV,2015,65.365,Oceania,0.09,1.98,175,175
Tuvalu,TUV,2016,65.51,Oceania,0.15,1.98,175,175
Tuvalu,TUV,2017,65.683,Oceania,0.17,1.98,175,175
Tuvalu,TUV,2018,65.871,Oceania,0.19,1.98,175,175
Tuvalu,TUV,2019,66.109,Oceania,0.24,1.98,175,175
Tuvalu,TUV,2020,66.357,Oceania,0.25,1.98,175,175
Tuvalu,TUV,2021,65.824,Oceania,-0.53,1.98,175,175
Tuvalu,TUV,2022,66.852,Oceania,1.03,1.98,175,175
Tuvalu,TUV,2023,67.105,Oceania,0.25,1.98,175,175
Tuvalu,TUV,2024,67.259,Oceania,0.15,1.98,175,175
Tanzania,TZA,1960,42.596,Africa,,3.85,176,176
Tanzania,TZA,1961,42.841,Africa,0.25,3.85,176,176
Tanzania,TZA,1962,43.215,Africa,0.37,3.85,176,176
Tanzania,TZA,1963,43.616,Africa,0.4,3.85,176,176
Tanzania,TZA,1964,44.075,Africa,0.46,3.85,176,176
Tanzania,TZA,1965,44.542,Africa,0.47,3.85,176,176
Tanzania,TZA,1966,44.941,Africa,0.4,3.85,176,176
Tanzania,TZA,1967,45.163,Africa,0.22,3.85,176,176
Tanzania,TZA,1968,45.626,Africa,0.46,3.85,176,176
Tanzania,TZA,1969,46.043,Africa,0.42,3.85,176,176
Tanzania,TZA,1970,46.495,Africa,0.45,3.85,176,176
Tanzania,TZA,1971,46.972,Africa,0.48,3.85,176,176
Tanzania,TZA,1972,47.436,Africa,0.46,3.85,176,176
Tanzania,TZA,1973,47.912,Africa,0.48,3.85,176,176
Tanzania,TZA,1974,48.422,Africa,0.51,3.85,176,176
Tanzania,TZA,1975,48.922,Africa,0.5,3.85,176,176
Tanzania,TZA,1976,49.459,Africa,0.54,3.85,176,176
Tanzania,TZA,1977,49.969,Africa,0.51,3.85,176,176
Tanzania,TZA,1978,50.351,Africa,0.38,3.85,176,176
Tanzania,TZA,1979,50.791,Africa,0.44,3.85,176,176
Tanzania,TZA,1980,51.272,Africa,0.48,3.85,176,176
Tanzania,TZA,1981,51.703,Africa,0.43,3.85,176,176
Tanzania,TZA,1982,51.99,Africa,0.29,3.85,176,176
Tanzania,TZA,1983,52.178,Africa,0.19,3.85,176,176
Tanzania,TZA,1984,52.151,Africa,-0.03,3.85,176,176
Tanzania,TZA,1985,52.184,Africa,0.03,3.85,176,176
Tanzania,TZA,1986,52.207,Africa,0.02,3.85,176,176
Tanzania,TZA,1987,52.182,Africa,-0.02,3.85,176,176
Tanzania,TZA,1988,52.224,Africa,0.04,3.85,176,176
Tanzania,TZA,1989,52.09,Africa,-0.13,3.85,176,176
Tanzania,TZA,1990,51.985,Africa,-0.11,3.85,176,176
Tanzania,TZA,1991,51.837,Africa,-0.15,3.85,176,176
Tanzania,TZA,1992,51.432,Africa,-0.41,3.85,176,176
Tanzania,TZA,1993,51.215,Africa,-0.22,3.85,176,176
Tanzania,TZA,1994,51.077,Africa,-0.14,3.85,176,176
Tanzania,TZA,1995,51.005,Africa,-0.07,3.85,176,176
Tanzania,TZA,1996,51.132,Africa,0.13,3.85,176,176
Tanzania,TZA,1997,51.246,Africa,0.11,3.85,176,176
Tanzania,TZA,1998,51.807,Africa,0.56,3.85,176,176
Tanzania,TZA,1999,52.399,Africa,0.59,3.85,176,176
Tanzania,TZA,2000,53.244,Africa,0.84,3.85,176,176
Tanzania,TZA,2001,54.124,Africa,0.88,3.85,176,176
Tanzania,TZA,2002,54.94,Africa,0.82,3.85,176,176
Tanzania,TZA,2003,55.929,Africa,0.99,3.85,176,176
Tanzania,TZA,2004,56.836,Africa,0.91,3.85,176,176
Tanzania,TZA,2005,57.675,Africa,0.84,3.85,176,176
Tanzania,TZA,2006,58.512,Africa,0.84,3.85,176,176
Tanzania,TZA,2007,59.26,Africa,0.75,3.85,176,176
Tanzania,TZA,2008,59.896,Africa,0.64,3.85,176,176
Tanzania,TZA,2009,60.494,Africa,0.6,3.85,176,176
Tanzania,TZA,2010,61.127,Africa,0.63,3.85,176,176
Tanzania,TZA,2011,61.618,Africa,0.49,3.85,176,176
Tanzania,TZA,2012,62.286,Africa,0.67,3.85,176,176
Tanzania,TZA,2013,62.788,Africa,0.5,3.85,176,176
Tanzania,TZA,2014,63.364,Africa,0.58,3.85,176,176
Tanzania,TZA,2015,63.928,Africa,0.56,3.85,176,176
Tanzania,TZA,2016,64.404,Africa,0.48,3.85,176,176
Tanzania,TZA,2017,64.963,Africa,0.56,3.85,176,176
Tanzania,TZA,2018,65.488,Africa,0.53,3.85,176,176
Tanzania,TZA,2019,66.007,Africa,0.52,3.85,176,176
Tanzania,TZA,2020,66.771,Africa,0.76,3.85,176,176
Tanzania,TZA,2021,66.131,Africa,-0.64,3.85,176,176
Tanzania,TZA,2022,66.879,Africa,0.75,3.85,176,176
Tanzania,TZA,2023,66.995,Africa,0.12,3.85,176,176
Tanzania,TZA,2024,67.212,Africa,0.22,3.85,176,176
Uganda,UGA,1960,45.633,Africa,,5.43,166,166
Uganda,UGA,1961,46.271,Africa,0.64,5.43,166,166
Uganda,UGA,1962,46.821,Africa,0.55,5.43,166,166
Uganda,UGA,1963,47.378,Africa,0.56,5.43,166,166
Uganda,UGA,1964,47.846,Africa,0.47,5.43,166,166
Uganda,UGA,1965,48.303,Africa,0.46,5.43,166,166
Uganda,UGA,1966,48.463,Africa,0.16,5.43,166,166
Uganda,UGA,1967,49.006,Africa,0.54,5.43,166,166
Uganda,UGA,1968,49.285,Africa,0.28,5.43,166,166
Uganda,UGA,1969,49.505,Africa,0.22,5.43,166,166
Uganda,UGA,1970,49.621,Africa,0.12,5.43,166,166
Uganda,UGA,1971,47.147,Africa,-2.47,5.43,166,166
Uganda,UGA,1972,47.162,Africa,0.02,5.43,166,166
Uganda,UGA,1973,46.992,Africa,-0.17,5.43,166,166
Uganda,UGA,1974,46.861,Africa,-0.13,5.43,166,166
Uganda,UGA,1975,46.517,Africa,-0.34,5.43,166,166
Uganda,UGA,1976,46.169,Africa,-0.35,5.43,166,166
Uganda,UGA,1977,45.84,Africa,-0.33,5.43,166,166
Uganda,UGA,1978,45.596,Africa,-0.24,5.43,166,166
Uganda,UGA,1979,45.385,Africa,-0.21,5.43,166,166
Uganda,UGA,1980,43.453,Africa,-1.93,5.43,166,166
Uganda,UGA,1981,43.456,Africa,0.0,5.43,166,166
Uganda,UGA,1982,43.309,Africa,-0.15,5.43,166,166
Uganda,UGA,1983,43.489,Africa,0.18,5.43,166,166
Uganda,UGA,1984,43.706,Africa,0.22,5.43,166,166
Uganda,UGA,1985,45.496,Africa,1.79,5.43,166,166
Uganda,UGA,1986,45.651,Africa,0.16,5.43,166,166
Uganda,UGA,1987,47.36,Africa,1.71,5.43,166,166
Uganda,UGA,1988,47.476,Africa,0.12,5.43,166,166
Uganda,UGA,1989,47.488,Africa,0.01,5.43,166,166
Uganda,UGA,1990,47.561,Africa,0.07,5.43,166,166
Uganda,UGA,1991,47.549,Africa,-0.01,5.43,166,166
Uganda,UGA,1992,47.671,Africa,0.12,5.43,166,166
Uganda,UGA,1993,47.681,Africa,0.01,5.43,166,166
Uganda,UGA,1994,47.675,Africa,-0.01,5.43,166,166
Uganda,UGA,1995,47.706,Africa,0.03,5.43,166,166
Uganda,UGA,1996,47.759,Africa,0.05,5.43,166,166
Uganda,UGA,1997,48.026,Africa,0.27,5.43,166,166
Uganda,UGA,1998,48.263,Africa,0.24,5.43,166,166
Uganda,UGA,1999,48.977,Africa,0.71,5.43,166,166
Uganda,UGA,2000,49.64,Africa,0.66,5.43,166,166
Uganda,UGA,2001,50.576,Africa,0.94,5.43,166,166
Uganda,UGA,2002,51.443,Africa,0.87,5.43,166,166
Uganda,UGA,2003,52.414,Africa,0.97,5.43,166,166
Uganda,UGA,2004,53.699,Africa,1.28,5.43,166,166
Uganda,UGA,2005,54.926,Africa,1.23,5.43,166,166
Uganda,UGA,2006,56.118,Africa,1.19,5.43,166,166
Uganda,UGA,2007,57.248,Africa,1.13,5.43,166,166
Uganda,UGA,2008,58.253,Africa,1.01,5.43,166,166
Uganda,UGA,2009,59.157,Africa,0.9,5.43,166,166
Uganda,UGA,2010,59.959,Africa,0.8,5.43,166,166
Uganda,UGA,2011,60.791,Africa,0.83,5.43,166,166
Uganda,UGA,2012,61.579,Africa,0.79,5.43,166,166
Uganda,UGA,2013,62.353,Africa,0.77,5.43,166,166
Uganda,UGA,2014,63.057,Africa,0.7,5.43,166,166
Uganda,UGA,2015,63.831,Africa,0.77,5.43,166,166
Uganda,UGA,2016,64.494,Africa,0.66,5.43,166,166
Uganda,UGA,2017,65.174,Africa,0.68,5.43,166,166
Uganda,UGA,2018,65.775,Africa,0.6,5.43,166,166
Uganda,UGA,2019,66.354,Africa,0.58,5.43,166,166
Uganda,UGA,2020,66.41,Africa,0.06,5.43,166,166
Uganda,UGA,2021,66.45,Africa,0.04,5.43,166,166
Uganda,UGA,2022,67.675,Africa,1.22,5.43,166,166
Uganda,UGA,2023,68.252,Africa,0.58,5.43,166,166
Uganda,UGA,2024,68.487,Africa,0.23,5.43,166,166
Ukraine,UKR,1960,69.388,Europe,,2.89,110,110
Ukraine,UKR,1961,70.044,Europe,0.66,2.89,110,110
Ukraine,UKR,1962,70.401,Europe,0.36,2.89,110,110
Ukraine,UKR,1963,70.683,Europe,0.28,2.89,110,110
Ukraine,UKR,1964,70.972,Europe,0.29,2.89,110,110
Ukraine,UKR,1965,71.143,Europe,0.17,2.89,110,110
Ukraine,UKR,1966,71.163,Europe,0.02,2.89,110,110
Ukraine,UKR,1967,71.115,Europe,-0.05,2.89,110,110
Ukraine,UKR,1968,70.968,Europe,-0.15,2.89,110,110
Ukraine,UKR,1969,70.828,Europe,-0.14,2.89,110,110
Ukraine,UKR,1970,70.844,Europe,0.02,2.89,110,110
Ukraine,UKR,1971,70.872,Europe,0.03,2.89,110,110
Ukraine,UKR,1972,70.966,Europe,0.09,2.89,110,110
Ukraine,UKR,1973,70.822,Europe,-0.14,2.89,110,110
Ukraine,UKR,1974,70.627,Europe,-0.2,2.89,110,110
Ukraine,UKR,1975,70.361,Europe,-0.27,2.89,110,110
Ukraine,UKR,1976,70.144,Europe,-0.22,2.89,110,110
Ukraine,UKR,1977,70.007,Europe,-0.14,2.89,110,110
Ukraine,UKR,1978,69.839,Europe,-0.17,2.89,110,110
Ukraine,UKR,1979,69.775,Europe,-0.06,2.89,110,110
Ukraine,UKR,1980,69.759,Europe,-0.02,2.89,110,110
Ukraine,UKR,1981,69.816,Europe,0.06,2.89,110,110
Ukraine,UKR,1982,69.902,Europe,0.09,2.89,110,110
Ukraine,UKR,1983,69.948,Europe,0.05,2.89,110,110
Ukraine,UKR,1984,69.992,Europe,0.04,2.89,110,110
Ukraine,UKR,1985,70.409,Europe,0.42,2.89,110,110
Ukraine,UKR,1986,70.833,Europe,0.42,2.89,110,110
Ukraine,UKR,1987,71.179,Europe,0.35,2.89,110,110
Ukraine,UKR,1988,71.04,Europe,-0.14,2.89,110,110
Ukraine,UKR,1989,70.839,Europe,-0.2,2.89,110,110
Ukraine,UKR,1990,70.354,Europe,-0.48,2.89,110,110
Ukraine,UKR,1991,69.688,Europe,-0.67,2.89,110,110
Ukraine,UKR,1992,68.947,Europe,-0.74,2.89,110,110
Ukraine,UKR,1993,68.287,Europe,-0.66,2.89,110,110
Ukraine,UKR,1994,67.534,Europe,-0.75,2.89,110,110
Ukraine,UKR,1995,67.114,Europe,-0.42,2.89,110,110
Ukraine,UKR,1996,67.097,Europe,-0.02,2.89,110,110
Ukraine,UKR,1997,67.658,Europe,0.56,2.89,110,110
Ukraine,UKR,1998,67.993,Europe,0.33,2.89,110,110
Ukraine,UKR,1999,68.004,Europe,0.01,2.89,110,110
Ukraine,UKR,2000,67.786,Europe,-0.22,2.89,110,110
Ukraine,UKR,2001,67.675,Europe,-0.11,2.89,110,110
Ukraine,UKR,2002,67.699,Europe,0.02,2.89,110,110
Ukraine,UKR,2003,67.638,Europe,-0.06,2.89,110,110
Ukraine,UKR,2004,67.472,Europe,-0.17,2.89,110,110
Ukraine,UKR,2005,67.517,Europe,0.05,2.89,110,110
Ukraine,UKR,2006,67.49,Europe,-0.03,2.89,110,110
Ukraine,UKR,2007,67.715,Europe,0.23,2.89,110,110
Ukraine,UKR,2008,68.262,Europe,0.55,2.89,110,110
Ukraine,UKR,2009,69.159,Europe,0.9,2.89,110,110
Ukraine,UKR,2010,70.188,Europe,1.03,2.89,110,110
Ukraine,UKR,2011,70.711,Europe,0.52,2.89,110,110
Ukraine,UKR,2012,71.09,Europe,0.38,2.89,110,110
Ukraine,UKR,2013,71.474,Europe,0.38,2.89,110,110
Ukraine,UKR,2014,71.803,Europe,0.33,2.89,110,110
Ukraine,UKR,2015,72.686,Europe,0.88,2.89,110,110
Ukraine,UKR,2016,73.389,Europe,0.7,2.89,110,110
Ukraine,UKR,2017,73.993,Europe,0.6,2.89,110,110
Ukraine,UKR,2018,73.569,Europe,-0.42,2.89,110,110
Ukraine,UKR,2019,73.92,Europe,0.35,2.89,110,110
Ukraine,UKR,2020,73.283,Europe,-0.64,2.89,110,110
Ukraine,UKR,2021,71.631,Europe,-1.65,2.89,110,110
Ukraine,UKR,2022,72.658,Europe,1.03,2.89,110,110
Ukraine,UKR,2023,73.422,Europe,0.76,2.89,110,110
Ukraine,UKR,2024,74.692,Europe,1.27,2.89,110,110
Uruguay,URY,1960,67.683,America,,1.09,65,65
Uruguay,URY,1961,67.81,America,0.13,1.09,65,65
Uruguay,URY,1962,67.911,America,0.1,1.09,65,65
Uruguay,URY,1963,68.023,America,0.11,1.09,65,65
Uruguay,URY,1964,68.112,America,0.09,1.09,65,65
Uruguay,URY,1965,68.2,America,0.09,1.09,65,65
Uruguay,URY,1966,68.302,America,0.1,1.09,65,65
Uruguay,URY,1967,68.407,America,0.1,1.09,65,65
Uruguay,URY,1968,68.514,America,0.11,1.09,65,65
Uruguay,URY,1969,68.581,America,0.07,1.09,65,65
Uruguay,URY,1970,68.734,America,0.15,1.09,65,65
Uruguay,URY,1971,68.926,America,0.19,1.09,65,65
Uruguay,URY,1972,69.169,America,0.24,1.09,65,65
Uruguay,URY,1973,69.348,America,0.18,1.09,65,65
Uruguay,URY,1974,69.524,America,0.18,1.09,65,65
Uruguay,URY,1975,69.705,America,0.18,1.09,65,65
Uruguay,URY,1976,69.887,America,0.18,1.09,65,65
Uruguay,URY,1977,70.081,America,0.19,1.09,65,65
Uruguay,URY,1978,70.265,America,0.18,1.09,65,65
Uruguay,URY,1979,70.255,America,-0.01,1.09,65,65
Uruguay,URY,1980,70.505,America,0.25,1.09,65,65
Uruguay,URY,1981,70.952,America,0.45,1.09,65,65
Uruguay,URY,1982,71.528,America,0.58,1.09,65,65
Uruguay,URY,1983,71.595,America,0.07,1.09,65,65
Uruguay,URY,1984,71.708,America,0.11,1.09,65,65
Uruguay,URY,1985,71.861,America,0.15,1.09,65,65
Uruguay,URY,1986,72.187,America,0.33,1.09,65,65
Uruguay,URY,1987,72.196,America,0.01,1.09,65,65
Uruguay,URY,1988,72.408,America,0.21,1.09,65,65
Uruguay,URY,1989,72.628,America,0.22,1.09,65,65
Uruguay,URY,1990,72.994,America,0.37,1.09,65,65
Uruguay,URY,1991,73.198,America,0.2,1.09,65,65
Uruguay,URY,1992,73.185,America,-0.01,1.09,65,65
Uruguay,URY,1993,73.147,America,-0.04,1.09,65,65
Uruguay,URY,1994,73.162,America,0.02,1.09,65,65
Uruguay,URY,1995,73.493,America,0.33,1.09,65,65
Uruguay,URY,1996,73.812,America,0.32,1.09,65,65
Uruguay,URY,1997,73.92,America,0.11,1.09,65,65
Uruguay,URY,1998,74.029,America,0.11,1.09,65,65
Uruguay,URY,1999,74.293,America,0.26,1.09,65,65
Uruguay,URY,2000,74.693,America,0.4,1.09,65,65
Uruguay,URY,2001,74.987,America,0.29,1.09,65,65
Uruguay,URY,2002,74.979,America,-0.01,1.09,65,65
Uruguay,URY,2003,75.086,America,0.11,1.09,65,65
Uruguay,URY,2004,75.319,America,0.23,1.09,65,65
Uruguay,URY,2005,75.829,America,0.51,1.09,65,65
Uruguay,URY,2006,75.888,America,0.06,1.09,65,65
Uruguay,URY,2007,76.15,America,0.26,1.09,65,65
Uruguay,URY,2008,76.275,America,0.12,1.09,65,65
Uruguay,URY,2009,76.67,America,0.39,1.09,65,65
Uruguay,URY,2010,76.691,America,0.02,1.09,65,65
Uruguay,URY,2011,76.614,America,-0.08,1.09,65,65
Uruguay,URY,2012,76.691,America,0.08,1.09,65,65
Uruguay,URY,2013,76.953,America,0.26,1.09,65,65
Uruguay,URY,2014,77.194,America,0.24,1.09,65,65
Uruguay,URY,2015,77.285,America,0.09,1.09,65,65
Uruguay,URY,2016,77.351,America,0.07,1.09,65,65
Uruguay,URY,2017,77.618,America,0.27,1.09,65,65
Uruguay,URY,2018,77.527,America,-0.09,1.09,65,65
Uruguay,URY,2019,77.503,America,-0.02,1.09,65,65
Uruguay,URY,2020,78.381,America,0.88,1.09,65,65
Uruguay,URY,2021,75.434,America,-2.95,1.09,65,65
Uruguay,URY,2022,76.468,America,1.03,1.09,65,65
Uruguay,URY,2023,78.138,America,1.67,1.09,65,65
Uruguay,URY,2024,78.287,America,0.15,1.09,65,65
United States,USA,1960,69.77073170731707,America,,0.05,61,61
United States,USA,1961,70.27073170731708,America,0.5,0.05,61,61
United States,USA,1962,70.11951219512196,America,-0.15,0.05,61,61
United States,USA,1963,69.91707317073171,America,-0.2,0.05,61,61
United States,USA,1964,70.16585365853659,America,0.25,0.05,61,61
United States,USA,1965,70.21463414634147,America,0.05,0.05,61,61
United States,USA,1966,70.21219512195123,America,-0.0,0.05,61,61
United States,USA,1967,70.56097560975611,America,0.35,0.05,61,61
United States,USA,1968,69.95121951219512,America,-0.61,0.05,61,61
United States,USA,1969,70.50731707317075,America,0.56,0.05,61,61
United States,USA,1970,70.80731707317074,America,0.3,0.05,61,61
United States,USA,1971,71.10731707317075,America,0.3,0.05,61,61
United States,USA,1972,71.15609756097562,America,0.05,0.05,61,61
United States,USA,1973,71.35609756097561,America,0.2,0.05,61,61
United States,USA,1974,71.9560975609756,America,0.6,0.05,61,61
United States,USA,1975,72.60487804878048,America,0.65,0.05,61,61
United States,USA,1976,72.85609756097561,America,0.25,0.05,61,61
United States,USA,1977,73.25609756097562,America,0.4,0.05,61,61
United States,USA,1978,73.35609756097561,America,0.1,0.05,61,61
United States,USA,1979,73.8048780487805,America,0.45,0.05,61,61
United States,USA,1980,73.60975609756099,America,-0.2,0.05,61,61
United States,USA,1981,74.009756097561,America,0.4,0.05,61,61
United States,USA,1982,74.3609756097561,America,0.35,0.05,61,61
United States,USA,1983,74.46341463414633,America,0.1,0.05,61,61
United States,USA,1984,74.56341463414635,America,0.1,0.05,61,61
United States,USA,1985,74.56341463414635,America,0.0,0.05,61,61
United States,USA,1986,74.61463414634147,America,0.05,0.05,61,61
United States,USA,1987,74.7658536585366,America,0.15,0.05,61,61
United States,USA,1988,74.7658536585366,America,0.0,0.05,61,61
United States,USA,1989,75.01707317073172,America,0.25,0.05,61,61
United States,USA,1990,75.21463414634147,America,0.2,0.05,61,61
United States,USA,1991,75.3658536585366,America,0.15,0.05,61,61
United States,USA,1992,75.6170731707317,America,0.25,0.05,61,61
United States,USA,1993,75.41951219512197,America,-0.2,0.05,61,61
United States,USA,1994,75.61951219512196,America,0.2,0.05,61,61
United States,USA,1995,75.6219512195122,America,0.0,0.05,61,61
United States,USA,1996,76.02682926829269,America,0.4,0.05,61,61
United States,USA,1997,76.42926829268293,America,0.4,0.05,61,61
United States,USA,1998,76.58048780487806,America,0.15,0.05,61,61
United States,USA,1999,76.5829268292683,America,0.0,0.05,61,61
United States,USA,2000,76.63658536585366,America,0.05,0.05,61,61
United States,USA,2001,76.83658536585367,America,0.2,0.05,61,61
United States,USA,2002,76.93658536585366,America,0.1,0.05,61,61
United States,USA,2003,77.03658536585367,America,0.1,0.05,61,61
United States,USA,2004,77.48780487804878,America,0.45,0.05,61,61
United States,USA,2005,77.48780487804878,America,0.0,0.05,61,61
United States,USA,2006,77.68780487804878,America,0.2,0.05,61,61
United States,USA,2007,77.98780487804879,America,0.3,0.05,61,61
United States,USA,2008,78.03902439024391,America,0.05,0.05,61,61
United States,USA,2009,78.39024390243902,America,0.35,0.05,61,61
United States,USA,2010,78.54146341463415,America,0.15,0.05,61,61
United States,USA,2011,78.64146341463415,America,0.1,0.05,61,61
United States,USA,2012,78.74146341463415,America,0.1,0.05,61,61
United States,USA,2013,78.74146341463415,America,0.0,0.05,61,61
United States,USA,2014,78.84146341463415,America,0.1,0.05,61,61
United States,USA,2015,78.69024390243904,America,-0.15,0.05,61,61
United States,USA,2016,78.53902439024391,America,-0.15,0.05,61,61
United States,USA,2017,78.53902439024391,America,0.0,0.05,61,61
United States,USA,2018,78.63902439024392,America,0.1,0.05,61,61
United States,USA,2019,78.78780487804877,America,0.15,0.05,61,61
United States,USA,2020,76.98048780487805,America,-1.81,0.05,61,61
United States,USA,2021,76.32926829268293,America,-0.65,0.05,61,61
United States,USA,2022,77.43414634146343,America,1.1,0.05,61,61
United States,USA,2023,78.38536585365854,America,0.95,0.05,61,61
United States,USA,2024,78.89024390243904,America,0.5,0.05,61,61
Uzbekistan,UZB,1960,56.539,Asia,,1.56,131,131
Uzbekistan,UZB,1961,56.874,Asia,0.34,1.56,131,131
Uzbekistan,UZB,1962,57.218,Asia,0.34,1.56,131,131
Uzbekistan,UZB,1963,57.564,Asia,0.35,1.56,131,131
Uzbekistan,UZB,1964,57.922,Asia,0.36,1.56,131,131
Uzbekistan,UZB,1965,58.277,Asia,0.36,1.56,131,131
Uzbekistan,UZB,1966,58.633,Asia,0.36,1.56,131,131
Uzbekistan,UZB,1967,58.993,Asia,0.36,1.56,131,131
Uzbekistan,UZB,1968,59.355,Asia,0.36,1.56,131,131
Uzbekistan,UZB,1969,59.715,Asia,0.36,1.56,131,131
Uzbekistan,UZB,1970,60.072,Asia,0.36,1.56,131,131
Uzbekistan,UZB,1971,60.417,Asia,0.34,1.56,131,131
Uzbekistan,UZB,1972,60.75,Asia,0.33,1.56,131,131
Uzbekistan,UZB,1973,61.058,Asia,0.31,1.56,131,131
Uzbekistan,UZB,1974,61.355,Asia,0.3,1.56,131,131
Uzbekistan,UZB,1975,61.632,Asia,0.28,1.56,131,131
Uzbekistan,UZB,1976,61.903,Asia,0.27,1.56,131,131
Uzbekistan,UZB,1977,62.173,Asia,0.27,1.56,131,131
Uzbekistan,UZB,1978,62.44,Asia,0.27,1.56,131,131
Uzbekistan,UZB,1979,62.707,Asia,0.27,1.56,131,131
Uzbekistan,UZB,1980,62.981,Asia,0.27,1.56,131,131
Uzbekistan,UZB,1981,63.223,Asia,0.24,1.56,131,131
Uzbekistan,UZB,1982,63.465,Asia,0.24,1.56,131,131
Uzbekistan,UZB,1983,63.75,Asia,0.28,1.56,131,131
Uzbekistan,UZB,1984,64.108,Asia,0.36,1.56,131,131
Uzbekistan,UZB,1985,64.574,Asia,0.47,1.56,131,131
Uzbekistan,UZB,1986,65.027,Asia,0.45,1.56,131,131
Uzbekistan,UZB,1987,65.486,Asia,0.46,1.56,131,131
Uzbekistan,UZB,1988,65.757,Asia,0.27,1.56,131,131
Uzbekistan,UZB,1989,65.844,Asia,0.09,1.56,131,131
Uzbekistan,UZB,1990,65.772,Asia,-0.07,1.56,131,131
Uzbekistan,UZB,1991,65.529,Asia,-0.24,1.56,131,131
Uzbekistan,UZB,1992,65.236,Asia,-0.29,1.56,131,131
Uzbekistan,UZB,1993,64.924,Asia,-0.31,1.56,131,131
Uzbekistan,UZB,1994,64.681,Asia,-0.24,1.56,131,131
Uzbekistan,UZB,1995,64.67,Asia,-0.01,1.56,131,131
Uzbekistan,UZB,1996,64.78,Asia,0.11,1.56,131,131
Uzbekistan,UZB,1997,65.028,Asia,0.25,1.56,131,131
Uzbekistan,UZB,1998,65.169,Asia,0.14,1.56,131,131
Uzbekistan,UZB,1999,65.307,Asia,0.14,1.56,131,131
Uzbekistan,UZB,2000,65.456,Asia,0.15,1.56,131,131
Uzbekistan,UZB,2001,65.853,Asia,0.4,1.56,131,131
Uzbekistan,UZB,2002,66.376,Asia,0.52,1.56,131,131
Uzbekistan,UZB,2003,66.852,Asia,0.48,1.56,131,131
Uzbekistan,UZB,2004,67.203,Asia,0.35,1.56,131,131
Uzbekistan,UZB,2005,67.481,Asia,0.28,1.56,131,131
Uzbekistan,UZB,2006,67.905,Asia,0.42,1.56,131,131
Uzbekistan,UZB,2007,68.483,Asia,0.58,1.56,131,131
Uzbekistan,UZB,2008,69.035,Asia,0.55,1.56,131,131
Uzbekistan,UZB,2009,69.517,Asia,0.48,1.56,131,131
Uzbekistan,UZB,2010,69.836,Asia,0.32,1.56,131,131
Uzbekistan,UZB,2011,70.143,Asia,0.31,1.56,131,131
Uzbekistan,UZB,2012,70.411,Asia,0.27,1.56,131,131
Uzbekistan,UZB,2013,70.692,Asia,0.28,1.56,131,131
Uzbekistan,UZB,2014,70.973,Asia,0.28,1.56,131,131
Uzbekistan,UZB,2015,71.33,Asia,0.36,1.56,131,131
Uzbekistan,UZB,2016,71.58,Asia,0.25,1.56,131,131
Uzbekistan,UZB,2017,71.737,Asia,0.16,1.56,131,131
Uzbekistan,UZB,2018,71.999,Asia,0.26,1.56,131,131
Uzbekistan,UZB,2019,72.093,Asia,0.09,1.56,131,131
Uzbekistan,UZB,2020,71.461,Asia,-0.63,1.56,131,131
Uzbekistan,UZB,2021,71.681,Asia,0.22,1.56,131,131
Uzbekistan,UZB,2022,72.147,Asia,0.47,1.56,131,131
Uzbekistan,UZB,2023,72.388,Asia,0.24,1.56,131,131
Uzbekistan,UZB,2024,72.528,Asia,0.14,1.56,131,131
St. Vincent and the Grenadines,VCT,1960,58.566,America,,1.03,143,143
St. Vincent and the Grenadines,VCT,1961,59.272,America,0.71,1.03,143,143
St. Vincent and the Grenadines,VCT,1962,59.924,America,0.65,1.03,143,143
St. Vincent and the Grenadines,VCT,1963,60.521,America,0.6,1.03,143,143
St. Vincent and the Grenadines,VCT,1964,61.071,America,0.55,1.03,143,143
St. Vincent and the Grenadines,VCT,1965,61.61,America,0.54,1.03,143,143
St. Vincent and the Grenadines,VCT,1966,62.102,America,0.49,1.03,143,143
St. Vincent and the Grenadines,VCT,1967,62.541,America,0.44,1.03,143,143
St. Vincent and the Grenadines,VCT,1968,63.064,America,0.52,1.03,143,143
St. Vincent and the Grenadines,VCT,1969,63.529,America,0.47,1.03,143,143
St. Vincent and the Grenadines,VCT,1970,64.029,America,0.5,1.03,143,143
St. Vincent and the Grenadines,VCT,1971,64.432,America,0.4,1.03,143,143
St. Vincent and the Grenadines,VCT,1972,64.752,America,0.32,1.03,143,143
St. Vincent and the Grenadines,VCT,1973,65.095,America,0.34,1.03,143,143
St. Vincent and the Grenadines,VCT,1974,65.422,America,0.33,1.03,143,143
St. Vincent and the Grenadines,VCT,1975,65.873,America,0.45,1.03,143,143
St. Vincent and the Grenadines,VCT,1976,66.466,America,0.59,1.03,143,143
St. Vincent and the Grenadines,VCT,1977,66.883,America,0.42,1.03,143,143
St. Vincent and the Grenadines,VCT,1978,67.273,America,0.39,1.03,143,143
St. Vincent and the Grenadines,VCT,1979,69.345,America,2.07,1.03,143,143
St. Vincent and the Grenadines,VCT,1980,67.977,America,-1.37,1.03,143,143
St. Vincent and the Grenadines,VCT,1981,68.292,America,0.31,1.03,143,143
St. Vincent and the Grenadines,VCT,1982,68.584,America,0.29,1.03,143,143
St. Vincent and the Grenadines,VCT,1983,68.796,America,0.21,1.03,143,143
St. Vincent and the Grenadines,VCT,1984,69.244,America,0.45,1.03,143,143
St. Vincent and the Grenadines,VCT,1985,69.771,America,0.53,1.03,143,143
St. Vincent and the Grenadines,VCT,1986,70.104,America,0.33,1.03,143,143
St. Vincent and the Grenadines,VCT,1987,70.428,America,0.32,1.03,143,143
St. Vincent and the Grenadines,VCT,1988,70.607,America,0.18,1.03,143,143
St. Vincent and the Grenadines,VCT,1989,70.647,America,0.04,1.03,143,143
St. Vincent and the Grenadines,VCT,1990,70.647,America,0.0,1.03,143,143
St. Vincent and the Grenadines,VCT,1991,70.64,America,-0.01,1.03,143,143
St. Vincent and the Grenadines,VCT,1992,70.745,America,0.11,1.03,143,143
St. Vincent and the Grenadines,VCT,1993,70.621,America,-0.12,1.03,143,143
St. Vincent and the Grenadines,VCT,1994,70.602,America,-0.02,1.03,143,143
St. Vincent and the Grenadines,VCT,1995,70.575,America,-0.03,1.03,143,143
St. Vincent and the Grenadines,VCT,1996,70.466,America,-0.11,1.03,143,143
St. Vincent and the Grenadines,VCT,1997,70.382,America,-0.08,1.03,143,143
St. Vincent and the Grenadines,VCT,1998,70.263,America,-0.12,1.03,143,143
St. Vincent and the Grenadines,VCT,1999,70.312,America,0.05,1.03,143,143
St. Vincent and the Grenadines,VCT,2000,70.35,America,0.04,1.03,143,143
St. Vincent and the Grenadines,VCT,2001,70.382,America,0.03,1.03,143,143
St. Vincent and the Grenadines,VCT,2002,70.658,America,0.28,1.03,143,143
St. Vincent and the Grenadines,VCT,2003,70.43,America,-0.23,1.03,143,143
St. Vincent and the Grenadines,VCT,2004,70.445,America,0.01,1.03,143,143
St. Vincent and the Grenadines,VCT,2005,70.454,America,0.01,1.03,143,143
St. Vincent and the Grenadines,VCT,2006,70.434,America,-0.02,1.03,143,143
St. Vincent and the Grenadines,VCT,2007,70.446,America,0.01,1.03,143,143
St. Vincent and the Grenadines,VCT,2008,70.611,America,0.17,1.03,143,143
St. Vincent and the Grenadines,VCT,2009,70.712,America,0.1,1.03,143,143
St. Vincent and the Grenadines,VCT,2010,70.66,America,-0.05,1.03,143,143
St. Vincent and the Grenadines,VCT,2011,70.609,America,-0.05,1.03,143,143
St. Vincent and the Grenadines,VCT,2012,70.539,America,-0.07,1.03,143,143
St. Vincent and the Grenadines,VCT,2013,70.091,America,-0.45,1.03,143,143
St. Vincent and the Grenadines,VCT,2014,70.355,America,0.26,1.03,143,143
St. Vincent and the Grenadines,VCT,2015,70.463,America,0.11,1.03,143,143
St. Vincent and the Grenadines,VCT,2016,70.7,America,0.24,1.03,143,143
St. Vincent and the Grenadines,VCT,2017,71.013,America,0.31,1.03,143,143
St. Vincent and the Grenadines,VCT,2018,71.017,America,0.0,1.03,143,143
St. Vincent and the Grenadines,VCT,2019,70.994,America,-0.02,1.03,143,143
St. Vincent and the Grenadines,VCT,2020,69.605,America,-1.39,1.03,143,143
St. Vincent and the Grenadines,VCT,2021,69.132,America,-0.47,1.03,143,143
St. Vincent and the Grenadines,VCT,2022,71.191,America,2.06,1.03,143,143
St. Vincent and the Grenadines,VCT,2023,71.23,America,0.04,1.03,143,143
St. Vincent and the Grenadines,VCT,2024,71.382,America,0.15,1.03,143,143
"Venezuela, RB",VEN,1960,58.376,America,,-0.16,129,129
"Venezuela, RB",VEN,1961,59.115,America,0.74,-0.16,129,129
"Venezuela, RB",VEN,1962,59.667,America,0.55,-0.16,129,129
"Venezuela, RB",VEN,1963,60.502,America,0.84,-0.16,129,129
"Venezuela, RB",VEN,1964,61.168,America,0.67,-0.16,129,129
"Venezuela, RB",VEN,1965,61.909,America,0.74,-0.16,129,129
"Venezuela, RB",VEN,1966,62.894,America,0.98,-0.16,129,129
"Venezuela, RB",VEN,1967,63.55,America,0.66,-0.16,129,129
"Venezuela, RB",VEN,1968,63.908,America,0.36,-0.16,129,129
"Venezuela, RB",VEN,1969,63.84,America,-0.07,-0.16,129,129
"Venezuela, RB",VEN,1970,64.816,America,0.98,-0.16,129,129
"Venezuela, RB",VEN,1971,65.184,America,0.37,-0.16,129,129
"Venezuela, RB",VEN,1972,65.555,America,0.37,-0.16,129,129
"Venezuela, RB",VEN,1973,65.74,America,0.18,-0.16,129,129
"Venezuela, RB",VEN,1974,66.223,America,0.48,-0.16,129,129
"Venezuela, RB",VEN,1975,66.686,America,0.46,-0.16,129,129
"Venezuela, RB",VEN,1976,67.266,America,0.58,-0.16,129,129
"Venezuela, RB",VEN,1977,67.726,America,0.46,-0.16,129,129
"Venezuela, RB",VEN,1978,68.108,America,0.38,-0.16,129,129
"Venezuela, RB",VEN,1979,68.226,America,0.12,-0.16,129,129
"Venezuela, RB",VEN,1980,68.179,America,-0.05,-0.16,129,129
"Venezuela, RB",VEN,1981,68.697,America,0.52,-0.16,129,129
"Venezuela, RB",VEN,1982,68.985,America,0.29,-0.16,129,129
"Venezuela, RB",VEN,1983,69.541,America,0.56,-0.16,129,129
"Venezuela, RB",VEN,1984,69.672,America,0.13,-0.16,129,129
"Venezuela, RB",VEN,1985,69.961,America,0.29,-0.16,129,129
"Venezuela, RB",VEN,1986,70.528,America,0.57,-0.16,129,129
"Venezuela, RB",VEN,1987,70.673,America,0.14,-0.16,129,129
"Venezuela, RB",VEN,1988,70.762,America,0.09,-0.16,129,129
"Venezuela, RB",VEN,1989,70.805,America,0.04,-0.16,129,129
"Venezuela, RB",VEN,1990,70.964,America,0.16,-0.16,129,129
"Venezuela, RB",VEN,1991,71.172,America,0.21,-0.16,129,129
"Venezuela, RB",VEN,1992,71.177,America,0.01,-0.16,129,129
"Venezuela, RB",VEN,1993,71.385,America,0.21,-0.16,129,129
"Venezuela, RB",VEN,1994,71.283,America,-0.1,-0.16,129,129
"Venezuela, RB",VEN,1995,71.714,America,0.43,-0.16,129,129
"Venezuela, RB",VEN,1996,71.92,America,0.21,-0.16,129,129
"Venezuela, RB",VEN,1997,72.56,America,0.64,-0.16,129,129
"Venezuela, RB",VEN,1998,72.446,America,-0.11,-0.16,129,129
"Venezuela, RB",VEN,1999,72.088,America,-0.36,-0.16,129,129
"Venezuela, RB",VEN,2000,72.388,America,0.3,-0.16,129,129
"Venezuela, RB",VEN,2001,71.019,America,-1.37,-0.16,129,129
"Venezuela, RB",VEN,2002,72.823,America,1.8,-0.16,129,129
"Venezuela, RB",VEN,2003,72.056,America,-0.77,-0.16,129,129
"Venezuela, RB",VEN,2004,72.752,America,0.7,-0.16,129,129
"Venezuela, RB",VEN,2005,73.075,America,0.32,-0.16,129,129
"Venezuela, RB",VEN,2006,72.972,America,-0.1,-0.16,129,129
"Venezuela, RB",VEN,2007,73.348,America,0.38,-0.16,129,129
"Venezuela, RB",VEN,2008,72.578,America,-0.77,-0.16,129,129
"Venezuela, RB",VEN,2009,72.785,America,0.21,-0.16,129,129
"Venezuela, RB",VEN,2010,73.092,America,0.31,-0.16,129,129
"Venezuela, RB",VEN,2011,73.09,America,-0.0,-0.16,129,129
"Venezuela, RB",VEN,2012,73.086,America,-0.0,-0.16,129,129
"Venezuela, RB",VEN,2013,73.076,America,-0.01,-0.16,129,129
"Venezuela, RB",VEN,2014,72.837,America,-0.24,-0.16,129,129
"Venezuela, RB",VEN,2015,73.004,America,0.17,-0.16,129,129
"Venezuela, RB",VEN,2016,72.002,America,-1.0,-0.16,129,129
"Venezuela, RB",VEN,2017,71.903,America,-0.1,-0.16,129,129
"Venezuela, RB",VEN,2018,72.641,America,0.74,-0.16,129,129
"Venezuela, RB",VEN,2019,72.766,America,0.12,-0.16,129,129
"Venezuela, RB",VEN,2020,72.369,America,-0.4,-0.16,129,129
"Venezuela, RB",VEN,2021,71.536,America,-0.83,-0.16,129,129
"Venezuela, RB",VEN,2022,72.566,America,1.03,-0.16,129,129
"Venezuela, RB",VEN,2023,72.514,America,-0.05,-0.16,129,129
"Venezuela, RB",VEN,2024,72.673,America,0.16,-0.16,129,129
British Virgin Islands,VGB,1960,62.709,America,,0.9,81,81
British Virgin Islands,VGB,1961,63.274,America,0.56,0.9,81,81
British Virgin Islands,VGB,1962,63.828,America,0.55,0.9,81,81
British Virgin Islands,VGB,1963,64.313,America,0.48,0.9,81,81
British Virgin Islands,VGB,1964,64.757,America,0.44,0.9,81,81
British Virgin Islands,VGB,1965,65.149,America,0.39,0.9,81,81
British Virgin Islands,VGB,1966,65.496,America,0.35,0.9,81,81
British Virgin Islands,VGB,1967,65.857,America,0.36,0.9,81,81
British Virgin Islands,VGB,1968,66.022,America,0.17,0.9,81,81
British Virgin Islands,VGB,1969,66.245,America,0.22,0.9,81,81
British Virgin Islands,VGB,1970,66.407,America,0.16,0.9,81,81
British Virgin Islands,VGB,1971,66.665,America,0.26,0.9,81,81
British Virgin Islands,VGB,1972,66.899,America,0.23,0.9,81,81
British Virgin Islands,VGB,1973,67.191,America,0.29,0.9,81,81
British Virgin Islands,VGB,1974,67.652,America,0.46,0.9,81,81
British Virgin Islands,VGB,1975,68.069,America,0.42,0.9,81,81
British Virgin Islands,VGB,1976,68.408,America,0.34,0.9,81,81
British Virgin Islands,VGB,1977,68.68,America,0.27,0.9,81,81
British Virgin Islands,VGB,1978,69.028,America,0.35,0.9,81,81
British Virgin Islands,VGB,1979,69.315,America,0.29,0.9,81,81
British Virgin Islands,VGB,1980,69.645,America,0.33,0.9,81,81
British Virgin Islands,VGB,1981,69.906,America,0.26,0.9,81,81
British Virgin Islands,VGB,1982,70.138,America,0.23,0.9,81,81
British Virgin Islands,VGB,1983,70.374,America,0.24,0.9,81,81
British Virgin Islands,VGB,1984,70.711,America,0.34,0.9,81,81
British Virgin Islands,VGB,1985,70.987,America,0.28,0.9,81,81
British Virgin Islands,VGB,1986,71.252,America,0.27,0.9,81,81
British Virgin Islands,VGB,1987,71.492,America,0.24,0.9,81,81
British Virgin Islands,VGB,1988,71.763,America,0.27,0.9,81,81
British Virgin Islands,VGB,1989,72.038,America,0.27,0.9,81,81
British Virgin Islands,VGB,1990,72.392,America,0.35,0.9,81,81
British Virgin Islands,VGB,1991,72.75,America,0.36,0.9,81,81
British Virgin Islands,VGB,1992,73.109,America,0.36,0.9,81,81
British Virgin Islands,VGB,1993,73.431,America,0.32,0.9,81,81
British Virgin Islands,VGB,1994,73.794,America,0.36,0.9,81,81
British Virgin Islands,VGB,1995,74.089,America,0.3,0.9,81,81
British Virgin Islands,VGB,1996,74.341,America,0.25,0.9,81,81
British Virgin Islands,VGB,1997,74.469,America,0.13,0.9,81,81
British Virgin Islands,VGB,1998,74.569,America,0.1,0.9,81,81
British Virgin Islands,VGB,1999,74.652,America,0.08,0.9,81,81
British Virgin Islands,VGB,2000,74.753,America,0.1,0.9,81,81
British Virgin Islands,VGB,2001,74.831,America,0.08,0.9,81,81
British Virgin Islands,VGB,2002,74.971,America,0.14,0.9,81,81
British Virgin Islands,VGB,2003,75.183,America,0.21,0.9,81,81
British Virgin Islands,VGB,2004,75.404,America,0.22,0.9,81,81
British Virgin Islands,VGB,2005,75.569,America,0.17,0.9,81,81
British Virgin Islands,VGB,2006,75.745,America,0.18,0.9,81,81
British Virgin Islands,VGB,2007,75.893,America,0.15,0.9,81,81
British Virgin Islands,VGB,2008,76.07,America,0.18,0.9,81,81
British Virgin Islands,VGB,2009,76.205,America,0.14,0.9,81,81
British Virgin Islands,VGB,2010,76.289,America,0.08,0.9,81,81
British Virgin Islands,VGB,2011,76.363,America,0.07,0.9,81,81
British Virgin Islands,VGB,2012,76.433,America,0.07,0.9,81,81
British Virgin Islands,VGB,2013,76.472,America,0.04,0.9,81,81
British Virgin Islands,VGB,2014,76.527,America,0.06,0.9,81,81
British Virgin Islands,VGB,2015,76.558,America,0.03,0.9,81,81
British Virgin Islands,VGB,2016,76.624,America,0.07,0.9,81,81
British Virgin Islands,VGB,2017,75.67,America,-0.95,0.9,81,81
British Virgin Islands,VGB,2018,76.728,America,1.06,0.9,81,81
British Virgin Islands,VGB,2019,76.845,America,0.12,0.9,81,81
British Virgin Islands,VGB,2020,76.894,America,0.05,0.9,81,81
British Virgin Islands,VGB,2021,75.297,America,-1.6,0.9,81,81
British Virgin Islands,VGB,2022,77.177,America,1.88,0.9,81,81
British Virgin Islands,VGB,2023,77.276,America,0.1,0.9,81,81
British Virgin Islands,VGB,2024,77.431,America,0.16,0.9,81,81
Virgin Islands (U.S.),VIR,1960,62.74353658536587,America,,1.9,49,49
Virgin Islands (U.S.),VIR,1961,63.12170731707317,America,0.38,1.9,49,49
Virgin Islands (U.S.),VIR,1962,62.66802439024391,America,-0.45,1.9,49,49
Virgin Islands (U.S.),VIR,1963,61.434707317073176,America,-1.23,1.9,49,49
Virgin Islands (U.S.),VIR,1964,64.12492682926829,America,2.69,1.9,49,49
Virgin Islands (U.S.),VIR,1965,64.7879268292683,America,0.66,1.9,49,49
Virgin Islands (U.S.),VIR,1966,63.67707317073172,America,-1.11,1.9,49,49
Virgin Islands (U.S.),VIR,1967,64.42560975609756,America,0.75,1.9,49,49
Virgin Islands (U.S.),VIR,1968,65.17553658536586,America,0.75,1.9,49,49
Virgin Islands (U.S.),VIR,1969,65.84570731707318,America,0.67,1.9,49,49
Virgin Islands (U.S.),VIR,1970,66.50143902439024,America,0.66,1.9,49,49
Virgin Islands (U.S.),VIR,1971,67.09848780487805,America,0.6,1.9,49,49
Virgin Islands (U.S.),VIR,1972,65.56631707317075,America,-1.53,1.9,49,49
Virgin Islands (U.S.),VIR,1973,67.13743902439026,America,1.57,1.9,49,49
Virgin Islands (U.S.),VIR,1974,67.40751219512197,America,0.27,1.9,49,49
Virgin Islands (U.S.),VIR,1975,67.67909756097562,America,0.27,1.9,49,49
Virgin Islands (U.S.),VIR,1976,67.87317073170732,America,0.19,1.9,49,49
Virgin Islands (U.S.),VIR,1977,68.07317073170732,America,0.2,1.9,49,49
Virgin Islands (U.S.),VIR,1978,68.26368292682929,America,0.19,1.9,49,49
Virgin Islands (U.S.),VIR,1979,68.46480487804878,America,0.2,1.9,49,49
Virgin Islands (U.S.),VIR,1980,68.6948780487805,America,0.23,1.9,49,49
Virgin Islands (U.S.),VIR,1981,68.87046341463414,America,0.18,1.9,49,49
Virgin Islands (U.S.),VIR,1982,69.07865853658537,America,0.21,1.9,49,49
Virgin Islands (U.S.),VIR,1983,69.30939024390244,America,0.23,1.9,49,49
Virgin Islands (U.S.),VIR,1984,69.5030487804878,America,0.19,1.9,49,49
Virgin Islands (U.S.),VIR,1985,69.64709756097561,America,0.14,1.9,49,49
Virgin Islands (U.S.),VIR,1986,69.94000000000001,America,0.29,1.9,49,49
Virgin Islands (U.S.),VIR,1987,70.17465853658537,America,0.23,1.9,49,49
Virgin Islands (U.S.),VIR,1988,70.39241463414635,America,0.22,1.9,49,49
Virgin Islands (U.S.),VIR,1989,70.5269512195122,America,0.13,1.9,49,49
Virgin Islands (U.S.),VIR,1990,70.6799756097561,America,0.15,1.9,49,49
Virgin Islands (U.S.),VIR,1991,70.8079268292683,America,0.13,1.9,49,49
Virgin Islands (U.S.),VIR,1992,70.96260975609756,America,0.15,1.9,49,49
Virgin Islands (U.S.),VIR,1993,71.07826829268292,America,0.12,1.9,49,49
Virgin Islands (U.S.),VIR,1994,71.22463414634146,America,0.15,1.9,49,49
Virgin Islands (U.S.),VIR,1995,71.16660975609757,America,-0.06,1.9,49,49
Virgin Islands (U.S.),VIR,1996,71.57551219512196,America,0.41,1.9,49,49
Virgin Islands (U.S.),VIR,1997,70.91521951219512,America,-0.66,1.9,49,49
Virgin Islands (U.S.),VIR,1998,71.24626829268293,America,0.33,1.9,49,49
Virgin Islands (U.S.),VIR,1999,71.11160975609756,America,-0.13,1.9,49,49
Virgin Islands (U.S.),VIR,2000,76.61951219512196,America,5.51,1.9,49,49
Virgin Islands (U.S.),VIR,2001,77.6219512195122,America,1.0,1.9,49,49
Virgin Islands (U.S.),VIR,2002,77.5219512195122,America,-0.1,1.9,49,49
Virgin Islands (U.S.),VIR,2003,77.5219512195122,America,0.0,1.9,49,49
Virgin Islands (U.S.),VIR,2004,77.77317073170732,America,0.25,1.9,49,49
Virgin Islands (U.S.),VIR,2005,77.42195121951221,America,-0.35,1.9,49,49
Virgin Islands (U.S.),VIR,2006,78.32439024390244,America,0.9,1.9,49,49
Virgin Islands (U.S.),VIR,2007,76.86341463414634,America,-1.46,1.9,49,49
Virgin Islands (U.S.),VIR,2008,77.16341463414635,America,0.3,1.9,49,49
Virgin Islands (U.S.),VIR,2009,77.51463414634145,America,0.35,1.9,49,49
Virgin Islands (U.S.),VIR,2010,77.8658536585366,America,0.35,1.9,49,49
Virgin Islands (U.S.),VIR,2011,78.31707317073172,America,0.45,1.9,49,49
Virgin Islands (U.S.),VIR,2012,78.51707317073172,America,0.2,1.9,49,49
Virgin Islands (U.S.),VIR,2013,78.71707317073172,America,0.2,1.9,49,49
Virgin Islands (U.S.),VIR,2014,78.86829268292684,America,0.15,1.9,49,49
Virgin Islands (U.S.),VIR,2015,79.01707317073172,America,0.15,1.9,49,49
Virgin Islands (U.S.),VIR,2016,79.16829268292685,America,0.15,1.9,49,49
Virgin Islands (U.S.),VIR,2017,79.36829268292684,America,0.2,1.9,49,49
Virgin Islands (U.S.),VIR,2018,79.51951219512195,America,0.15,1.9,49,49
Virgin Islands (U.S.),VIR,2019,79.66829268292683,America,0.15,1.9,49,49
Virgin Islands (U.S.),VIR,2020,79.81951219512196,America,0.15,1.9,49,49
Virgin Islands (U.S.),VIR,2021,80.06829268292682,America,0.25,1.9,49,49
Virgin Islands (U.S.),VIR,2022,80.31951219512196,America,0.25,1.9,49,49
Virgin Islands (U.S.),VIR,2023,80.51951219512196,America,0.2,1.9,49,49
Virgin Islands (U.S.),VIR,2024,80.77073170731707,America,0.25,1.9,49,49
Viet Nam,VNM,1960,58.046,Asia,,0.85,108,108
Viet Nam,VNM,1961,58.461,Asia,0.41,0.85,108,108
Viet Nam,VNM,1962,58.204,Asia,-0.26,0.85,108,108
Viet Nam,VNM,1963,56.897,Asia,-1.31,0.85,108,108
Viet Nam,VNM,1964,57.473,Asia,0.58,0.85,108,108
Viet Nam,VNM,1965,56.967,Asia,-0.51,0.85,108,108
Viet Nam,VNM,1966,56.914,Asia,-0.05,0.85,108,108
Viet Nam,VNM,1967,56.745,Asia,-0.17,0.85,108,108
Viet Nam,VNM,1968,52.668,Asia,-4.08,0.85,108,108
Viet Nam,VNM,1969,54.791,Asia,2.12,0.85,108,108
Viet Nam,VNM,1970,54.93,Asia,0.14,0.85,108,108
Viet Nam,VNM,1971,55.585,Asia,0.66,0.85,108,108
Viet Nam,VNM,1972,51.913,Asia,-3.67,0.85,108,108
Viet Nam,VNM,1973,55.677,Asia,3.76,0.85,108,108
Viet Nam,VNM,1974,54.751,Asia,-0.93,0.85,108,108
Viet Nam,VNM,1975,61.865,Asia,7.11,0.85,108,108
Viet Nam,VNM,1976,63.669,Asia,1.8,0.85,108,108
Viet Nam,VNM,1977,64.07,Asia,0.4,0.85,108,108
Viet Nam,VNM,1978,64.529,Asia,0.46,0.85,108,108
Viet Nam,VNM,1979,64.986,Asia,0.46,0.85,108,108
Viet Nam,VNM,1980,65.338,Asia,0.35,0.85,108,108
Viet Nam,VNM,1981,65.779,Asia,0.44,0.85,108,108
Viet Nam,VNM,1982,66.212,Asia,0.43,0.85,108,108
Viet Nam,VNM,1983,66.545,Asia,0.33,0.85,108,108
Viet Nam,VNM,1984,66.929,Asia,0.38,0.85,108,108
Viet Nam,VNM,1985,67.192,Asia,0.26,0.85,108,108
Viet Nam,VNM,1986,67.55,Asia,0.36,0.85,108,108
Viet Nam,VNM,1987,68.005,Asia,0.45,0.85,108,108
Viet Nam,VNM,1988,68.585,Asia,0.58,0.85,108,108
Viet Nam,VNM,1989,68.805,Asia,0.22,0.85,108,108
Viet Nam,VNM,1990,69.027,Asia,0.22,0.85,108,108
Viet Nam,VNM,1991,69.303,Asia,0.28,0.85,108,108
Viet Nam,VNM,1992,69.62,Asia,0.32,0.85,108,108
Viet Nam,VNM,1993,69.957,Asia,0.34,0.85,108,108
Viet Nam,VNM,1994,70.379,Asia,0.42,0.85,108,108
Viet Nam,VNM,1995,70.871,Asia,0.49,0.85,108,108
Viet Nam,VNM,1996,71.296,Asia,0.43,0.85,108,108
Viet Nam,VNM,1997,71.67,Asia,0.37,0.85,108,108
Viet Nam,VNM,1998,72.283,Asia,0.61,0.85,108,108
Viet Nam,VNM,1999,72.575,Asia,0.29,0.85,108,108
Viet Nam,VNM,2000,72.746,Asia,0.17,0.85,108,108
Viet Nam,VNM,2001,72.984,Asia,0.24,0.85,108,108
Viet Nam,VNM,2002,73.138,Asia,0.15,0.85,108,108
Viet Nam,VNM,2003,73.236,Asia,0.1,0.85,108,108
Viet Nam,VNM,2004,73.062,Asia,-0.17,0.85,108,108
Viet Nam,VNM,2005,73.198,Asia,0.14,0.85,108,108
Viet Nam,VNM,2006,73.293,Asia,0.1,0.85,108,108
Viet Nam,VNM,2007,73.385,Asia,0.09,0.85,108,108
Viet Nam,VNM,2008,73.455,Asia,0.07,0.85,108,108
Viet Nam,VNM,2009,73.525,Asia,0.07,0.85,108,108
Viet Nam,VNM,2010,73.611,Asia,0.09,0.85,108,108
Viet Nam,VNM,2011,73.713,Asia,0.1,0.85,108,108
Viet Nam,VNM,2012,73.762,Asia,0.05,0.85,108,108
Viet Nam,VNM,2013,73.821,Asia,0.06,0.85,108,108
Viet Nam,VNM,2014,73.886,Asia,0.06,0.85,108,108
Viet Nam,VNM,2015,73.955,Asia,0.07,0.85,108,108
Viet Nam,VNM,2016,73.984,Asia,0.03,0.85,108,108
Viet Nam,VNM,2017,74.026,Asia,0.04,0.85,108,108
Viet Nam,VNM,2018,74.1,Asia,0.07,0.85,108,108
Viet Nam,VNM,2019,74.211,Asia,0.11,0.85,108,108
Viet Nam,VNM,2020,75.383,Asia,1.17,0.85,108,108
Viet Nam,VNM,2021,74.145,Asia,-1.24,0.85,108,108
Viet Nam,VNM,2022,74.502,Asia,0.36,0.85,108,108
Viet Nam,VNM,2023,74.588,Asia,0.09,0.85,108,108
Viet Nam,VNM,2024,74.736,Asia,0.15,0.85,108,108
Vanuatu,VUT,1960,49.841,Oceania,,1.61,141,141
Vanuatu,VUT,1961,50.384,Oceania,0.54,1.61,141,141
Vanuatu,VUT,1962,50.931,Oceania,0.55,1.61,141,141
Vanuatu,VUT,1963,51.485,Oceania,0.55,1.61,141,141
Vanuatu,VUT,1964,51.969,Oceania,0.48,1.61,141,141
Vanuatu,VUT,1965,52.527,Oceania,0.56,1.61,141,141
Vanuatu,VUT,1966,53.09,Oceania,0.56,1.61,141,141
Vanuatu,VUT,1967,53.667,Oceania,0.58,1.61,141,141
Vanuatu,VUT,1968,54.23,Oceania,0.56,1.61,141,141
Vanuatu,VUT,1969,54.761,Oceania,0.53,1.61,141,141
Vanuatu,VUT,1970,55.311,Oceania,0.55,1.61,141,141
Vanuatu,VUT,1971,55.88,Oceania,0.57,1.61,141,141
Vanuatu,VUT,1972,56.372,Oceania,0.49,1.61,141,141
Vanuatu,VUT,1973,57.001,Oceania,0.63,1.61,141,141
Vanuatu,VUT,1974,57.572,Oceania,0.57,1.61,141,141
Vanuatu,VUT,1975,58.133,Oceania,0.56,1.61,141,141
Vanuatu,VUT,1976,58.664,Oceania,0.53,1.61,141,141
Vanuatu,VUT,1977,59.247,Oceania,0.58,1.61,141,141
Vanuatu,VUT,1978,59.881,Oceania,0.63,1.61,141,141
Vanuatu,VUT,1979,60.893,Oceania,1.01,1.61,141,141
Vanuatu,VUT,1980,61.322,Oceania,0.43,1.61,141,141
Vanuatu,VUT,1981,61.95,Oceania,0.63,1.61,141,141
Vanuatu,VUT,1982,62.54,Oceania,0.59,1.61,141,141
Vanuatu,VUT,1983,63.075,Oceania,0.54,1.61,141,141
Vanuatu,VUT,1984,63.519,Oceania,0.44,1.61,141,141
Vanuatu,VUT,1985,63.927,Oceania,0.41,1.61,141,141
Vanuatu,VUT,1986,64.618,Oceania,0.69,1.61,141,141
Vanuatu,VUT,1987,64.439,Oceania,-0.18,1.61,141,141
Vanuatu,VUT,1988,65.699,Oceania,1.26,1.61,141,141
Vanuatu,VUT,1989,66.023,Oceania,0.32,1.61,141,141
Vanuatu,VUT,1990,66.684,Oceania,0.66,1.61,141,141
Vanuatu,VUT,1991,67.114,Oceania,0.43,1.61,141,141
Vanuatu,VUT,1992,67.433,Oceania,0.32,1.61,141,141
Vanuatu,VUT,1993,67.724,Oceania,0.29,1.61,141,141
Vanuatu,VUT,1994,67.984,Oceania,0.26,1.61,141,141
Vanuatu,VUT,1995,68.104,Oceania,0.12,1.61,141,141
Vanuatu,VUT,1996,68.176,Oceania,0.07,1.61,141,141
Vanuatu,VUT,1997,68.309,Oceania,0.13,1.61,141,141
Vanuatu,VUT,1998,68.372,Oceania,0.06,1.61,141,141
Vanuatu,VUT,1999,67.924,Oceania,-0.45,1.61,141,141
Vanuatu,VUT,2000,68.586,Oceania,0.66,1.61,141,141
Vanuatu,VUT,2001,68.722,Oceania,0.14,1.61,141,141
Vanuatu,VUT,2002,68.836,Oceania,0.11,1.61,141,141
Vanuatu,VUT,2003,68.933,Oceania,0.1,1.61,141,141
Vanuatu,VUT,2004,68.985,Oceania,0.05,1.61,141,141
Vanuatu,VUT,2005,69.166,Oceania,0.18,1.61,141,141
Vanuatu,VUT,2006,69.126,Oceania,-0.04,1.61,141,141
Vanuatu,VUT,2007,69.144,Oceania,0.02,1.61,141,141
Vanuatu,VUT,2008,69.302,Oceania,0.16,1.61,141,141
Vanuatu,VUT,2009,69.422,Oceania,0.12,1.61,141,141
Vanuatu,VUT,2010,69.57,Oceania,0.15,1.61,141,141
Vanuatu,VUT,2011,69.729,Oceania,0.16,1.61,141,141
Vanuatu,VUT,2012,69.898,Oceania,0.17,1.61,141,141
Vanuatu,VUT,2013,69.986,Oceania,0.09,1.61,141,141
Vanuatu,VUT,2014,70.043,Oceania,0.06,1.61,141,141
Vanuatu,VUT,2015,70.163,Oceania,0.12,1.61,141,141
Vanuatu,VUT,2016,70.397,Oceania,0.23,1.61,141,141
Vanuatu,VUT,2017,70.5,Oceania,0.1,1.61,141,141
Vanuatu,VUT,2018,70.626,Oceania,0.13,1.61,141,141
Vanuatu,VUT,2019,70.783,Oceania,0.16,1.61,141,141
Vanuatu,VUT,2020,70.385,Oceania,-0.4,1.61,141,141
Vanuatu,VUT,2021,69.952,Oceania,-0.43,1.61,141,141
Vanuatu,VUT,2022,71.302,Oceania,1.35,1.61,141,141
Vanuatu,VUT,2023,71.477,Oceania,0.17,1.61,141,141
Vanuatu,VUT,2024,71.654,Oceania,0.18,1.61,141,141
Samoa,WSM,1960,55.153,Oceania,,0.68,139,139
Samoa,WSM,1961,55.738,Oceania,0.59,0.68,139,139
Samoa,WSM,1962,56.316,Oceania,0.58,0.68,139,139
Samoa,WSM,1963,56.861,Oceania,0.54,0.68,139,139
Samoa,WSM,1964,54.043,Oceania,-2.82,0.68,139,139
Samoa,WSM,1965,57.886,Oceania,3.84,0.68,139,139
Samoa,WSM,1966,58.225,Oceania,0.34,0.68,139,139
Samoa,WSM,1967,58.878,Oceania,0.65,0.68,139,139
Samoa,WSM,1968,59.381,Oceania,0.5,0.68,139,139
Samoa,WSM,1969,59.881,Oceania,0.5,0.68,139,139
Samoa,WSM,1970,60.388,Oceania,0.51,0.68,139,139
Samoa,WSM,1971,60.879,Oceania,0.49,0.68,139,139
Samoa,WSM,1972,61.36,Oceania,0.48,0.68,139,139
Samoa,WSM,1973,61.863,Oceania,0.5,0.68,139,139
Samoa,WSM,1974,62.34,Oceania,0.48,0.68,139,139
Samoa,WSM,1975,62.839,Oceania,0.5,0.68,139,139
Samoa,WSM,1976,63.301,Oceania,0.46,0.68,139,139
Samoa,WSM,1977,63.742,Oceania,0.44,0.68,139,139
Samoa,WSM,1978,64.132,Oceania,0.39,0.68,139,139
Samoa,WSM,1979,64.543,Oceania,0.41,0.68,139,139
Samoa,WSM,1980,64.961,Oceania,0.42,0.68,139,139
Samoa,WSM,1981,65.296,Oceania,0.34,0.68,139,139
Samoa,WSM,1982,65.647,Oceania,0.35,0.68,139,139
Samoa,WSM,1983,65.991,Oceania,0.34,0.68,139,139
Samoa,WSM,1984,66.284,Oceania,0.29,0.68,139,139
Samoa,WSM,1985,66.557,Oceania,0.27,0.68,139,139
Samoa,WSM,1986,66.819,Oceania,0.26,0.68,139,139
Samoa,WSM,1987,67.047,Oceania,0.23,0.68,139,139
Samoa,WSM,1988,67.328,Oceania,0.28,0.68,139,139
Samoa,WSM,1989,67.607,Oceania,0.28,0.68,139,139
Samoa,WSM,1990,67.808,Oceania,0.2,0.68,139,139
Samoa,WSM,1991,68.039,Oceania,0.23,0.68,139,139
Samoa,WSM,1992,68.532,Oceania,0.49,0.68,139,139
Samoa,WSM,1993,68.818,Oceania,0.29,0.68,139,139
Samoa,WSM,1994,69.162,Oceania,0.34,0.68,139,139
Samoa,WSM,1995,69.469,Oceania,0.31,0.68,139,139
Samoa,WSM,1996,69.767,Oceania,0.3,0.68,139,139
Samoa,WSM,1997,70.045,Oceania,0.28,0.68,139,139
Samoa,WSM,1998,70.308,Oceania,0.26,0.68,139,139
Samoa,WSM,1999,70.555,Oceania,0.25,0.68,139,139
Samoa,WSM,2000,70.791,Oceania,0.24,0.68,139,139
Samoa,WSM,2001,71.028,Oceania,0.24,0.68,139,139
Samoa,WSM,2002,71.233,Oceania,0.2,0.68,139,139
Samoa,WSM,2003,71.441,Oceania,0.21,0.68,139,139
Samoa,WSM,2004,71.508,Oceania,0.07,0.68,139,139
Samoa,WSM,2005,71.487,Oceania,-0.02,0.68,139,139
Samoa,WSM,2006,71.62,Oceania,0.13,0.68,139,139
Samoa,WSM,2007,71.605,Oceania,-0.02,0.68,139,139
Samoa,WSM,2008,71.531,Oceania,-0.07,0.68,139,139
Samoa,WSM,2009,69.486,Oceania,-2.05,0.68,139,139
Samoa,WSM,2010,71.451,Oceania,1.96,0.68,139,139
Samoa,WSM,2011,71.393,Oceania,-0.06,0.68,139,139
Samoa,WSM,2012,71.159,Oceania,-0.23,0.68,139,139
Samoa,WSM,2013,71.229,Oceania,0.07,0.68,139,139
Samoa,WSM,2014,71.142,Oceania,-0.09,0.68,139,139
Samoa,WSM,2015,71.06,Oceania,-0.08,0.68,139,139
Samoa,WSM,2016,71.003,Oceania,-0.06,0.68,139,139
Samoa,WSM,2017,70.991,Oceania,-0.01,0.68,139,139
Samoa,WSM,2018,71.052,Oceania,0.06,0.68,139,139
Samoa,WSM,2019,70.269,Oceania,-0.78,0.68,139,139
Samoa,WSM,2020,70.727,Oceania,0.46,0.68,139,139
Samoa,WSM,2021,71.096,Oceania,0.37,0.68,139,139
Samoa,WSM,2022,71.55,Oceania,0.45,0.68,139,139
Samoa,WSM,2023,71.698,Oceania,0.15,0.68,139,139
Samoa,WSM,2024,71.826,Oceania,0.13,0.68,139,139
Kosovo,XKX,1960,48.702,Europe,,2.04,67,67
Kosovo,XKX,1961,49.883,Europe,1.18,2.04,67,67
Kosovo,XKX,1962,48.378,Europe,-1.51,2.04,67,67
Kosovo,XKX,1963,50.098,Europe,1.72,2.04,67,67
Kosovo,XKX,1964,51.119,Europe,1.02,2.04,67,67
Kosovo,XKX,1965,52.003,Europe,0.88,2.04,67,67
Kosovo,XKX,1966,52.472,Europe,0.47,2.04,67,67
Kosovo,XKX,1967,53.051,Europe,0.58,2.04,67,67
Kosovo,XKX,1968,53.606,Europe,0.55,2.04,67,67
Kosovo,XKX,1969,53.392,Europe,-0.21,2.04,67,67
Kosovo,XKX,1970,54.002,Europe,0.61,2.04,67,67
Kosovo,XKX,1971,55.128,Europe,1.13,2.04,67,67
Kosovo,XKX,1972,55.122,Europe,-0.01,2.04,67,67
Kosovo,XKX,1973,55.914,Europe,0.79,2.04,67,67
Kosovo,XKX,1974,56.376,Europe,0.46,2.04,67,67
Kosovo,XKX,1975,57.311,Europe,0.94,2.04,67,67
Kosovo,XKX,1976,57.54,Europe,0.23,2.04,67,67
Kosovo,XKX,1977,58.403,Europe,0.86,2.04,67,67
Kosovo,XKX,1978,58.828,Europe,0.43,2.04,67,67
Kosovo,XKX,1979,59.095,Europe,0.27,2.04,67,67
Kosovo,XKX,1980,60.297,Europe,1.2,2.04,67,67
Kosovo,XKX,1981,60.372,Europe,0.08,2.04,67,67
Kosovo,XKX,1982,60.074,Europe,-0.3,2.04,67,67
Kosovo,XKX,1983,61.002,Europe,0.93,2.04,67,67
Kosovo,XKX,1984,61.459,Europe,0.46,2.04,67,67
Kosovo,XKX,1985,61.216,Europe,-0.24,2.04,67,67
Kosovo,XKX,1986,62.537,Europe,1.32,2.04,67,67
Kosovo,XKX,1987,63.568,Europe,1.03,2.04,67,67
Kosovo,XKX,1988,64.214,Europe,0.65,2.04,67,67
Kosovo,XKX,1989,65.234,Europe,1.02,2.04,67,67
Kosovo,XKX,1990,66.508,Europe,1.27,2.04,67,67
Kosovo,XKX,1991,66.456,Europe,-0.05,2.04,67,67
Kosovo,XKX,1992,67.381,Europe,0.92,2.04,67,67
Kosovo,XKX,1993,67.945,Europe,0.56,2.04,67,67
Kosovo,XKX,1994,68.595,Europe,0.65,2.04,67,67
Kosovo,XKX,1995,68.782,Europe,0.19,2.04,67,67
Kosovo,XKX,1996,69.359,Europe,0.58,2.04,67,67
Kosovo,XKX,1997,69.862,Europe,0.5,2.04,67,67
Kosovo,XKX,1998,68.58,Europe,-1.28,2.04,67,67
Kosovo,XKX,1999,58.265,Europe,-10.31,2.04,67,67
Kosovo,XKX,2000,71.321,Europe,13.06,2.04,67,67
Kosovo,XKX,2001,71.782,Europe,0.46,2.04,67,67
Kosovo,XKX,2002,72.227,Europe,0.45,2.04,67,67
Kosovo,XKX,2003,72.678,Europe,0.45,2.04,67,67
Kosovo,XKX,2004,73.132,Europe,0.45,2.04,67,67
Kosovo,XKX,2005,73.437,Europe,0.3,2.04,67,67
Kosovo,XKX,2006,73.63,Europe,0.19,2.04,67,67
Kosovo,XKX,2007,74.422,Europe,0.79,2.04,67,67
Kosovo,XKX,2008,74.711,Europe,0.29,2.04,67,67
Kosovo,XKX,2009,74.79,Europe,0.08,2.04,67,67
Kosovo,XKX,2010,74.609,Europe,-0.18,2.04,67,67
Kosovo,XKX,2011,75.323,Europe,0.71,2.04,67,67
Kosovo,XKX,2012,75.75,Europe,0.43,2.04,67,67
Kosovo,XKX,2013,76.336,Europe,0.59,2.04,67,67
Kosovo,XKX,2014,76.179,Europe,-0.16,2.04,67,67
Kosovo,XKX,2015,76.024,Europe,-0.16,2.04,67,67
Kosovo,XKX,2016,76.748,Europe,0.72,2.04,67,67
Kosovo,XKX,2017,77.105,Europe,0.36,2.04,67,67
Kosovo,XKX,2018,77.117,Europe,0.01,2.04,67,67
Kosovo,XKX,2019,77.249,Europe,0.13,2.04,67,67
Kosovo,XKX,2020,74.212,Europe,-3.04,2.04,67,67
Kosovo,XKX,2021,74.981,Europe,0.77,2.04,67,67
Kosovo,XKX,2022,77.623,Europe,2.64,2.04,67,67
Kosovo,XKX,2023,78.033,Europe,0.41,2.04,67,67
Kosovo,XKX,2024,78.222,Europe,0.19,2.04,67,67
"Yemen, Rep.",YEM,1960,33.462,Asia,,1.44,156,156
"Yemen, Rep.",YEM,1961,34.058,Asia,0.6,1.44,156,156
"Yemen, Rep.",YEM,1962,33.669,Asia,-0.39,1.44,156,156
"Yemen, Rep.",YEM,1963,33.431,Asia,-0.24,1.44,156,156
"Yemen, Rep.",YEM,1964,34.907,Asia,1.48,1.44,156,156
"Yemen, Rep.",YEM,1965,35.592,Asia,0.69,1.44,156,156
"Yemen, Rep.",YEM,1966,36.264,Asia,0.67,1.44,156,156
"Yemen, Rep.",YEM,1967,37.079,Asia,0.81,1.44,156,156
"Yemen, Rep.",YEM,1968,37.99,Asia,0.91,1.44,156,156
"Yemen, Rep.",YEM,1969,39.61,Asia,1.62,1.44,156,156
"Yemen, Rep.",YEM,1970,40.573,Asia,0.96,1.44,156,156
"Yemen, Rep.",YEM,1971,41.757,Asia,1.18,1.44,156,156
"Yemen, Rep.",YEM,1972,42.688,Asia,0.93,1.44,156,156
"Yemen, Rep.",YEM,1973,43.603,Asia,0.91,1.44,156,156
"Yemen, Rep.",YEM,1974,44.541,Asia,0.94,1.44,156,156
"Yemen, Rep.",YEM,1975,45.475,Asia,0.93,1.44,156,156
"Yemen, Rep.",YEM,1976,46.441,Asia,0.97,1.44,156,156
"Yemen, Rep.",YEM,1977,47.442,Asia,1.0,1.44,156,156
"Yemen, Rep.",YEM,1978,48.484,Asia,1.04,1.44,156,156
"Yemen, Rep.",YEM,1979,49.531,Asia,1.05,1.44,156,156
"Yemen, Rep.",YEM,1980,50.608,Asia,1.08,1.44,156,156
"Yemen, Rep.",YEM,1981,51.679,Asia,1.07,1.44,156,156
"Yemen, Rep.",YEM,1982,52.367,Asia,0.69,1.44,156,156
"Yemen, Rep.",YEM,1983,53.618,Asia,1.25,1.44,156,156
"Yemen, Rep.",YEM,1984,54.586,Asia,0.97,1.44,156,156
"Yemen, Rep.",YEM,1985,55.418,Asia,0.83,1.44,156,156
"Yemen, Rep.",YEM,1986,54.002,Asia,-1.42,1.44,156,156
"Yemen, Rep.",YEM,1987,56.828,Asia,2.83,1.44,156,156
"Yemen, Rep.",YEM,1988,57.43,Asia,0.6,1.44,156,156
"Yemen, Rep.",YEM,1989,58.025,Asia,0.59,1.44,156,156
"Yemen, Rep.",YEM,1990,58.528,Asia,0.5,1.44,156,156
"Yemen, Rep.",YEM,1991,58.805,Asia,0.28,1.44,156,156
"Yemen, Rep.",YEM,1992,59.26,Asia,0.45,1.44,156,156
"Yemen, Rep.",YEM,1993,59.655,Asia,0.4,1.44,156,156
"Yemen, Rep.",YEM,1994,59.828,Asia,0.17,1.44,156,156
"Yemen, Rep.",YEM,1995,60.532,Asia,0.7,1.44,156,156
"Yemen, Rep.",YEM,1996,60.884,Asia,0.35,1.44,156,156
"Yemen, Rep.",YEM,1997,61.34,Asia,0.46,1.44,156,156
"Yemen, Rep.",YEM,1998,61.788,Asia,0.45,1.44,156,156
"Yemen, Rep.",YEM,1999,62.275,Asia,0.49,1.44,156,156
"Yemen, Rep.",YEM,2000,62.761,Asia,0.49,1.44,156,156
"Yemen, Rep.",YEM,2001,63.286,Asia,0.52,1.44,156,156
"Yemen, Rep.",YEM,2002,63.807,Asia,0.52,1.44,156,156
"Yemen, Rep.",YEM,2003,64.407,Asia,0.6,1.44,156,156
"Yemen, Rep.",YEM,2004,64.881,Asia,0.47,1.44,156,156
"Yemen, Rep.",YEM,2005,65.356,Asia,0.47,1.44,156,156
"Yemen, Rep.",YEM,2006,65.8,Asia,0.44,1.44,156,156
"Yemen, Rep.",YEM,2007,66.23,Asia,0.43,1.44,156,156
"Yemen, Rep.",YEM,2008,66.609,Asia,0.38,1.44,156,156
"Yemen, Rep.",YEM,2009,66.905,Asia,0.3,1.44,156,156
"Yemen, Rep.",YEM,2010,67.223,Asia,0.32,1.44,156,156
"Yemen, Rep.",YEM,2011,67.412,Asia,0.19,1.44,156,156
"Yemen, Rep.",YEM,2012,67.569,Asia,0.16,1.44,156,156
"Yemen, Rep.",YEM,2013,67.961,Asia,0.39,1.44,156,156
"Yemen, Rep.",YEM,2014,68.003,Asia,0.04,1.44,156,156
"Yemen, Rep.",YEM,2015,66.761,Asia,-1.24,1.44,156,156
"Yemen, Rep.",YEM,2016,67.105,Asia,0.34,1.44,156,156
"Yemen, Rep.",YEM,2017,67.12,Asia,0.02,1.44,156,156
"Yemen, Rep.",YEM,2018,65.915,Asia,-1.2,1.44,156,156
"Yemen, Rep.",YEM,2019,66.567,Asia,0.65,1.44,156,156
"Yemen, Rep.",YEM,2020,66.435,Asia,-0.13,1.44,156,156
"Yemen, Rep.",YEM,2021,66.019,Asia,-0.42,1.44,156,156
"Yemen, Rep.",YEM,2022,67.952,Asia,1.93,1.44,156,156
"Yemen, Rep.",YEM,2023,69.295,Asia,1.34,1.44,156,156
"Yemen, Rep.",YEM,2024,69.439,Asia,0.14,1.44,156,156
South Africa,ZAF,1960,52.575,Africa,,3.13,183,183
South Africa,ZAF,1961,53.067,Africa,0.49,3.13,183,183
South Africa,ZAF,1962,53.566,Africa,0.5,3.13,183,183
South Africa,ZAF,1963,53.895,Africa,0.33,3.13,183,183
South Africa,ZAF,1964,54.215,Africa,0.32,3.13,183,183
South Africa,ZAF,1965,54.427,Africa,0.21,3.13,183,183
South Africa,ZAF,1966,54.731,Africa,0.3,3.13,183,183
South Africa,ZAF,1967,54.955,Africa,0.22,3.13,183,183
South Africa,ZAF,1968,55.191,Africa,0.24,3.13,183,183
South Africa,ZAF,1969,55.44,Africa,0.25,3.13,183,183
South Africa,ZAF,1970,55.681,Africa,0.24,3.13,183,183
South Africa,ZAF,1971,56.02,Africa,0.34,3.13,183,183
South Africa,ZAF,1972,56.377,Africa,0.36,3.13,183,183
South Africa,ZAF,1973,56.72,Africa,0.34,3.13,183,183
South Africa,ZAF,1974,57.11,Africa,0.39,3.13,183,183
South Africa,ZAF,1975,57.591,Africa,0.48,3.13,183,183
South Africa,ZAF,1976,58.0,Africa,0.41,3.13,183,183
South Africa,ZAF,1977,58.48,Africa,0.48,3.13,183,183
South Africa,ZAF,1978,58.991,Africa,0.51,3.13,183,183
South Africa,ZAF,1979,59.472,Africa,0.48,3.13,183,183
South Africa,ZAF,1980,59.961,Africa,0.49,3.13,183,183
South Africa,ZAF,1981,60.445,Africa,0.48,3.13,183,183
South Africa,ZAF,1982,60.936,Africa,0.49,3.13,183,183
South Africa,ZAF,1983,61.393,Africa,0.46,3.13,183,183
South Africa,ZAF,1984,61.837,Africa,0.44,3.13,183,183
South Africa,ZAF,1985,62.195,Africa,0.36,3.13,183,183
South Africa,ZAF,1986,62.421,Africa,0.23,3.13,183,183
South Africa,ZAF,1987,62.694,Africa,0.27,3.13,183,183
South Africa,ZAF,1988,62.902,Africa,0.21,3.13,183,183
South Africa,ZAF,1989,63.017,Africa,0.12,3.13,183,183
South Africa,ZAF,1990,62.942,Africa,-0.08,3.13,183,183
South Africa,ZAF,1991,62.983,Africa,0.04,3.13,183,183
South Africa,ZAF,1992,62.839,Africa,-0.14,3.13,183,183
South Africa,ZAF,1993,62.618,Africa,-0.22,3.13,183,183
South Africa,ZAF,1994,62.069,Africa,-0.55,3.13,183,183
South Africa,ZAF,1995,61.603,Africa,-0.47,3.13,183,183
South Africa,ZAF,1996,61.079,Africa,-0.52,3.13,183,183
South Africa,ZAF,1997,60.538,Africa,-0.54,3.13,183,183
South Africa,ZAF,1998,59.912,Africa,-0.63,3.13,183,183
South Africa,ZAF,1999,59.19,Africa,-0.72,3.13,183,183
South Africa,ZAF,2000,58.368,Africa,-0.82,3.13,183,183
South Africa,ZAF,2001,57.161,Africa,-1.21,3.13,183,183
South Africa,ZAF,2002,55.58,Africa,-1.58,3.13,183,183
South Africa,ZAF,2003,54.245,Africa,-1.34,3.13,183,183
South Africa,ZAF,2004,53.963,Africa,-0.28,3.13,183,183
South Africa,ZAF,2005,53.914,Africa,-0.05,3.13,183,183
South Africa,ZAF,2006,54.22,Africa,0.31,3.13,183,183
South Africa,ZAF,2007,54.948,Africa,0.73,3.13,183,183
South Africa,ZAF,2008,55.982,Africa,1.03,3.13,183,183
South Africa,ZAF,2009,57.413,Africa,1.43,3.13,183,183
South Africa,ZAF,2010,58.886,Africa,1.47,3.13,183,183
South Africa,ZAF,2011,60.602,Africa,1.72,3.13,183,183
South Africa,ZAF,2012,61.737,Africa,1.14,3.13,183,183
South Africa,ZAF,2013,62.388,Africa,0.65,3.13,183,183
South Africa,ZAF,2014,63.184,Africa,0.8,3.13,183,183
South Africa,ZAF,2015,64.053,Africa,0.87,3.13,183,183
South Africa,ZAF,2016,64.749,Africa,0.7,3.13,183,183
South Africa,ZAF,2017,65.422,Africa,0.67,3.13,183,183
South Africa,ZAF,2018,65.726,Africa,0.3,3.13,183,183
South Africa,ZAF,2019,66.071,Africa,0.34,3.13,183,183
South Africa,ZAF,2020,65.15,Africa,-0.92,3.13,183,183
South Africa,ZAF,2021,62.01,Africa,-3.14,3.13,183,183
South Africa,ZAF,2022,65.454,Africa,3.44,3.13,183,183
South Africa,ZAF,2023,66.139,Africa,0.69,3.13,183,183
South Africa,ZAF,2024,66.312,Africa,0.17,3.13,183,183
Zambia,ZMB,1960,50.648,Africa,,6.42,181,181
Zambia,ZMB,1961,51.041,Africa,0.39,6.42,181,181
Zambia,ZMB,1962,51.331,Africa,0.29,6.42,181,181
Zambia,ZMB,1963,51.605,Africa,0.27,6.42,181,181
Zambia,ZMB,1964,51.17,Africa,-0.43,6.42,181,181
Zambia,ZMB,1965,52.079,Africa,0.91,6.42,181,181
Zambia,ZMB,1966,52.29,Africa,0.21,6.42,181,181
Zambia,ZMB,1967,52.512,Africa,0.22,6.42,181,181
Zambia,ZMB,1968,52.719,Africa,0.21,6.42,181,181
Zambia,ZMB,1969,53.044,Africa,0.32,6.42,181,181
Zambia,ZMB,1970,53.404,Africa,0.36,6.42,181,181
Zambia,ZMB,1971,53.887,Africa,0.48,6.42,181,181
Zambia,ZMB,1972,54.375,Africa,0.49,6.42,181,181
Zambia,ZMB,1973,54.913,Africa,0.54,6.42,181,181
Zambia,ZMB,1974,55.377,Africa,0.46,6.42,181,181
Zambia,ZMB,1975,55.742,Africa,0.36,6.42,181,181
Zambia,ZMB,1976,56.102,Africa,0.36,6.42,181,181
Zambia,ZMB,1977,56.281,Africa,0.18,6.42,181,181
Zambia,ZMB,1978,56.335,Africa,0.05,6.42,181,181
Zambia,ZMB,1979,56.05,Africa,-0.29,6.42,181,181
Zambia,ZMB,1980,55.496,Africa,-0.55,6.42,181,181
Zambia,ZMB,1981,54.986,Africa,-0.51,6.42,181,181
Zambia,ZMB,1982,54.361,Africa,-0.62,6.42,181,181
Zambia,ZMB,1983,53.674,Africa,-0.69,6.42,181,181
Zambia,ZMB,1984,52.877,Africa,-0.8,6.42,181,181
Zambia,ZMB,1985,52.001,Africa,-0.88,6.42,181,181
Zambia,ZMB,1986,51.149,Africa,-0.85,6.42,181,181
Zambia,ZMB,1987,50.421,Africa,-0.73,6.42,181,181
Zambia,ZMB,1988,49.674,Africa,-0.75,6.42,181,181
Zambia,ZMB,1989,48.882,Africa,-0.79,6.42,181,181
Zambia,ZMB,1990,48.204,Africa,-0.68,6.42,181,181
Zambia,ZMB,1991,47.443,Africa,-0.76,6.42,181,181
Zambia,ZMB,1992,46.968,Africa,-0.47,6.42,181,181
Zambia,ZMB,1993,46.678,Africa,-0.29,6.42,181,181
Zambia,ZMB,1994,46.344,Africa,-0.33,6.42,181,181
Zambia,ZMB,1995,46.051,Africa,-0.29,6.42,181,181
Zambia,ZMB,1996,45.757,Africa,-0.29,6.42,181,181
Zambia,ZMB,1997,45.743,Africa,-0.01,6.42,181,181
Zambia,ZMB,1998,45.709,Africa,-0.03,6.42,181,181
Zambia,ZMB,1999,45.924,Africa,0.21,6.42,181,181
Zambia,ZMB,2000,46.577,Africa,0.65,6.42,181,181
Zambia,ZMB,2001,47.408,Africa,0.83,6.42,181,181
Zambia,ZMB,2002,48.461,Africa,1.05,6.42,181,181
Zambia,ZMB,2003,49.616,Africa,1.16,6.42,181,181
Zambia,ZMB,2004,50.54,Africa,0.92,6.42,181,181
Zambia,ZMB,2005,51.615,Africa,1.08,6.42,181,181
Zambia,ZMB,2006,52.693,Africa,1.08,6.42,181,181
Zambia,ZMB,2007,53.73,Africa,1.04,6.42,181,181
Zambia,ZMB,2008,54.835,Africa,1.11,6.42,181,181
Zambia,ZMB,2009,55.886,Africa,1.05,6.42,181,181
Zambia,ZMB,2010,56.896,Africa,1.01,6.42,181,181
Zambia,ZMB,2011,57.843,Africa,0.95,6.42,181,181
Zambia,ZMB,2012,58.704,Africa,0.86,6.42,181,181
Zambia,ZMB,2013,59.445,Africa,0.74,6.42,181,181
Zambia,ZMB,2014,60.109,Africa,0.66,6.42,181,181
Zambia,ZMB,2015,60.728,Africa,0.62,6.42,181,181
Zambia,ZMB,2016,61.129,Africa,0.4,6.42,181,181
Zambia,ZMB,2017,61.564,Africa,0.44,6.42,181,181
Zambia,ZMB,2018,62.138,Africa,0.57,6.42,181,181
Zambia,ZMB,2019,62.914,Africa,0.78,6.42,181,181
Zambia,ZMB,2020,63.361,Africa,0.45,6.42,181,181
Zambia,ZMB,2021,62.363,Africa,-1.0,6.42,181,181
Zambia,ZMB,2022,65.279,Africa,2.92,6.42,181,181
Zambia,ZMB,2023,66.349,Africa,1.07,6.42,181,181
Zambia,ZMB,2024,66.528,Africa,0.18,6.42,181,181
Zimbabwe,ZWE,1960,53.492,Africa,,4.96,200,200
Zimbabwe,ZWE,1961,53.966,Africa,0.47,4.96,200,200
Zimbabwe,ZWE,1962,54.453,Africa,0.49,4.96,200,200
Zimbabwe,ZWE,1963,54.942,Africa,0.49,4.96,200,200
Zimbabwe,ZWE,1964,55.431,Africa,0.49,4.96,200,200
Zimbabwe,ZWE,1965,55.905,Africa,0.47,4.96,200,200
Zimbabwe,ZWE,1966,56.359,Africa,0.45,4.96,200,200
Zimbabwe,ZWE,1967,56.766,Africa,0.41,4.96,200,200
Zimbabwe,ZWE,1968,57.145,Africa,0.38,4.96,200,200
Zimbabwe,ZWE,1969,57.481,Africa,0.34,4.96,200,200
Zimbabwe,ZWE,1970,57.761,Africa,0.28,4.96,200,200
Zimbabwe,ZWE,1971,57.996,Africa,0.23,4.96,200,200
Zimbabwe,ZWE,1972,58.175,Africa,0.18,4.96,200,200
Zimbabwe,ZWE,1973,58.087,Africa,-0.09,4.96,200,200
Zimbabwe,ZWE,1974,58.194,Africa,0.11,4.96,200,200
Zimbabwe,ZWE,1975,58.249,Africa,0.05,4.96,200,200
Zimbabwe,ZWE,1976,57.628,Africa,-0.62,4.96,200,200
Zimbabwe,ZWE,1977,56.996,Africa,-0.63,4.96,200,200
Zimbabwe,ZWE,1978,54.73,Africa,-2.27,4.96,200,200
Zimbabwe,ZWE,1979,54.918,Africa,0.19,4.96,200,200
Zimbabwe,ZWE,1980,59.062,Africa,4.14,4.96,200,200
Zimbabwe,ZWE,1981,59.446,Africa,0.38,4.96,200,200
Zimbabwe,ZWE,1982,59.859,Africa,0.41,4.96,200,200
Zimbabwe,ZWE,1983,59.989,Africa,0.13,4.96,200,200
Zimbabwe,ZWE,1984,60.622,Africa,0.63,4.96,200,200
Zimbabwe,ZWE,1985,60.901,Africa,0.28,4.96,200,200
Zimbabwe,ZWE,1986,60.982,Africa,0.08,4.96,200,200
Zimbabwe,ZWE,1987,60.724,Africa,-0.26,4.96,200,200
Zimbabwe,ZWE,1988,60.241,Africa,-0.48,4.96,200,200
Zimbabwe,ZWE,1989,59.446,Africa,-0.8,4.96,200,200
Zimbabwe,ZWE,1990,58.319,Africa,-1.13,4.96,200,200
Zimbabwe,ZWE,1991,57.037,Africa,-1.28,4.96,200,200
Zimbabwe,ZWE,1992,55.602,Africa,-1.44,4.96,200,200
Zimbabwe,ZWE,1993,53.976,Africa,-1.63,4.96,200,200
Zimbabwe,ZWE,1994,52.537,Africa,-1.44,4.96,200,200
Zimbabwe,ZWE,1995,51.144,Africa,-1.39,4.96,200,200
Zimbabwe,ZWE,1996,48.981,Africa,-2.16,4.96,200,200
Zimbabwe,ZWE,1997,48.536,Africa,-0.45,4.96,200,200
Zimbabwe,ZWE,1998,47.551,Africa,-0.98,4.96,200,200
Zimbabwe,ZWE,1999,46.379,Africa,-1.17,4.96,200,200
Zimbabwe,ZWE,2000,46.034,Africa,-0.34,4.96,200,200
Zimbabwe,ZWE,2001,44.525,Africa,-1.51,4.96,200,200
Zimbabwe,ZWE,2002,45.938,Africa,1.41,4.96,200,200
Zimbabwe,ZWE,2003,45.373,Africa,-0.57,4.96,200,200
Zimbabwe,ZWE,2004,46.043,Africa,0.67,4.96,200,200
Zimbabwe,ZWE,2005,46.57,Africa,0.53,4.96,200,200
Zimbabwe,ZWE,2006,47.056,Africa,0.49,4.96,200,200
Zimbabwe,ZWE,2007,47.576,Africa,0.52,4.96,200,200
Zimbabwe,ZWE,2008,48.456,Africa,0.88,4.96,200,200
Zimbabwe,ZWE,2009,49.75,Africa,1.29,4.96,200,200
Zimbabwe,ZWE,2010,51.925,Africa,2.17,4.96,200,200
Zimbabwe,ZWE,2011,53.911,Africa,1.99,4.96,200,200
Zimbabwe,ZWE,2012,55.386,Africa,1.48,4.96,200,200
Zimbabwe,ZWE,2013,56.842,Africa,1.46,4.96,200,200
Zimbabwe,ZWE,2014,58.106,Africa,1.26,4.96,200,200
Zimbabwe,ZWE,2015,58.989,Africa,0.88,4.96,200,200
Zimbabwe,ZWE,2016,59.76,Africa,0.77,4.96,200,200
Zimbabwe,ZWE,2017,60.263,Africa,0.5,4.96,200,200
Zimbabwe,ZWE,2018,60.906,Africa,0.64,4.96,200,200
Zimbabwe,ZWE,2019,61.06,Africa,0.15,4.96,200,200
Zimbabwe,ZWE,2020,61.53,Africa,0.47,4.96,200,200
Zimbabwe,ZWE,2021,60.135,Africa,-1.4,4.96,200,200
Zimbabwe,ZWE,2022,62.36,Africa,2.23,4.96,200,200
Zimbabwe,ZWE,2023,62.775,Africa,0.41,4.96,200,200
Zimbabwe,ZWE,2024,63.064,Africa,0.29,4.96,200,200
